[26Sep2026 12:59:11.455] [main/INFO] [cpw.mods.modlauncher.Launcher/MODLAUNCHER]: ModLauncher running: args [--username, MonadoMaster0, --version, 1.21.1, --gameDir, /home/MonadoMaster0/.var/app/org.prismlauncher.PrismLauncher/data/PrismLauncher/instances/1.21.1/minecraft, --assetsDir, /home/MonadoMaster0/.var/app/org.prismlauncher.PrismLauncher/data/PrismLauncher/assets, --assetIndex, 17, --uuid, 3a92d3793f2647188a18f8e376ce415a, --accessToken, ❄❄❄❄❄❄❄❄, --userType, msa, --versionType, release, --fml.neoForgeVersion, 21.1.251, --fml.fmlVersion, 4.0.44, --fml.mcVersion, 1.21.1, --fml.neoFormVersion, 20240808.144430, --launchTarget, forgeclient, --width, 854, --height, 480]
[26Sep2026 12:59:11.457] [main/INFO] [cpw.mods.modlauncher.Launcher/MODLAUNCHER]: JVM identified as Microsoft OpenJDK 64-Bit Server VM 21.0.7+6-LTS
[26Sep2026 12:59:11.458] [main/INFO] [cpw.mods.modlauncher.Launcher/MODLAUNCHER]: ModLauncher 11.0.5+main.901c6ea8 starting: java version 21.0.7 by Microsoft; OS Linux arch amd64 version 7.2.7-200.fc44.x86_64
[26Sep2026 12:59:11.572] [main/INFO] [Sodium-GraphicsAdapterProbe/]: Searching for graphics cards...
[26Sep2026 12:59:11.634] [main/INFO] [Sodium-GraphicsAdapterProbe/]: Found graphics adapter: LinuxPciAdapterInfo[vendor=AMD, name=Navi 44 [Radeon RX 9060 XT], pciVendorId=0x1002, pciDeviceId=0x7590]
[26Sep2026 12:59:11.634] [main/INFO] [Sodium-GraphicsAdapterProbe/]: Found graphics adapter: LinuxPciAdapterInfo[vendor=AMD, name=Raphael, pciVendorId=0x1002, pciDeviceId=0x164e]
[26Sep2026 12:59:11.635] [main/WARN] [Sodium-Workarounds/]: Sodium has applied one or more workarounds to prevent crashes or other issues on your system: [NO_ERROR_CONTEXT_UNSUPPORTED]
[26Sep2026 12:59:11.636] [main/WARN] [Sodium-Workarounds/]: This is not necessarily an issue, but it may result in certain features or optimizations being disabled. You can sometimes fix these issues by upgrading your graphics driver.
[26Sep2026 12:59:11.636] [main/INFO] [net.neoforged.fml.loading.ImmediateWindowHandler/]: Loading ImmediateWindowProvider fmlearlywindow
[26Sep2026 12:59:11.699] [main/INFO] [EARLYDISPLAY/]: Trying GL version 4.6
[26Sep2026 12:59:11.765] [main/INFO] [EARLYDISPLAY/]: Requested GL version 4.6 got version 4.6
[26Sep2026 12:59:11.835] [main/INFO] [mixin/]: SpongePowered MIXIN Subsystem Version=0.8.7 Source=union:/home/MonadoMaster0/.var/app/org.prismlauncher.PrismLauncher/data/PrismLauncher/libraries/net/fabricmc/sponge-mixin/0.15.2+mixin.0.8.7/sponge-mixin-0.15.2+mixin.0.8.7.jar%23163!/ Service=ModLauncher Env=CLIENT
[26Sep2026 12:59:11.922] [pool-2-thread-1/INFO] [EARLYDISPLAY/]: GL info: AMD Ryzen 5 7500X3D 6-Core Processor (radeonsi, raphael_mendocino, ACO, DRM 3.64, 7.2.7-200.fc44.x86_64) GL version 4.6 (Core Profile) Mesa 26.2.2 (git-3281a69a8b), AMD
[26Sep2026 12:59:12.025] [main/INFO] [net.neoforged.fml.loading.moddiscovery.ModDiscoverer/SCAN]: Found mod file "client-1.21.1-20240808.144430-srg.jar" [locator: production client provider +net.neoforged:neoforge:21.1.251:client]
[26Sep2026 12:59:12.039] [main/INFO] [net.neoforged.fml.loading.moddiscovery.ModDiscoverer/SCAN]: Found mod file "neoforge-21.1.251-universal.jar" [locator: PathBasedLocator[name=neoforge, paths=[/home/MonadoMaster0/.var/app/org.prismlauncher.PrismLauncher/data/PrismLauncher/libraries/net/neoforged/neoforge/21.1.251/neoforge-21.1.251-universal.jar]], reader: mod manifest]
[26Sep2026 12:59:12.060] [main/INFO] [net.neoforged.fml.loading.moddiscovery.ModDiscoverer/SCAN]: Found mod file "net.caffeinemc.sodium-neoforge-0.8.13+mc1.21.1-mod.jar" [locator: net.caffeinemc.mods.sodium.service.SodiumServiceModLocator@70e02081, reader: mod manifest]
[26Sep2026 12:59:12.063] [main/INFO] [net.neoforged.fml.loading.moddiscovery.ModDiscoverer/SCAN]: Found mod file "fabric-rendering-data-attachment-v1-0.3.48+73761d2e19.jar" [locator: net.caffeinemc.mods.sodium.service.SodiumServiceModLocator@70e02081, reader: mod manifest]
[26Sep2026 12:59:12.066] [main/INFO] [net.neoforged.fml.loading.moddiscovery.ModDiscoverer/SCAN]: Found mod file "fabric-renderer-api-v1-3.4.1+9125b6dc19.jar" [locator: net.caffeinemc.mods.sodium.service.SodiumServiceModLocator@70e02081, reader: mod manifest]
[26Sep2026 12:59:12.068] [main/INFO] [net.neoforged.fml.loading.moddiscovery.ModDiscoverer/SCAN]: Found mod file "fabric-block-view-api-v2-1.0.10+9afaaf8c19.jar" [locator: net.caffeinemc.mods.sodium.service.SodiumServiceModLocator@70e02081, reader: mod manifest]
[26Sep2026 12:59:12.069] [main/INFO] [net.neoforged.fml.loading.moddiscovery.ModDiscoverer/SCAN]: Found mod file "fabric-api-base-0.4.42+d1308ded19.jar" [locator: net.caffeinemc.mods.sodium.service.SodiumServiceModLocator@70e02081, reader: mod manifest]
[26Sep2026 12:59:12.071] [main/INFO] [net.neoforged.fml.loading.moddiscovery.ModDiscoverer/SCAN]: Found library file "~nonexistent" [locator: org.sinytra.connector.locator.ConnectorEarlyLocatorBootstrap@cb0f763]
[26Sep2026 12:59:12.074] [main/INFO] [net.neoforged.fml.loading.moddiscovery.ModDiscoverer/SCAN]: Found mod file "antique-atlas-3.1.2+1.21.jar" [locator: {mods folder locator at /home/MonadoMaster0/.var/app/org.prismlauncher.PrismLauncher/data/PrismLauncher/instances/1.21.1/minecraft/mods}, reader: mod manifest]
[26Sep2026 12:59:12.076] [main/INFO] [net.neoforged.fml.loading.moddiscovery.ModDiscoverer/SCAN]: Found mod file "ApothicAttributes-1.21.1-2.10.1.jar" [locator: {mods folder locator at /home/MonadoMaster0/.var/app/org.prismlauncher.PrismLauncher/data/PrismLauncher/instances/1.21.1/minecraft/mods}, reader: mod manifest]
[26Sep2026 12:59:12.078] [main/INFO] [net.neoforged.fml.loading.moddiscovery.ModDiscoverer/SCAN]: Found mod file "ApothicEnchanting-1.21.1-1.6.2.jar" [locator: {mods folder locator at /home/MonadoMaster0/.var/app/org.prismlauncher.PrismLauncher/data/PrismLauncher/instances/1.21.1/minecraft/mods}, reader: mod manifest]
[26Sep2026 12:59:12.079] [main/INFO] [net.neoforged.fml.loading.moddiscovery.ModDiscoverer/SCAN]: Found mod file "appleskin-neoforge-mc1.21-3.0.9.jar" [locator: {mods folder locator at /home/MonadoMaster0/.var/app/org.prismlauncher.PrismLauncher/data/PrismLauncher/instances/1.21.1/minecraft/mods}, reader: mod manifest]
[26Sep2026 12:59:12.080] [main/INFO] [net.neoforged.fml.loading.moddiscovery.ModDiscoverer/SCAN]: Found mod file "aquamirae-neoforge-1.21.1-7.2.10.jar" [locator: {mods folder locator at /home/MonadoMaster0/.var/app/org.prismlauncher.PrismLauncher/data/PrismLauncher/instances/1.21.1/minecraft/mods}, reader: mod manifest]
[26Sep2026 12:59:12.082] [main/INFO] [net.neoforged.fml.loading.moddiscovery.ModDiscoverer/SCAN]: Found mod file "architectury-13.0.11-neoforge.jar" [locator: {mods folder locator at /home/MonadoMaster0/.var/app/org.prismlauncher.PrismLauncher/data/PrismLauncher/instances/1.21.1/minecraft/mods}, reader: mod manifest]
[26Sep2026 12:59:12.083] [main/INFO] [net.neoforged.fml.loading.moddiscovery.ModDiscoverer/SCAN]: Found mod file "balm-neoforge-1.21.1-21.0.65.jar" [locator: {mods folder locator at /home/MonadoMaster0/.var/app/org.prismlauncher.PrismLauncher/data/PrismLauncher/instances/1.21.1/minecraft/mods}, reader: mod manifest]
[26Sep2026 12:59:12.084] [main/INFO] [net.neoforged.fml.loading.moddiscovery.ModDiscoverer/SCAN]: Found mod file "better-advanced-tooltips-2101.1.0-build.5.jar" [locator: {mods folder locator at /home/MonadoMaster0/.var/app/org.prismlauncher.PrismLauncher/data/PrismLauncher/instances/1.21.1/minecraft/mods}, reader: mod manifest]
[26Sep2026 12:59:12.086] [main/INFO] [net.neoforged.fml.loading.moddiscovery.ModDiscoverer/SCAN]: Found mod file "BetterAdvancements-NeoForge-1.21.1-0.4.3.21.jar" [locator: {mods folder locator at /home/MonadoMaster0/.var/app/org.prismlauncher.PrismLauncher/data/PrismLauncher/instances/1.21.1/minecraft/mods}, reader: mod manifest]
[26Sep2026 12:59:12.088] [main/INFO] [net.neoforged.fml.loading.moddiscovery.ModDiscoverer/SCAN]: Found mod file "bluemap-5.7-neoforge.jar" [locator: {mods folder locator at /home/MonadoMaster0/.var/app/org.prismlauncher.PrismLauncher/data/PrismLauncher/instances/1.21.1/minecraft/mods}, reader: mod manifest]
[26Sep2026 12:59:12.090] [main/INFO] [net.neoforged.fml.loading.moddiscovery.ModDiscoverer/SCAN]: Found mod file "bookshelf-neoforge-1.21.1-21.1.81.jar" [locator: {mods folder locator at /home/MonadoMaster0/.var/app/org.prismlauncher.PrismLauncher/data/PrismLauncher/instances/1.21.1/minecraft/mods}, reader: mod manifest]
[26Sep2026 12:59:12.091] [main/INFO] [net.neoforged.fml.loading.moddiscovery.ModDiscoverer/SCAN]: Found mod file "Chunky-NeoForge-1.4.23.jar" [locator: {mods folder locator at /home/MonadoMaster0/.var/app/org.prismlauncher.PrismLauncher/data/PrismLauncher/instances/1.21.1/minecraft/mods}, reader: mod manifest]
[26Sep2026 12:59:12.092] [main/INFO] [net.neoforged.fml.loading.moddiscovery.ModDiscoverer/SCAN]: Found mod file "cloth-config-15.0.140-neoforge.jar" [locator: {mods folder locator at /home/MonadoMaster0/.var/app/org.prismlauncher.PrismLauncher/data/PrismLauncher/instances/1.21.1/minecraft/mods}, reader: mod manifest]
[26Sep2026 12:59:12.093] [main/INFO] [net.neoforged.fml.loading.moddiscovery.ModDiscoverer/SCAN]: Found mod file "Clumps-neoforge-1.21.1-19.0.0.1.jar" [locator: {mods folder locator at /home/MonadoMaster0/.var/app/org.prismlauncher.PrismLauncher/data/PrismLauncher/instances/1.21.1/minecraft/mods}, reader: mod manifest]
[26Sep2026 12:59:12.094] [main/INFO] [net.neoforged.fml.loading.moddiscovery.ModDiscoverer/SCAN]: Found library file "ConfiguredDefaults-v21.1.3-1.21.1-NeoForge.jar" [locator: {mods folder locator at /home/MonadoMaster0/.var/app/org.prismlauncher.PrismLauncher/data/PrismLauncher/instances/1.21.1/minecraft/mods}, reader: mod manifest]
[26Sep2026 12:59:12.095] [main/INFO] [net.neoforged.fml.loading.moddiscovery.ModDiscoverer/SCAN]: Found mod file "Controlling-neoforge-1.21.1-19.0.5.jar" [locator: {mods folder locator at /home/MonadoMaster0/.var/app/org.prismlauncher.PrismLauncher/data/PrismLauncher/instances/1.21.1/minecraft/mods}, reader: mod manifest]
[26Sep2026 12:59:12.097] [main/INFO] [net.neoforged.fml.loading.moddiscovery.ModDiscoverer/SCAN]: Found mod file "copycats-3.0.9+mc.1.21.1-neoforge.jar" [locator: {mods folder locator at /home/MonadoMaster0/.var/app/org.prismlauncher.PrismLauncher/data/PrismLauncher/instances/1.21.1/minecraft/mods}, reader: mod manifest]
[26Sep2026 12:59:12.098] [main/INFO] [net.neoforged.fml.loading.moddiscovery.ModDiscoverer/SCAN]: Found mod file "craftrecall-1.0.0.jar" [locator: {mods folder locator at /home/MonadoMaster0/.var/app/org.prismlauncher.PrismLauncher/data/PrismLauncher/instances/1.21.1/minecraft/mods}, reader: mod manifest]
[26Sep2026 12:59:12.103] [main/INFO] [net.neoforged.fml.loading.moddiscovery.ModDiscoverer/SCAN]: Found mod file "create-1.21.1-6.0.10.jar" [locator: {mods folder locator at /home/MonadoMaster0/.var/app/org.prismlauncher.PrismLauncher/data/PrismLauncher/instances/1.21.1/minecraft/mods}, reader: mod manifest]
[26Sep2026 12:59:12.104] [main/INFO] [net.neoforged.fml.loading.moddiscovery.ModDiscoverer/SCAN]: Found mod file "create-aeronautics-bundled-1.21.1-1.3.2.jar" [locator: {mods folder locator at /home/MonadoMaster0/.var/app/org.prismlauncher.PrismLauncher/data/PrismLauncher/instances/1.21.1/minecraft/mods}, reader: mod manifest]
[26Sep2026 12:59:12.107] [main/INFO] [net.neoforged.fml.loading.moddiscovery.ModDiscoverer/SCAN]: Found mod file "create-enchantment-industry-2.5.4.jar" [locator: {mods folder locator at /home/MonadoMaster0/.var/app/org.prismlauncher.PrismLauncher/data/PrismLauncher/instances/1.21.1/minecraft/mods}, reader: mod manifest]
[26Sep2026 12:59:12.109] [main/INFO] [net.neoforged.fml.loading.moddiscovery.ModDiscoverer/SCAN]: Found mod file "create_connected-1.3.3-mc1.21.1.jar" [locator: {mods folder locator at /home/MonadoMaster0/.var/app/org.prismlauncher.PrismLauncher/data/PrismLauncher/instances/1.21.1/minecraft/mods}, reader: mod manifest]
[26Sep2026 12:59:12.110] [main/INFO] [net.neoforged.fml.loading.moddiscovery.ModDiscoverer/SCAN]: Found mod file "create_submarine-2.2.4.jar" [locator: {mods folder locator at /home/MonadoMaster0/.var/app/org.prismlauncher.PrismLauncher/data/PrismLauncher/instances/1.21.1/minecraft/mods}, reader: mod manifest]
[26Sep2026 12:59:12.112] [main/INFO] [net.neoforged.fml.loading.moddiscovery.ModDiscoverer/SCAN]: Found mod file "createaddition-1.7.1.jar" [locator: {mods folder locator at /home/MonadoMaster0/.var/app/org.prismlauncher.PrismLauncher/data/PrismLauncher/instances/1.21.1/minecraft/mods}, reader: mod manifest]
[26Sep2026 12:59:12.114] [main/INFO] [net.neoforged.fml.loading.moddiscovery.ModDiscoverer/SCAN]: Found mod file "CreateDragonsPlus-1.11.9.jar" [locator: {mods folder locator at /home/MonadoMaster0/.var/app/org.prismlauncher.PrismLauncher/data/PrismLauncher/instances/1.21.1/minecraft/mods}, reader: mod manifest]
[26Sep2026 12:59:12.115] [main/INFO] [net.neoforged.fml.loading.moddiscovery.ModDiscoverer/SCAN]: Found mod file "createjeicompat-1.0.3.jar" [locator: {mods folder locator at /home/MonadoMaster0/.var/app/org.prismlauncher.PrismLauncher/data/PrismLauncher/instances/1.21.1/minecraft/mods}, reader: mod manifest]
[26Sep2026 12:59:12.116] [main/INFO] [net.neoforged.fml.loading.moddiscovery.ModDiscoverer/SCAN]: Found mod file "curios-neoforge-9.5.1+1.21.1.jar" [locator: {mods folder locator at /home/MonadoMaster0/.var/app/org.prismlauncher.PrismLauncher/data/PrismLauncher/instances/1.21.1/minecraft/mods}, reader: mod manifest]
[26Sep2026 12:59:12.117] [main/INFO] [net.neoforged.fml.loading.moddiscovery.ModDiscoverer/SCAN]: Found mod file "deathknell-neoforge-1.21.1-21.1.2.jar" [locator: {mods folder locator at /home/MonadoMaster0/.var/app/org.prismlauncher.PrismLauncher/data/PrismLauncher/instances/1.21.1/minecraft/mods}, reader: mod manifest]
[26Sep2026 12:59:12.119] [main/INFO] [net.neoforged.fml.loading.moddiscovery.ModDiscoverer/SCAN]: Found mod file "forgified-fabric-api-0.116.15+2.3.5+1.21.1.jar" [locator: {mods folder locator at /home/MonadoMaster0/.var/app/org.prismlauncher.PrismLauncher/data/PrismLauncher/instances/1.21.1/minecraft/mods}, reader: mod manifest]
[26Sep2026 12:59:12.120] [main/INFO] [net.neoforged.fml.loading.moddiscovery.ModDiscoverer/SCAN]: Found mod file "fragmentum-5.0.0+1.21.1-neoforge.jar" [locator: {mods folder locator at /home/MonadoMaster0/.var/app/org.prismlauncher.PrismLauncher/data/PrismLauncher/instances/1.21.1/minecraft/mods}, reader: mod manifest]
[26Sep2026 12:59:12.121] [main/INFO] [net.neoforged.fml.loading.moddiscovery.ModDiscoverer/SCAN]: Found mod file "geckolib-neoforge-1.21.1-4.9.3.jar" [locator: {mods folder locator at /home/MonadoMaster0/.var/app/org.prismlauncher.PrismLauncher/data/PrismLauncher/instances/1.21.1/minecraft/mods}, reader: mod manifest]
[26Sep2026 12:59:12.122] [main/INFO] [net.neoforged.fml.loading.moddiscovery.ModDiscoverer/SCAN]: Found mod file "inventorio-mc1.21.1-neoforge-v1.11.0.jar" [locator: {mods folder locator at /home/MonadoMaster0/.var/app/org.prismlauncher.PrismLauncher/data/PrismLauncher/instances/1.21.1/minecraft/mods}, reader: mod manifest]
[26Sep2026 12:59:12.123] [main/INFO] [net.neoforged.fml.loading.moddiscovery.ModDiscoverer/SCAN]: Found mod file "inventoryessentials-neoforge-1.21.1-21.1.18.jar" [locator: {mods folder locator at /home/MonadoMaster0/.var/app/org.prismlauncher.PrismLauncher/data/PrismLauncher/instances/1.21.1/minecraft/mods}, reader: mod manifest]
[26Sep2026 12:59:12.124] [main/INFO] [net.neoforged.fml.loading.moddiscovery.ModDiscoverer/SCAN]: Found mod file "Jade-1.21.1-NeoForge-15.10.6.jar" [locator: {mods folder locator at /home/MonadoMaster0/.var/app/org.prismlauncher.PrismLauncher/data/PrismLauncher/instances/1.21.1/minecraft/mods}, reader: mod manifest]
[26Sep2026 12:59:12.124] [main/INFO] [net.neoforged.fml.loading.moddiscovery.ModDiscoverer/SCAN]: Found mod file "JadeAddons-1.21.1-NeoForge-6.1.1.jar" [locator: {mods folder locator at /home/MonadoMaster0/.var/app/org.prismlauncher.PrismLauncher/data/PrismLauncher/instances/1.21.1/minecraft/mods}, reader: mod manifest]
[26Sep2026 12:59:12.126] [main/INFO] [net.neoforged.fml.loading.moddiscovery.ModDiscoverer/SCAN]: Found mod file "jei-1.21.1-neoforge-19.57.0.448.jar" [locator: {mods folder locator at /home/MonadoMaster0/.var/app/org.prismlauncher.PrismLauncher/data/PrismLauncher/instances/1.21.1/minecraft/mods}, reader: mod manifest]
[26Sep2026 12:59:12.127] [main/INFO] [net.neoforged.fml.loading.moddiscovery.ModDiscoverer/SCAN]: Found library file "kotlinforforge-5.12.0-all.jar" [locator: {mods folder locator at /home/MonadoMaster0/.var/app/org.prismlauncher.PrismLauncher/data/PrismLauncher/instances/1.21.1/minecraft/mods}, reader: mod manifest]
[26Sep2026 12:59:12.127] [main/INFO] [net.neoforged.fml.loading.moddiscovery.ModDiscoverer/SCAN]: Found mod file "kubejs-create-neoforge-2101.3.1-build.18.jar" [locator: {mods folder locator at /home/MonadoMaster0/.var/app/org.prismlauncher.PrismLauncher/data/PrismLauncher/instances/1.21.1/minecraft/mods}, reader: mod manifest]
[26Sep2026 12:59:12.129] [main/INFO] [net.neoforged.fml.loading.moddiscovery.ModDiscoverer/SCAN]: Found mod file "kubejs-neoforge-2101.7.2-build.377.jar" [locator: {mods folder locator at /home/MonadoMaster0/.var/app/org.prismlauncher.PrismLauncher/data/PrismLauncher/instances/1.21.1/minecraft/mods}, reader: mod manifest]
[26Sep2026 12:59:12.130] [main/INFO] [net.neoforged.fml.loading.moddiscovery.ModDiscoverer/SCAN]: Found mod file "libIPN-neoforge-1.21.1-6.6.3.jar" [locator: {mods folder locator at /home/MonadoMaster0/.var/app/org.prismlauncher.PrismLauncher/data/PrismLauncher/instances/1.21.1/minecraft/mods}, reader: mod manifest]
[26Sep2026 12:59:12.131] [main/INFO] [net.neoforged.fml.loading.moddiscovery.ModDiscoverer/SCAN]: Found mod file "lithium-neoforge-0.15.4+mc1.21.1.jar" [locator: {mods folder locator at /home/MonadoMaster0/.var/app/org.prismlauncher.PrismLauncher/data/PrismLauncher/instances/1.21.1/minecraft/mods}, reader: mod manifest]
[26Sep2026 12:59:12.132] [main/INFO] [net.neoforged.fml.loading.moddiscovery.ModDiscoverer/SCAN]: Found mod file "lithostitched-1.8.0-neoforge-21.1.jar" [locator: {mods folder locator at /home/MonadoMaster0/.var/app/org.prismlauncher.PrismLauncher/data/PrismLauncher/instances/1.21.1/minecraft/mods}, reader: mod manifest]
[26Sep2026 12:59:12.133] [main/INFO] [net.neoforged.fml.loading.moddiscovery.ModDiscoverer/SCAN]: Found mod file "lodestone-1.21.1-1.8.2.jar" [locator: {mods folder locator at /home/MonadoMaster0/.var/app/org.prismlauncher.PrismLauncher/data/PrismLauncher/instances/1.21.1/minecraft/mods}, reader: mod manifest]
[26Sep2026 12:59:12.137] [main/INFO] [net.neoforged.fml.loading.moddiscovery.ModDiscoverer/SCAN]: Found mod file "malum-1.21.1-1.8.2.jar" [locator: {mods folder locator at /home/MonadoMaster0/.var/app/org.prismlauncher.PrismLauncher/data/PrismLauncher/instances/1.21.1/minecraft/mods}, reader: mod manifest]
[26Sep2026 12:59:12.137] [main/INFO] [net.neoforged.fml.loading.moddiscovery.ModDiscoverer/SCAN]: Found mod file "mcqoy-0.4.1+neo-1.21.jar" [locator: {mods folder locator at /home/MonadoMaster0/.var/app/org.prismlauncher.PrismLauncher/data/PrismLauncher/instances/1.21.1/minecraft/mods}, reader: mod manifest]
[26Sep2026 12:59:12.138] [main/INFO] [net.neoforged.fml.loading.moddiscovery.ModDiscoverer/SCAN]: Found mod file "mezz_config-1.21.1-neoforge-0.6.3.jar" [locator: {mods folder locator at /home/MonadoMaster0/.var/app/org.prismlauncher.PrismLauncher/data/PrismLauncher/instances/1.21.1/minecraft/mods}, reader: mod manifest]
[26Sep2026 12:59:12.139] [main/INFO] [net.neoforged.fml.loading.moddiscovery.ModDiscoverer/SCAN]: Found mod file "mezz_config_gui-1.21.1-neoforge-mc1.21.1-0.5.3.jar" [locator: {mods folder locator at /home/MonadoMaster0/.var/app/org.prismlauncher.PrismLauncher/data/PrismLauncher/instances/1.21.1/minecraft/mods}, reader: mod manifest]
[26Sep2026 12:59:12.140] [main/INFO] [net.neoforged.fml.loading.moddiscovery.ModDiscoverer/SCAN]: Found mod file "MouseTweaks-neoforge-mc1.21-2.26.1.jar" [locator: {mods folder locator at /home/MonadoMaster0/.var/app/org.prismlauncher.PrismLauncher/data/PrismLauncher/instances/1.21.1/minecraft/mods}, reader: mod manifest]
[26Sep2026 12:59:12.141] [main/INFO] [net.neoforged.fml.loading.moddiscovery.ModDiscoverer/SCAN]: Found mod file "owo-lib-neoforge-0.12.15.5-beta.1+1.21.jar" [locator: {mods folder locator at /home/MonadoMaster0/.var/app/org.prismlauncher.PrismLauncher/data/PrismLauncher/instances/1.21.1/minecraft/mods}, reader: mod manifest]
[26Sep2026 12:59:12.142] [main/INFO] [net.neoforged.fml.loading.moddiscovery.ModDiscoverer/SCAN]: Found mod file "Patchouli-1.21.1-93-NEOFORGE.jar" [locator: {mods folder locator at /home/MonadoMaster0/.var/app/org.prismlauncher.PrismLauncher/data/PrismLauncher/instances/1.21.1/minecraft/mods}, reader: mod manifest]
[26Sep2026 12:59:12.143] [main/INFO] [net.neoforged.fml.loading.moddiscovery.ModDiscoverer/SCAN]: Found mod file "Placebo-1.21.1-9.9.2.jar" [locator: {mods folder locator at /home/MonadoMaster0/.var/app/org.prismlauncher.PrismLauncher/data/PrismLauncher/instances/1.21.1/minecraft/mods}, reader: mod manifest]
[26Sep2026 12:59:12.144] [main/INFO] [net.neoforged.fml.loading.moddiscovery.ModDiscoverer/SCAN]: Found mod file "prickle-neoforge-1.21.1-21.1.11.jar" [locator: {mods folder locator at /home/MonadoMaster0/.var/app/org.prismlauncher.PrismLauncher/data/PrismLauncher/instances/1.21.1/minecraft/mods}, reader: mod manifest]
[26Sep2026 12:59:12.144] [main/INFO] [net.neoforged.fml.loading.moddiscovery.ModDiscoverer/SCAN]: Found mod file "ProbeJS-8.0.3.jar" [locator: {mods folder locator at /home/MonadoMaster0/.var/app/org.prismlauncher.PrismLauncher/data/PrismLauncher/instances/1.21.1/minecraft/mods}, reader: mod manifest]
[26Sep2026 12:59:12.145] [main/INFO] [net.neoforged.fml.loading.moddiscovery.ModDiscoverer/SCAN]: Found mod file "rhino-2101.2.8-build.91.jar" [locator: {mods folder locator at /home/MonadoMaster0/.var/app/org.prismlauncher.PrismLauncher/data/PrismLauncher/instances/1.21.1/minecraft/mods}, reader: mod manifest]
[26Sep2026 12:59:12.155] [main/INFO] [net.neoforged.fml.loading.moddiscovery.ModDiscoverer/SCAN]: Found mod file "sable-neoforge-1.21.1-2.0.5.jar" [locator: {mods folder locator at /home/MonadoMaster0/.var/app/org.prismlauncher.PrismLauncher/data/PrismLauncher/instances/1.21.1/minecraft/mods}, reader: mod manifest]
[26Sep2026 12:59:12.155] [main/INFO] [net.neoforged.fml.loading.moddiscovery.ModDiscoverer/SCAN]: Found mod file "Searchables-neoforge-1.21.1-1.0.2.jar" [locator: {mods folder locator at /home/MonadoMaster0/.var/app/org.prismlauncher.PrismLauncher/data/PrismLauncher/instances/1.21.1/minecraft/mods}, reader: mod manifest]
[26Sep2026 12:59:12.157] [main/INFO] [net.neoforged.fml.loading.moddiscovery.ModDiscoverer/SCAN]: Found mod file "sophisticated_jei_index-1.2.3+1.21.1.jar" [locator: {mods folder locator at /home/MonadoMaster0/.var/app/org.prismlauncher.PrismLauncher/data/PrismLauncher/instances/1.21.1/minecraft/mods}, reader: mod manifest]
[26Sep2026 12:59:12.158] [main/INFO] [net.neoforged.fml.loading.moddiscovery.ModDiscoverer/SCAN]: Found mod file "sophisticatedbackpacks-1.21.1-3.26.3.2158.jar" [locator: {mods folder locator at /home/MonadoMaster0/.var/app/org.prismlauncher.PrismLauncher/data/PrismLauncher/instances/1.21.1/minecraft/mods}, reader: mod manifest]
[26Sep2026 12:59:12.159] [main/INFO] [net.neoforged.fml.loading.moddiscovery.ModDiscoverer/SCAN]: Found mod file "sophisticatedcore-1.21.1-1.5.1.2341.jar" [locator: {mods folder locator at /home/MonadoMaster0/.var/app/org.prismlauncher.PrismLauncher/data/PrismLauncher/instances/1.21.1/minecraft/mods}, reader: mod manifest]
[26Sep2026 12:59:12.160] [main/INFO] [net.neoforged.fml.loading.moddiscovery.ModDiscoverer/SCAN]: Found mod file "sophisticatedstorage-1.21.1-1.5.91.2127.jar" [locator: {mods folder locator at /home/MonadoMaster0/.var/app/org.prismlauncher.PrismLauncher/data/PrismLauncher/instances/1.21.1/minecraft/mods}, reader: mod manifest]
[26Sep2026 12:59:12.161] [main/INFO] [net.neoforged.fml.loading.moddiscovery.ModDiscoverer/SCAN]: Found mod file "surveyor-1.1.2+1.21.jar" [locator: {mods folder locator at /home/MonadoMaster0/.var/app/org.prismlauncher.PrismLauncher/data/PrismLauncher/instances/1.21.1/minecraft/mods}, reader: mod manifest]
[26Sep2026 12:59:12.162] [main/INFO] [net.neoforged.fml.loading.moddiscovery.ModDiscoverer/SCAN]: Found mod file "tctcore-2.3-neoforge-1.21.1.jar" [locator: {mods folder locator at /home/MonadoMaster0/.var/app/org.prismlauncher.PrismLauncher/data/PrismLauncher/instances/1.21.1/minecraft/mods}, reader: mod manifest]
[26Sep2026 12:59:12.163] [main/INFO] [net.neoforged.fml.loading.moddiscovery.ModDiscoverer/SCAN]: Found mod file "tectonic-3.0.28-neoforge-21.1.jar" [locator: {mods folder locator at /home/MonadoMaster0/.var/app/org.prismlauncher.PrismLauncher/data/PrismLauncher/instances/1.21.1/minecraft/mods}, reader: mod manifest]
[26Sep2026 12:59:12.164] [main/INFO] [net.neoforged.fml.loading.moddiscovery.ModDiscoverer/SCAN]: Found mod file "toms_storage-1.21-2.4.2.jar" [locator: {mods folder locator at /home/MonadoMaster0/.var/app/org.prismlauncher.PrismLauncher/data/PrismLauncher/instances/1.21.1/minecraft/mods}, reader: mod manifest]
[26Sep2026 12:59:12.165] [main/INFO] [net.neoforged.fml.loading.moddiscovery.ModDiscoverer/SCAN]: Found mod file "underwater_village-1.0.2-neoforge-1.21.1.jar" [locator: {mods folder locator at /home/MonadoMaster0/.var/app/org.prismlauncher.PrismLauncher/data/PrismLauncher/instances/1.21.1/minecraft/mods}, reader: mod manifest]
[26Sep2026 12:59:12.166] [main/INFO] [net.neoforged.fml.loading.moddiscovery.ModDiscoverer/SCAN]: Found mod file "xaerominimap-neoforge-1.21.1-26.5.0.jar" [locator: {mods folder locator at /home/MonadoMaster0/.var/app/org.prismlauncher.PrismLauncher/data/PrismLauncher/instances/1.21.1/minecraft/mods}, reader: mod manifest]
[26Sep2026 12:59:12.167] [main/INFO] [net.neoforged.fml.loading.moddiscovery.ModDiscoverer/SCAN]: Found mod file "xaeroworldmap-neoforge-1.21.1-1.46.0.jar" [locator: {mods folder locator at /home/MonadoMaster0/.var/app/org.prismlauncher.PrismLauncher/data/PrismLauncher/instances/1.21.1/minecraft/mods}, reader: mod manifest]
[26Sep2026 12:59:12.168] [main/INFO] [net.neoforged.fml.loading.moddiscovery.ModDiscoverer/SCAN]: Found mod file "yarrp-mc1.21.1-neoforge-v0.2.0.jar" [locator: {mods folder locator at /home/MonadoMaster0/.var/app/org.prismlauncher.PrismLauncher/data/PrismLauncher/instances/1.21.1/minecraft/mods}, reader: mod manifest]
[26Sep2026 12:59:12.169] [main/INFO] [net.neoforged.fml.loading.moddiscovery.ModDiscoverer/SCAN]: Found mod file "yet_another_config_lib_v3-3.7.0+1.21.1-neoforge.jar" [locator: {mods folder locator at /home/MonadoMaster0/.var/app/org.prismlauncher.PrismLauncher/data/PrismLauncher/instances/1.21.1/minecraft/mods}, reader: mod manifest]
[26Sep2026 12:59:12.170] [main/INFO] [net.neoforged.fml.loading.moddiscovery.ModDiscoverer/SCAN]: Found mod file "youre-in-grave-danger-neoforge-2.0.13.jar" [locator: {mods folder locator at /home/MonadoMaster0/.var/app/org.prismlauncher.PrismLauncher/data/PrismLauncher/instances/1.21.1/minecraft/mods}, reader: mod manifest]
[26Sep2026 12:59:12.931] [main/WARN] [net.neoforged.jarjar.selection.JarSelector/]: Attempted to select two dependency jars from JarJar which have the same identification: Nested Mod File  in Mod File: /home/MonadoMaster0/.var/app/org.prismlauncher.PrismLauncher/data/PrismLauncher/instances/1.21.1/minecraft/mods/kotlinforforge-5.12.0-all.jar and Nested Mod File  in Nested Mod File  in Mod File: /home/MonadoMaster0/.var/app/org.prismlauncher.PrismLauncher/data/PrismLauncher/instances/1.21.1/minecraft/mods/fragmentum-5.0.0+1.21.1-neoforge.jar. Using Nested Mod File  in Mod File: /home/MonadoMaster0/.var/app/org.prismlauncher.PrismLauncher/data/PrismLauncher/instances/1.21.1/minecraft/mods/kotlinforforge-5.12.0-all.jar
[26Sep2026 12:59:12.931] [main/WARN] [net.neoforged.jarjar.selection.JarSelector/]: Attempted to select two dependency jars from JarJar which have the same identification: Nested Mod File  in Mod File: /home/MonadoMaster0/.var/app/org.prismlauncher.PrismLauncher/data/PrismLauncher/instances/1.21.1/minecraft/mods/kotlinforforge-5.12.0-all.jar and Nested Mod File  in Nested Mod File  in Mod File: /home/MonadoMaster0/.var/app/org.prismlauncher.PrismLauncher/data/PrismLauncher/instances/1.21.1/minecraft/mods/fragmentum-5.0.0+1.21.1-neoforge.jar. Using Nested Mod File  in Mod File: /home/MonadoMaster0/.var/app/org.prismlauncher.PrismLauncher/data/PrismLauncher/instances/1.21.1/minecraft/mods/kotlinforforge-5.12.0-all.jar
[26Sep2026 12:59:12.931] [main/WARN] [net.neoforged.jarjar.selection.JarSelector/]: Attempted to select two dependency jars from JarJar which have the same identification: Nested Mod File  in Mod File: /home/MonadoMaster0/.var/app/org.prismlauncher.PrismLauncher/data/PrismLauncher/instances/1.21.1/minecraft/mods/kotlinforforge-5.12.0-all.jar and Nested Mod File  in Nested Mod File  in Mod File: /home/MonadoMaster0/.var/app/org.prismlauncher.PrismLauncher/data/PrismLauncher/instances/1.21.1/minecraft/mods/fragmentum-5.0.0+1.21.1-neoforge.jar. Using Nested Mod File  in Mod File: /home/MonadoMaster0/.var/app/org.prismlauncher.PrismLauncher/data/PrismLauncher/instances/1.21.1/minecraft/mods/kotlinforforge-5.12.0-all.jar
[26Sep2026 12:59:12.932] [main/WARN] [net.neoforged.jarjar.selection.JarSelector/]: Attempted to select a dependency jar for JarJar which was passed in as source: fabric_renderer_api_v1. Using Mod File: 
[26Sep2026 12:59:12.932] [main/WARN] [net.neoforged.jarjar.selection.JarSelector/]: Attempted to select a dependency jar for JarJar which was passed in as source: fabric_block_view_api_v2. Using Mod File: 
[26Sep2026 12:59:12.932] [main/WARN] [net.neoforged.jarjar.selection.JarSelector/]: Attempted to select a dependency jar for JarJar which was passed in as source: library:net.fabricmc.loader. Using Mod File: /~nonexistent
[26Sep2026 12:59:12.932] [main/WARN] [net.neoforged.jarjar.selection.JarSelector/]: Attempted to select a dependency jar for JarJar which was passed in as source: fabric_rendering_data_attachment_v1. Using Mod File: 
[26Sep2026 12:59:12.932] [main/WARN] [net.neoforged.jarjar.selection.JarSelector/]: Attempted to select a dependency jar for JarJar which was passed in as source: mezz_config. Using Mod File: /home/MonadoMaster0/.var/app/org.prismlauncher.PrismLauncher/data/PrismLauncher/instances/1.21.1/minecraft/mods/mezz_config-1.21.1-neoforge-0.6.3.jar
[26Sep2026 12:59:12.932] [main/WARN] [net.neoforged.jarjar.selection.JarSelector/]: Attempted to select a dependency jar for JarJar which was passed in as source: fabric_api_base. Using Mod File: 
[26Sep2026 12:59:12.932] [main/WARN] [net.neoforged.jarjar.selection.JarSelector/]: Attempted to select a dependency jar for JarJar which was passed in as source: betteradvancedtooltips. Using Mod File: /home/MonadoMaster0/.var/app/org.prismlauncher.PrismLauncher/data/PrismLauncher/instances/1.21.1/minecraft/mods/better-advanced-tooltips-2101.1.0-build.5.jar
[26Sep2026 12:59:12.932] [main/WARN] [net.neoforged.jarjar.selection.JarSelector/]: Attempted to select a dependency jar for JarJar which was passed in as source: yet_another_config_lib_v3. Using Mod File: /home/MonadoMaster0/.var/app/org.prismlauncher.PrismLauncher/data/PrismLauncher/instances/1.21.1/minecraft/mods/yet_another_config_lib_v3-3.7.0+1.21.1-neoforge.jar
[26Sep2026 12:59:12.932] [main/INFO] [net.neoforged.fml.loading.moddiscovery.locators.JarInJarDependencyLocator/]: Found 90 dependencies adding them to mods collection
[26Sep2026 12:59:12.932] [main/INFO] [net.neoforged.fml.loading.moddiscovery.ModDiscoverer/SCAN]: Found mod file "kuma-api-neoforge-21.0.8+1.21.jar" [parent: balm-neoforge-1.21.1-21.0.65.jar, locator: jarinjar, reader: mod manifest]
[26Sep2026 12:59:12.932] [main/INFO] [net.neoforged.fml.loading.moddiscovery.ModDiscoverer/SCAN]: Found library file "glsl-processor-0.2.3.jar" [parent: veil-neoforge-1.21.1-4.3.2.jar, locator: jarinjar]
[26Sep2026 12:59:12.932] [main/INFO] [net.neoforged.fml.loading.moddiscovery.ModDiscoverer/SCAN]: Found mod file "ponder-neoforge-1.0.82+mc1.21.1.jar" [parent: create-1.21.1-6.0.10.jar, locator: jarinjar, reader: mod manifest]
[26Sep2026 12:59:12.932] [main/INFO] [net.neoforged.fml.loading.moddiscovery.ModDiscoverer/SCAN]: Found mod file "fabric-item-api-v1-11.3.0+b24c12f719.jar" [parent: forgified-fabric-api-0.116.15+2.3.5+1.21.1.jar, locator: jarinjar, reader: mod manifest]
[26Sep2026 12:59:12.932] [main/INFO] [net.neoforged.fml.loading.moddiscovery.ModDiscoverer/SCAN]: Found mod file "fabric-rendering-fluids-v1-3.1.6+ddc51b4719.jar" [parent: forgified-fabric-api-0.116.15+2.3.5+1.21.1.jar, locator: jarinjar, reader: mod manifest]
[26Sep2026 12:59:12.932] [main/INFO] [net.neoforged.fml.loading.moddiscovery.ModDiscoverer/SCAN]: Found mod file "apollib-1.2.0-neoforge-21.1.jar" [parent: lithostitched-1.8.0-neoforge-21.1.jar, locator: jarinjar, reader: mod manifest]
[26Sep2026 12:59:12.932] [main/INFO] [net.neoforged.fml.loading.moddiscovery.ModDiscoverer/SCAN]: Found library file "netty-0.1.4.1.jar" [parent: owo-lib-neoforge-0.12.15.5-beta.1+1.21.jar, locator: jarinjar]
[26Sep2026 12:59:12.932] [main/INFO] [net.neoforged.fml.loading.moddiscovery.ModDiscoverer/SCAN]: Found mod file "fabric-convention-tags-v1-2.1.7+7f945d5b19.jar" [parent: forgified-fabric-api-0.116.15+2.3.5+1.21.1.jar, locator: jarinjar, reader: mod manifest]
[26Sep2026 12:59:12.932] [main/INFO] [net.neoforged.fml.loading.moddiscovery.ModDiscoverer/SCAN]: Found library file "kotlinx-coroutines-core-jvm-1.11.0.jar" [parent: kotlinforforge-5.12.0-all.jar, locator: jarinjar]
[26Sep2026 12:59:12.932] [main/INFO] [net.neoforged.fml.loading.moddiscovery.ModDiscoverer/SCAN]: Found library file "endec-0.1.8.1.jar" [parent: owo-lib-neoforge-0.12.15.5-beta.1+1.21.jar, locator: jarinjar]
[26Sep2026 12:59:12.932] [main/INFO] [net.neoforged.fml.loading.moddiscovery.ModDiscoverer/SCAN]: Found mod file "fabric-command-api-v2-2.2.28+36d727be19.jar" [parent: forgified-fabric-api-0.116.15+2.3.5+1.21.1.jar, locator: jarinjar, reader: mod manifest]
[26Sep2026 12:59:12.932] [main/INFO] [net.neoforged.fml.loading.moddiscovery.ModDiscoverer/SCAN]: Found mod file "fabric-convention-tags-v2-2.12.0+75d3639619.jar" [parent: forgified-fabric-api-0.116.15+2.3.5+1.21.1.jar, locator: jarinjar, reader: mod manifest]
[26Sep2026 12:59:12.932] [main/INFO] [net.neoforged.fml.loading.moddiscovery.ModDiscoverer/SCAN]: Found mod file "fabric-data-attachment-api-v1-1.4.7+26d408aa19.jar" [parent: forgified-fabric-api-0.116.15+2.3.5+1.21.1.jar, locator: jarinjar, reader: mod manifest]
[26Sep2026 12:59:12.932] [main/INFO] [net.neoforged.fml.loading.moddiscovery.ModDiscoverer/SCAN]: Found library file "javaparser-core-3.24.8.jar" [parent: ProbeJS-8.0.3.jar, locator: jarinjar]
[26Sep2026 12:59:12.932] [main/INFO] [net.neoforged.fml.loading.moddiscovery.ModDiscoverer/SCAN]: Found library file "flow-math-1.0.4-SNAPSHOT.jar" [parent: bluemap-5.7-neoforge.jar, locator: jarinjar]
[26Sep2026 12:59:12.932] [main/INFO] [net.neoforged.fml.loading.moddiscovery.ModDiscoverer/SCAN]: Found mod file "veil-neoforge-1.21.1-4.3.2.jar" [parent: sable-neoforge-1.21.1-2.0.5.jar, locator: jarinjar, reader: mod manifest]
[26Sep2026 12:59:12.933] [main/INFO] [net.neoforged.fml.loading.moddiscovery.ModDiscoverer/SCAN]: Found mod file "dev.simulated_team.simulated.simulated-neoforge-1.21.1-1.3.2.jar" [parent: create-aeronautics-bundled-1.21.1-1.3.2.jar, locator: jarinjar, reader: mod manifest]
[26Sep2026 12:59:12.933] [main/INFO] [net.neoforged.fml.loading.moddiscovery.ModDiscoverer/SCAN]: Found library file "kotlin-stdlib-jdk7-2.4.0.jar" [parent: kotlinforforge-5.12.0-all.jar, locator: jarinjar]
[26Sep2026 12:59:12.933] [main/INFO] [net.neoforged.fml.loading.moddiscovery.ModDiscoverer/SCAN]: Found library file "kotlin-stdlib-jdk8-2.4.0.jar" [parent: kotlinforforge-5.12.0-all.jar, locator: jarinjar]
[26Sep2026 12:59:12.933] [main/INFO] [net.neoforged.fml.loading.moddiscovery.ModDiscoverer/SCAN]: Found mod file "fabric-screen-api-v1-2.0.26+9991ca2f19.jar" [parent: forgified-fabric-api-0.116.15+2.3.5+1.21.1.jar, locator: jarinjar, reader: mod manifest]
[26Sep2026 12:59:12.933] [main/INFO] [net.neoforged.fml.loading.moddiscovery.ModDiscoverer/SCAN]: Found library file "kotlinx-serialization-json-jvm-1.11.0.jar" [parent: kotlinforforge-5.12.0-all.jar, locator: jarinjar]
[26Sep2026 12:59:12.933] [main/INFO] [net.neoforged.fml.loading.moddiscovery.ModDiscoverer/SCAN]: Found mod file "fabric-content-registries-v0-8.0.19+5e0d320019.jar" [parent: forgified-fabric-api-0.116.15+2.3.5+1.21.1.jar, locator: jarinjar, reader: mod manifest]
[26Sep2026 12:59:12.933] [main/INFO] [net.neoforged.fml.loading.moddiscovery.ModDiscoverer/SCAN]: Found gamelibrary file "mixinextras-neoforge-0.5.3.jar" [parent: neoforge-21.1.251-universal.jar, locator: jarinjar, reader: mod manifest]
[26Sep2026 12:59:12.933] [main/INFO] [net.neoforged.fml.loading.moddiscovery.ModDiscoverer/SCAN]: Found mod file "fabric-game-rule-api-v1-1.0.53+36d727be19.jar" [parent: forgified-fabric-api-0.116.15+2.3.5+1.21.1.jar, locator: jarinjar, reader: mod manifest]
[26Sep2026 12:59:12.933] [main/INFO] [net.neoforged.fml.loading.moddiscovery.ModDiscoverer/SCAN]: Found mod file "fabric-api-lookup-api-v1-1.6.72+6244b11119.jar" [parent: forgified-fabric-api-0.116.15+2.3.5+1.21.1.jar, locator: jarinjar, reader: mod manifest]
[26Sep2026 12:59:12.933] [main/INFO] [net.neoforged.fml.loading.moddiscovery.ModDiscoverer/SCAN]: Found gamelibrary file "dev.ryanhcode.sable.sable-sable_rapier-1.21.1-2.0.5.jar" [parent: sable-neoforge-1.21.1-2.0.5.jar, locator: jarinjar, reader: mod manifest]
[26Sep2026 12:59:12.933] [main/INFO] [net.neoforged.fml.loading.moddiscovery.ModDiscoverer/SCAN]: Found library file "imageio-metadata-3.12.0.jar" [parent: yet-another-config-lib-3.6.6+1.21.1-neoforge.jar, locator: jarinjar]
[26Sep2026 12:59:12.933] [main/INFO] [net.neoforged.fml.loading.moddiscovery.ModDiscoverer/SCAN]: Found library file "kotlinforforge-neoforge-5.3.0-all.jar" [parent: fragmentum-5.0.0+1.21.1-neoforge.jar, locator: jarinjar, reader: mod manifest]
[26Sep2026 12:59:12.933] [main/INFO] [net.neoforged.fml.loading.moddiscovery.ModDiscoverer/SCAN]: Found library file "kotlin-stdlib-2.4.0.jar" [parent: kotlinforforge-5.12.0-all.jar, locator: jarinjar]
[26Sep2026 12:59:12.933] [main/INFO] [net.neoforged.fml.loading.moddiscovery.ModDiscoverer/SCAN]: Found mod file "fabric-entity-events-v1-1.8.0+e46a02ca19.jar" [parent: forgified-fabric-api-0.116.15+2.3.5+1.21.1.jar, locator: jarinjar, reader: mod manifest]
[26Sep2026 12:59:12.933] [main/INFO] [net.neoforged.fml.loading.moddiscovery.ModDiscoverer/SCAN]: Found library file "kaleido-config-0.3.3+1.3.2.jar" [parent: mcqoy-0.4.1+neo-1.21.jar, locator: jarinjar]
[26Sep2026 12:59:12.933] [main/INFO] [net.neoforged.fml.loading.moddiscovery.ModDiscoverer/SCAN]: Found library file "common-io-3.12.0.jar" [parent: yet-another-config-lib-3.6.6+1.21.1-neoforge.jar, locator: jarinjar]
[26Sep2026 12:59:12.933] [main/INFO] [net.neoforged.fml.loading.moddiscovery.ModDiscoverer/SCAN]: Found mod file "fabric-loot-api-v2-3.0.15+a3ee712d19.jar" [parent: forgified-fabric-api-0.116.15+2.3.5+1.21.1.jar, locator: jarinjar, reader: mod manifest]
[26Sep2026 12:59:12.933] [main/INFO] [net.neoforged.fml.loading.moddiscovery.ModDiscoverer/SCAN]: Found mod file "conditional-mixin-neoforge-0.6.4.jar" [parent: CreateDragonsPlus-1.11.9.jar, locator: jarinjar, reader: mod manifest]
[26Sep2026 12:59:12.933] [main/INFO] [net.neoforged.fml.loading.moddiscovery.ModDiscoverer/SCAN]: Found mod file "fabric-loot-api-v3-1.0.3+333dfad919.jar" [parent: forgified-fabric-api-0.116.15+2.3.5+1.21.1.jar, locator: jarinjar, reader: mod manifest]
[26Sep2026 12:59:12.933] [main/INFO] [net.neoforged.fml.loading.moddiscovery.ModDiscoverer/SCAN]: Found library file "imageio-webp-3.12.0.jar" [parent: yet-another-config-lib-3.6.6+1.21.1-neoforge.jar, locator: jarinjar]
[26Sep2026 12:59:12.933] [main/INFO] [net.neoforged.fml.loading.moddiscovery.ModDiscoverer/SCAN]: Found mod file "fabric-networking-api-v1-4.3.1+7e3d421f19.jar" [parent: forgified-fabric-api-0.116.15+2.3.5+1.21.1.jar, locator: jarinjar, reader: mod manifest]
[26Sep2026 12:59:12.933] [main/INFO] [net.neoforged.fml.loading.moddiscovery.ModDiscoverer/SCAN]: Found library file "kotlinx-serialization-core-jvm-1.11.0.jar" [parent: kotlinforforge-5.12.0-all.jar, locator: jarinjar]
[26Sep2026 12:59:12.933] [main/INFO] [net.neoforged.fml.loading.moddiscovery.ModDiscoverer/SCAN]: Found library file "bluenbt-3.3.0.jar" [parent: bluemap-5.7-neoforge.jar, locator: jarinjar]
[26Sep2026 12:59:12.933] [main/INFO] [net.neoforged.fml.loading.moddiscovery.ModDiscoverer/SCAN]: Found gamelibrary file "Registrate-MC1.21-1.3.0+67.jar" [parent: create-1.21.1-6.0.10.jar, locator: jarinjar, reader: mod manifest]
[26Sep2026 12:59:12.933] [main/INFO] [net.neoforged.fml.loading.moddiscovery.ModDiscoverer/SCAN]: Found mod file "fabric-lifecycle-events-v1-2.6.0+e40d8add19.jar" [parent: forgified-fabric-api-0.116.15+2.3.5+1.21.1.jar, locator: jarinjar, reader: mod manifest]
[26Sep2026 12:59:12.933] [main/INFO] [net.neoforged.fml.loading.moddiscovery.ModDiscoverer/SCAN]: Found library file "imageio-core-3.12.0.jar" [parent: yet-another-config-lib-3.6.6+1.21.1-neoforge.jar, locator: jarinjar]
[26Sep2026 12:59:12.933] [main/INFO] [net.neoforged.fml.loading.moddiscovery.ModDiscoverer/SCAN]: Found mod file "fabric-key-binding-api-v1-1.0.47+62cc7ce119.jar" [parent: forgified-fabric-api-0.116.15+2.3.5+1.21.1.jar, locator: jarinjar, reader: mod manifest]
[26Sep2026 12:59:12.933] [main/INFO] [net.neoforged.fml.loading.moddiscovery.ModDiscoverer/SCAN]: Found mod file "fabric-client-tags-api-v1-1.2.0+5adff2d719.jar" [parent: forgified-fabric-api-0.116.15+2.3.5+1.21.1.jar, locator: jarinjar, reader: mod manifest]
[26Sep2026 12:59:12.933] [main/INFO] [net.neoforged.fml.loading.moddiscovery.ModDiscoverer/SCAN]: Found mod file "fabric-transfer-api-v1-5.4.4+6244b11119.jar" [parent: forgified-fabric-api-0.116.15+2.3.5+1.21.1.jar, locator: jarinjar, reader: mod manifest]
[26Sep2026 12:59:12.933] [main/INFO] [net.neoforged.fml.loading.moddiscovery.ModDiscoverer/SCAN]: Found library file "jankson-0.1.5.1.jar" [parent: owo-lib-neoforge-0.12.15.5-beta.1+1.21.jar, locator: jarinjar]
[26Sep2026 12:59:12.933] [main/INFO] [net.neoforged.fml.loading.moddiscovery.ModDiscoverer/SCAN]: Found library file "net.neoforged.neoforge-coremods-21.1.251.jar" [parent: neoforge-21.1.251-universal.jar, locator: jarinjar, reader: mod manifest]
[26Sep2026 12:59:12.933] [main/INFO] [net.neoforged.fml.loading.moddiscovery.ModDiscoverer/SCAN]: Found library file "json5-java-3.0.0.jar" [parent: apollib-1.1.6-neoforge-21.1.jar, locator: jarinjar]
[26Sep2026 12:59:12.933] [main/INFO] [net.neoforged.fml.loading.moddiscovery.ModDiscoverer/SCAN]: Found mod file "fabric-model-loading-api-v1-2.1.0+6e8f52c719.jar" [parent: forgified-fabric-api-0.116.15+2.3.5+1.21.1.jar, locator: jarinjar, reader: mod manifest]
[26Sep2026 12:59:12.933] [main/INFO] [net.neoforged.fml.loading.moddiscovery.ModDiscoverer/SCAN]: Found mod file "dev.eriksonn.aeronautics.aeronautics-neoforge-1.21.1-1.3.2.jar" [parent: create-aeronautics-bundled-1.21.1-1.3.2.jar, locator: jarinjar, reader: mod manifest]
[26Sep2026 12:59:12.933] [main/INFO] [net.neoforged.fml.loading.moddiscovery.ModDiscoverer/SCAN]: Found mod file "xaerolib-neoforge-1.21.1-1.7.3.jar" [parent: xaeroworldmap-neoforge-1.21.1-1.46.0.jar, locator: jarinjar, reader: mod manifest]
[26Sep2026 12:59:12.933] [main/INFO] [net.neoforged.fml.loading.moddiscovery.ModDiscoverer/SCAN]: Found mod file "fabric-screen-handler-api-v1-1.3.91+8dbc56dd19.jar" [parent: forgified-fabric-api-0.116.15+2.3.5+1.21.1.jar, locator: jarinjar, reader: mod manifest]
[26Sep2026 12:59:12.933] [main/INFO] [net.neoforged.fml.loading.moddiscovery.ModDiscoverer/SCAN]: Found mod file "fabric-resource-loader-v0-1.3.1+4ea8954419.jar" [parent: forgified-fabric-api-0.116.15+2.3.5+1.21.1.jar, locator: jarinjar, reader: mod manifest]
[26Sep2026 12:59:12.933] [main/INFO] [net.neoforged.fml.loading.moddiscovery.ModDiscoverer/SCAN]: Found mod file "fabric-rendering-v1-5.1.0+1a09bd5a19.jar" [parent: forgified-fabric-api-0.116.15+2.3.5+1.21.1.jar, locator: jarinjar, reader: mod manifest]
[26Sep2026 12:59:12.933] [main/INFO] [net.neoforged.fml.loading.moddiscovery.ModDiscoverer/SCAN]: Found mod file "fabric-renderer-indigo-1.7.1+9125b6dc19.jar" [parent: forgified-fabric-api-0.116.15+2.3.5+1.21.1.jar, locator: jarinjar, reader: mod manifest]
[26Sep2026 12:59:12.933] [main/INFO] [net.neoforged.fml.loading.moddiscovery.ModDiscoverer/SCAN]: Found library file "kotlinx-coroutines-jdk8-1.11.0.jar" [parent: kotlinforforge-5.12.0-all.jar, locator: jarinjar]
[26Sep2026 12:59:12.934] [main/INFO] [net.neoforged.fml.loading.moddiscovery.ModDiscoverer/SCAN]: Found library file "molang-compiler-3.1.1.19.jar" [parent: veil-neoforge-1.21.1-4.3.2.jar, locator: jarinjar]
[26Sep2026 12:59:12.934] [main/INFO] [net.neoforged.fml.loading.moddiscovery.ModDiscoverer/SCAN]: Found mod file "fabric-particles-v1-4.0.2+824f924c19.jar" [parent: forgified-fabric-api-0.116.15+2.3.5+1.21.1.jar, locator: jarinjar, reader: mod manifest]
[26Sep2026 12:59:12.934] [main/INFO] [net.neoforged.fml.loading.moddiscovery.ModDiscoverer/SCAN]: Found library file "animated-gif-lib-for-java-animated-gif-lib-1.7.jar" [parent: kubejs-neoforge-2101.7.2-build.377.jar, locator: jarinjar]
[26Sep2026 12:59:12.934] [main/INFO] [net.neoforged.fml.loading.moddiscovery.ModDiscoverer/SCAN]: Found library file "common-image-3.12.0.jar" [parent: yet-another-config-lib-3.6.6+1.21.1-neoforge.jar, locator: jarinjar]
[26Sep2026 12:59:12.934] [main/INFO] [net.neoforged.fml.loading.moddiscovery.ModDiscoverer/SCAN]: Found mod file "fabric-transitive-access-wideners-v1-6.2.0+6c854b6f19.jar" [parent: forgified-fabric-api-0.116.15+2.3.5+1.21.1.jar, locator: jarinjar, reader: mod manifest]
[26Sep2026 12:59:12.934] [main/INFO] [net.neoforged.fml.loading.moddiscovery.ModDiscoverer/SCAN]: Found mod file "dev.ryanhcode.offroad.offroad-neoforge-1.21.1-1.3.2.jar" [parent: create-aeronautics-bundled-1.21.1-1.3.2.jar, locator: jarinjar, reader: mod manifest]
[26Sep2026 12:59:12.934] [main/INFO] [net.neoforged.fml.loading.moddiscovery.ModDiscoverer/SCAN]: Found library file "jankson-1.2.2.jar" [parent: owo-lib-neoforge-0.12.15.5-beta.1+1.21.jar, locator: jarinjar]
[26Sep2026 12:59:12.934] [main/INFO] [net.neoforged.fml.loading.moddiscovery.ModDiscoverer/SCAN]: Found library file "gson-0.1.5.1.jar" [parent: owo-lib-neoforge-0.12.15.5-beta.1+1.21.jar, locator: jarinjar]
[26Sep2026 12:59:12.934] [main/INFO] [net.neoforged.fml.loading.moddiscovery.ModDiscoverer/SCAN]: Found mod file "fabric-renderer-registries-v1-3.2.69+df3654b319.jar" [parent: forgified-fabric-api-0.116.15+2.3.5+1.21.1.jar, locator: jarinjar, reader: mod manifest]
[26Sep2026 12:59:12.934] [main/INFO] [net.neoforged.fml.loading.moddiscovery.ModDiscoverer/SCAN]: Found mod file "fabric-blockrenderlayer-v1-1.1.52+c290471319.jar" [parent: forgified-fabric-api-0.116.15+2.3.5+1.21.1.jar, locator: jarinjar, reader: mod manifest]
[26Sep2026 12:59:12.934] [main/INFO] [net.neoforged.fml.loading.moddiscovery.ModDiscoverer/SCAN]: Found library file "thedarkcolour.kfflang-5.12.0.jar" [parent: kotlinforforge-5.12.0-all.jar, locator: jarinjar, reader: mod manifest]
[26Sep2026 12:59:12.934] [main/INFO] [net.neoforged.fml.loading.moddiscovery.ModDiscoverer/SCAN]: Found mod file "fabric-block-api-v1-1.1.0+b0c22bb819.jar" [parent: forgified-fabric-api-0.116.15+2.3.5+1.21.1.jar, locator: jarinjar, reader: mod manifest]
[26Sep2026 12:59:12.934] [main/INFO] [net.neoforged.fml.loading.moddiscovery.ModDiscoverer/SCAN]: Found gamelibrary file "thedarkcolour.kfflib-5.12.0.jar" [parent: kotlinforforge-5.12.0-all.jar, locator: jarinjar, reader: mod manifest]
[26Sep2026 12:59:12.934] [main/INFO] [net.neoforged.fml.loading.moddiscovery.ModDiscoverer/SCAN]: Found mod file "fabric-resource-conditions-api-v1-4.3.0+5bdd099819.jar" [parent: forgified-fabric-api-0.116.15+2.3.5+1.21.1.jar, locator: jarinjar, reader: mod manifest]
[26Sep2026 12:59:12.934] [main/INFO] [net.neoforged.fml.loading.moddiscovery.ModDiscoverer/SCAN]: Found library file "javaparser-symbol-solver-core-3.24.8.jar" [parent: ProbeJS-8.0.3.jar, locator: jarinjar]
[26Sep2026 12:59:12.934] [main/INFO] [net.neoforged.fml.loading.moddiscovery.ModDiscoverer/SCAN]: Found mod file "thedarkcolour.kffmod-5.12.0.jar" [parent: kotlinforforge-5.12.0-all.jar, locator: jarinjar, reader: mod manifest]
[26Sep2026 12:59:12.934] [main/INFO] [net.neoforged.fml.loading.moddiscovery.ModDiscoverer/SCAN]: Found library file "gson-0.2.1.jar" [parent: yet-another-config-lib-3.6.6+1.21.1-neoforge.jar, locator: jarinjar]
[26Sep2026 12:59:12.934] [main/INFO] [net.neoforged.fml.loading.moddiscovery.ModDiscoverer/SCAN]: Found library file "kotlin-reflect-2.4.0.jar" [parent: kotlinforforge-5.12.0-all.jar, locator: jarinjar]
[26Sep2026 12:59:12.934] [main/INFO] [net.neoforged.fml.loading.moddiscovery.ModDiscoverer/SCAN]: Found mod file "sable-companion-common-1.21.1-1.6.0.jar" [parent: create_connected-1.3.3-mc1.21.1.jar, locator: jarinjar, reader: mod manifest]
[26Sep2026 12:59:12.934] [main/INFO] [net.neoforged.fml.loading.moddiscovery.ModDiscoverer/SCAN]: Found mod file "flywheel-neoforge-1.21.1-1.0.6.jar" [parent: create-1.21.1-6.0.10.jar, locator: jarinjar, reader: mod manifest]
[26Sep2026 12:59:12.934] [main/INFO] [net.neoforged.fml.loading.moddiscovery.ModDiscoverer/SCAN]: Found mod file "fabric-item-group-api-v1-4.1.7+e324903319.jar" [parent: forgified-fabric-api-0.116.15+2.3.5+1.21.1.jar, locator: jarinjar, reader: mod manifest]
[26Sep2026 12:59:12.934] [main/INFO] [net.neoforged.fml.loading.moddiscovery.ModDiscoverer/SCAN]: Found mod file "fabric-gametest-api-v1-2.0.5+29f188ce19.jar" [parent: forgified-fabric-api-0.116.15+2.3.5+1.21.1.jar, locator: jarinjar, reader: mod manifest]
[26Sep2026 12:59:12.934] [main/INFO] [net.neoforged.fml.loading.moddiscovery.ModDiscoverer/SCAN]: Found mod file "fabric-biome-api-v1-13.0.31+1e62d33c19.jar" [parent: forgified-fabric-api-0.116.15+2.3.5+1.21.1.jar, locator: jarinjar, reader: mod manifest]
[26Sep2026 12:59:12.934] [main/INFO] [net.neoforged.fml.loading.moddiscovery.ModDiscoverer/SCAN]: Found library file "json-0.2.1.jar" [parent: yet-another-config-lib-3.6.6+1.21.1-neoforge.jar, locator: jarinjar]
[26Sep2026 12:59:12.934] [main/INFO] [net.neoforged.fml.loading.moddiscovery.ModDiscoverer/SCAN]: Found mod file "fabric-registry-sync-v0-5.3.2+f9aace1619.jar" [parent: forgified-fabric-api-0.116.15+2.3.5+1.21.1.jar, locator: jarinjar, reader: mod manifest]
[26Sep2026 12:59:12.934] [main/INFO] [net.neoforged.fml.loading.moddiscovery.ModDiscoverer/SCAN]: Found mod file "fabric-recipe-api-v1-5.0.16+59440bcc19.jar" [parent: forgified-fabric-api-0.116.15+2.3.5+1.21.1.jar, locator: jarinjar, reader: mod manifest]
[26Sep2026 12:59:12.934] [main/INFO] [net.neoforged.fml.loading.moddiscovery.ModDiscoverer/SCAN]: Found mod file "fabric-object-builder-api-v1-15.2.1+cc242efd19.jar" [parent: forgified-fabric-api-0.116.15+2.3.5+1.21.1.jar, locator: jarinjar, reader: mod manifest]
[26Sep2026 12:59:12.934] [main/INFO] [net.neoforged.fml.loading.moddiscovery.ModDiscoverer/SCAN]: Found mod file "fabric-sound-api-v1-1.0.23+10b84f8419.jar" [parent: forgified-fabric-api-0.116.15+2.3.5+1.21.1.jar, locator: jarinjar, reader: mod manifest]
[26Sep2026 12:59:12.934] [main/INFO] [net.neoforged.fml.loading.moddiscovery.ModDiscoverer/SCAN]: Found mod file "fabric-message-api-v1-6.0.14+6a754fce19.jar" [parent: forgified-fabric-api-0.116.15+2.3.5+1.21.1.jar, locator: jarinjar, reader: mod manifest]
[26Sep2026 12:59:12.934] [main/INFO] [net.neoforged.fml.loading.moddiscovery.ModDiscoverer/SCAN]: Found library file "tiny-java-server-1.0.0-build.33.jar" [parent: kubejs-neoforge-2101.7.2-build.377.jar, locator: jarinjar]
[26Sep2026 12:59:12.934] [main/INFO] [net.neoforged.fml.loading.moddiscovery.ModDiscoverer/SCAN]: Found library file "common-lang-3.12.0.jar" [parent: yet-another-config-lib-3.6.6+1.21.1-neoforge.jar, locator: jarinjar]
[26Sep2026 12:59:12.934] [main/INFO] [net.neoforged.fml.loading.moddiscovery.ModDiscoverer/SCAN]: Found mod file "fabric-tag-api-v1-1.3.0+3e2bcb4b19.jar" [parent: forgified-fabric-api-0.116.15+2.3.5+1.21.1.jar, locator: jarinjar, reader: mod manifest]
[26Sep2026 12:59:12.934] [main/INFO] [net.neoforged.fml.loading.moddiscovery.ModDiscoverer/SCAN]: Found mod file "fabric-data-generation-api-v1-20.3.0+3e2bcb4b19.jar" [parent: forgified-fabric-api-0.116.15+2.3.5+1.21.1.jar, locator: jarinjar, reader: mod manifest]
[26Sep2026 12:59:12.934] [main/INFO] [net.neoforged.fml.loading.moddiscovery.ModDiscoverer/SCAN]: Found mod file "fabric-events-interaction-v0-0.7.14+057f5afd19.jar" [parent: forgified-fabric-api-0.116.15+2.3.5+1.21.1.jar, locator: jarinjar, reader: mod manifest]
[26Sep2026 12:59:13.026] [main/INFO] [org.sinytra.connector.locator.FabricModsDiscoverer/SCAN]: Fabric mod metadata not found in jar kotlinforforge.all, ignoring
[26Sep2026 12:59:13.096] [main/INFO] [org.sinytra.connector.locator.DependencyResolver/]: Dependency resolution found 3 candidates to load
[26Sep2026 12:59:13.222] [main/INFO] [net.neoforged.fml.loading.moddiscovery.ModDiscoverer/SCAN]: Found gamelibrary file "surveyor-1.1.2+1.21$kaleido-config-0.3.1+1.3.2_mapped_moj_1.21.1.jar" [locator: org.sinytra.connector.locator.ConnectorLocator@2098d37d]
[26Sep2026 12:59:13.222] [main/INFO] [net.neoforged.fml.loading.moddiscovery.ModDiscoverer/SCAN]: Found mod file "antique-atlas-3.1.2+1.21_mapped_moj_1.21.1.jar" [locator: org.sinytra.connector.locator.ConnectorLocator@2098d37d]
[26Sep2026 12:59:13.222] [main/INFO] [net.neoforged.fml.loading.moddiscovery.ModDiscoverer/SCAN]: Found mod file "surveyor-1.1.2+1.21_mapped_moj_1.21.1.jar" [locator: org.sinytra.connector.locator.ConnectorLocator@2098d37d]
[26Sep2026 12:59:13.229] [main/INFO] [net.neoforged.fml.loading.moddiscovery.locators.JarInJarDependencyLocator/]: Found 2 dependencies adding them to mods collection
[26Sep2026 12:59:13.229] [main/INFO] [net.neoforged.fml.loading.moddiscovery.ModDiscoverer/SCAN]: Found mod file "org.sinytra.connector-2.0.0-beta.17+1.21.1-mod.jar" [parent: , locator: org.sinytra.connector.locator.ConnectorLocator@2098d37d, reader: mod manifest]
[26Sep2026 12:59:13.229] [main/INFO] [net.neoforged.fml.loading.moddiscovery.ModDiscoverer/SCAN]: Found gamelibrary file "runtime-1.0.0+1.21.1.jar" [parent: , locator: org.sinytra.connector.locator.ConnectorLocator@2098d37d, reader: mod manifest]
[26Sep2026 12:59:13.231] [main/INFO] [net.neoforged.fml.loading.moddiscovery.ModDiscoverer/]: 
     Mod List:
		Name Version (Mod Id)

		Antique Atlas 3.1.2_1.21 (antique_atlas)
		Apollib 1.2.0 (apollib)
		Apothic Attributes 2.10.1 (apothic_attributes)
		Apothic Enchanting 1.6.2 (apothic_enchanting)
		AppleSkin 3.0.9+mc1.21 (appleskin)
		Aquamirae 7.2.10 (aquamirae)
		Architectury 13.0.11 (architectury)
		Balm 21.0.65 (balm)
		Barebones McQoy 0.4.1+neo-1.21 (mcqoy)
		Better Advanced Tooltips 2101.1.0-build.5 (betteradvancedtooltips)
		Better Advancements 0.4.3.21 (betteradvancements)
		BlueMap 5.7 (bluemap)
		Bookshelf 21.1.81 (bookshelf)
		Chunky 1.4.23 (chunky)
		Cloth Config v15 API 15.0.140 (cloth_config)
		Clumps 19.0.0.1 (clumps)
		conditional mixin 0.6.4 (conditional_mixin)
		Configured Defaults 21.1.3 (configureddefaults)
		Controlling 19.0.5 (controlling)
		CraftRecall 1.0.0 (craftrecall)
		Create 6.0.10 (create)
		Create Aeronautics 1.3.2 (aeronautics_bundled)
		Create Aeronautics 1.3.2 (aeronautics)
		Create Crafts & Additions 1.7.1 (createaddition)
		Create Deep Seas 2.2.4 (create_submarine)
		Create JEI Compat 1.0.3 (createjeicompat)
		Create Offroad 1.3.2 (offroad)
		Create Simulated 1.3.2 (simulated)
		Create: Connected 1.3.3-mc1.21.1 (create_connected)
		Create: Copycats+ 3.0.9+mc.1.21.1-neoforge (copycats)
		Create: Dragons Plus 1.11.9 (create_dragons_plus)
		Create: Enchantment Industry 2.5.4 (create_enchantment_industry)
		Curios API 9.5.1+1.21.1 (curios)
		DeathKnell 21.1.2 (deathknell)
		Flywheel 1.0.6 (flywheel)
		Forgified Fabric API 0.116.15+2.3.5+1.21.1 (fabric_api)
		Forgified Fabric API Base 0.4.42+d1308ded19 (fabric_api_base)
		Forgified Fabric API Lookup API (v1) 1.6.72+6244b11119 (fabric_api_lookup_api_v1)
		Forgified Fabric Biome API (v1) 13.0.31+1e62d33c19 (fabric_biome_api_v1)
		Forgified Fabric Block API (v1) 1.1.0+b0c22bb819 (fabric_block_api_v1)
		Forgified Fabric BlockRenderLayer Registration (v1) 1.1.52+c290471319 (fabric_blockrenderlayer_v1)
		Forgified Fabric BlockView API (v2) 1.0.10+9afaaf8c19 (fabric_block_view_api_v2)
		Forgified Fabric Client Tags 1.2.0+5adff2d719 (fabric_client_tags_api_v1)
		Forgified Fabric Command API (v2) 2.2.28+36d727be19 (fabric_command_api_v2)
		Forgified Fabric Content Registries (v0) 8.0.19+5e0d320019 (fabric_content_registries_v0)
		Forgified Fabric Convention Tags 2.1.7+7f945d5b19 (fabric_convention_tags_v1)
		Forgified Fabric Convention Tags (v2) 2.12.0+75d3639619 (fabric_convention_tags_v2)
		Forgified Fabric Data Attachment API (v1) 1.4.7+26d408aa19 (fabric_data_attachment_api_v1)
		Forgified Fabric Data Generation API (v1) 20.3.0+3e2bcb4b19 (fabric_data_generation_api_v1)
		Forgified Fabric Entity Events (v1) 1.8.0+e46a02ca19 (fabric_entity_events_v1)
		Forgified Fabric Events Interaction (v0) 0.7.14+057f5afd19 (fabric_events_interaction_v0)
		Forgified Fabric Game Rule API (v1) 1.0.53+36d727be19 (fabric_game_rule_api_v1)
		Forgified Fabric Game Test API (v1) 2.0.5+29f188ce19 (fabric_gametest_api_v1)
		Forgified Fabric Item API (v1) 11.3.0+b24c12f719 (fabric_item_api_v1)
		Forgified Fabric Item Group API (v1) 4.1.7+e324903319 (fabric_item_group_api_v1)
		Forgified Fabric Key Binding API (v1) 1.0.47+62cc7ce119 (fabric_key_binding_api_v1)
		Forgified Fabric Lifecycle Events (v1) 2.6.0+e40d8add19 (fabric_lifecycle_events_v1)
		Forgified Fabric Loot API (v2) 3.0.15+a3ee712d19 (fabric_loot_api_v2)
		Forgified Fabric Loot API (v3) 1.0.3+333dfad919 (fabric_loot_api_v3)
		Forgified Fabric Message API (v1) 6.0.14+6a754fce19 (fabric_message_api_v1)
		Forgified Fabric Model Loading API (v1) 2.1.0+6e8f52c719 (fabric_model_loading_api_v1)
		Forgified Fabric Networking API (v1) 4.3.1+7e3d421f19 (fabric_networking_api_v1)
		Forgified Fabric Object Builder API (v1) 15.2.1+cc242efd19 (fabric_object_builder_api_v1)
		Forgified Fabric Particles (v1) 4.0.2+824f924c19 (fabric_particles_v1)
		Forgified Fabric Recipe API (v1) 5.0.16+59440bcc19 (fabric_recipe_api_v1)
		Forgified Fabric Registry Sync (v0) 5.3.2+f9aace1619 (fabric_registry_sync_v0)
		Forgified Fabric Renderer - Indigo 1.7.1+9125b6dc19 (fabric_renderer_indigo)
		Forgified Fabric Renderer API (v1) 3.4.1+9125b6dc19 (fabric_renderer_api_v1)
		Forgified Fabric Renderer Registries (v1) 3.2.69+df3654b319 (fabric_renderer_registries_v1)
		Forgified Fabric Rendering (v1) 5.1.0+1a09bd5a19 (fabric_rendering_v1)
		Forgified Fabric Rendering Data Attachment (v1) 0.3.48+73761d2e19 (fabric_rendering_data_attachment_v1)
		Forgified Fabric Rendering Fluids (v1) 3.1.6+ddc51b4719 (fabric_rendering_fluids_v1)
		Forgified Fabric Resource Conditions API (v1) 4.3.0+5bdd099819 (fabric_resource_conditions_api_v1)
		Forgified Fabric Resource Loader (v0) 1.3.1+4ea8954419 (fabric_resource_loader_v0)
		Forgified Fabric Screen API (v1) 2.0.26+9991ca2f19 (fabric_screen_api_v1)
		Forgified Fabric Screen Handler API (v1) 1.3.91+8dbc56dd19 (fabric_screen_handler_api_v1)
		Forgified Fabric Sound API (v1) 1.0.23+10b84f8419 (fabric_sound_api_v1)
		Forgified Fabric Tag API (v1) 1.3.0+3e2bcb4b19 (fabric_tag_api_v1)
		Forgified Fabric Transfer API (v1) 5.4.4+6244b11119 (fabric_transfer_api_v1)
		Forgified Fabric Transitive Access Wideners (v1) 6.2.0+6c854b6f19 (fabric_transitive_access_wideners_v1)
		Fragmentum 5.0.0 (fragmentum)
		GeckoLib 4 4.9.3 (geckolib)
		Inventorio 1.11.0 (inventorio)
		Inventory Essentials 21.1.18 (inventoryessentials)
		Jade 15.10.6+neoforge (jade)
		Jade Addons 6.1.1+neoforge (jadeaddons)
		Just Enough Items 19.57.0.448 (jei)
		Kotlin For Forge 5.12.0 (kotlinforforge)
		KubeJS 2101.7.2-build.377 (kubejs)
		KubeJS Create 2101.3.1-build.18 (kubejs_create)
		KumaAPI 21.0.8 (kuma_api)
		libIPN 6.6.3 (libipn)
		Lithium 0.15.4+mc1.21.1 (lithium)
		Lithostitched 1.8.0 (lithostitched)
		Lodestone 1.8.2 (lodestone)
		Malum 1.8.2 (malum)
		MezzConfig 0.6.3 (mezz_config)
		MezzConfig GUI 0.5.3 (mezz_config_gui)
		Minecraft 1.21.1 (minecraft)
		Mouse Tweaks 2.26.1 (mousetweaks)
		NeoForge 21.1.251 (neoforge)
		oωo 0.12.15.5-beta.1+1.21 (owo)
		Patchouli 1.21.1-93-NEOFORGE (patchouli)
		Placebo 9.9.2 (placebo)
		Ponder 1.0.82+mc1.21.1 (ponder)
		PrickleMC 21.1.11 (prickle)
		ProbeJS 8.0.3 (probejs)
		Rhino 2101.2.8-build.91 (rhino)
		Sable 2.0.5 (sable)
		Sable Companion 1.6.0 (sablecompanion)
		Searchables 1.0.2 (searchables)
		Sinytra Connector 2.0.0-beta.17+1.21.1 (connector)
		Sodium 0.8.13+mc1.21.1 (sodium)
		Sophisticated Backpacks 3.26.3 (sophisticatedbackpacks)
		Sophisticated Core 1.5.1 (sophisticatedcore)
		Sophisticated JEI Index 1.2.3 (sophisticated_jei_index)
		Sophisticated Storage 1.5.91 (sophisticatedstorage)
		Surveyor Map Framework 1.1.2_1.21 (surveyor)
		tctcore 2.2 (tctcore)
		Tectonic 3.0.28 (tectonic)
		Tom's Simple Storage Mod 2.4.2 (toms_storage)
		underwater_village 1.0.2 (underwater_village)
		Veil 4.3.2 (veil)
		Xaero's Minimap 26.5.0 (xaerominimap)
		Xaero's World Map 1.46.0 (xaeroworldmap)
		XaeroLib 1.7.3 (xaerolib)
		YARRP 0.2.0 (yarrp)
		YetAnotherConfigLib 3.7.0+1.21.1-neoforge (yet_another_config_lib_v3)
		You're in Grave Danger 2.0.13 (yigd)
[26Sep2026 12:59:13.287] [main/INFO] [Configured Defaults/]: Applying default files...
[26Sep2026 12:59:13.438] [main/INFO] [org.sinytra.connector.service.hacks.ModuleLayerMigrator/]: Successfully made module authlib transformable
[26Sep2026 12:59:13.439] [main/INFO] [org.sinytra.connector.service.hacks.ModuleLayerMigrator/]: Successfully made module brigadier transformable
[26Sep2026 12:59:13.441] [main/INFO] [net.neoforged.fml.loading.FMLServiceProvider/CORE]: Loading coremod script-engine for [xaeroworldmap, apothic_enchanting, xaerominimap]
[26Sep2026 12:59:14.249] [main/INFO] [mixin/]: Compatibility level set to JAVA_17
[26Sep2026 12:59:14.249] [main/INFO] [mixin/]: Compatibility level set to JAVA_21
[26Sep2026 12:59:14.324] [main/INFO] [cpw.mods.modlauncher.LaunchServiceHandler/MODLAUNCHER]: Launching target 'forgeclient' with arguments [--version, 1.21.1, --gameDir, /home/MonadoMaster0/.var/app/org.prismlauncher.PrismLauncher/data/PrismLauncher/instances/1.21.1/minecraft, --assetsDir, /home/MonadoMaster0/.var/app/org.prismlauncher.PrismLauncher/data/PrismLauncher/assets, --uuid, 3a92d3793f2647188a18f8e376ce415a, --username, MonadoMaster0, --assetIndex, 17, --accessToken, ❄❄❄❄❄❄❄❄, --userType, msa, --versionType, release, --width, 854, --height, 480]
[26Sep2026 12:59:14.336] [main/WARN] [mixin/]: Reference map 'kuma_api.refmap.json' for kuma_api.mixins.json could not be read. If this is a development environment you can ignore this message
[26Sep2026 12:59:14.338] [main/WARN] [mixin/]: Reference map 'geckolib.refmap.json' for geckolib.mixins.json could not be read. If this is a development environment you can ignore this message
[26Sep2026 12:59:14.340] [main/WARN] [mixin/]: Reference map 'xaeroworldmap.refmap.json' for xaeroworldmap.mixins.json could not be read. If this is a development environment you can ignore this message
[26Sep2026 12:59:14.340] [main/WARN] [mixin/]: Reference map 'controlling.refmap.json' for controlling.mixins.json could not be read. If this is a development environment you can ignore this message
[26Sep2026 12:59:14.341] [main/WARN] [mixin/]: Reference map 'controlling.refmap.json' for controlling.neoforge.mixins.json could not be read. If this is a development environment you can ignore this message
[26Sep2026 12:59:14.341] [main/WARN] [mixin/]: Reference map 'placebo.refmap.json' for placebo.mixins.json could not be read. If this is a development environment you can ignore this message
[26Sep2026 12:59:14.342] [main/WARN] [mixin/]: Reference map 'bookshelf.refmap.json' for bookshelf.mixins.json could not be read. If this is a development environment you can ignore this message
[26Sep2026 12:59:14.348] [main/WARN] [mixin/]: Reference map 'simulated.refmap.json' for simulated.mixins.json could not be read. If this is a development environment you can ignore this message
[26Sep2026 12:59:14.348] [main/WARN] [mixin/]: Reference map 'balm.refmap.json' for balm.mixins.json could not be read. If this is a development environment you can ignore this message
[26Sep2026 12:59:14.349] [main/WARN] [mixin/]: Reference map 'prickle.refmap.json' for prickle.mixins.json could not be read. If this is a development environment you can ignore this message
[26Sep2026 12:59:14.383] [main/WARN] [mixin/]: Reference map 'create_connected.refmap.json' for create_connected.mixins.json could not be read. If this is a development environment you can ignore this message
[26Sep2026 12:59:14.384] [main/WARN] [mixin/]: Reference map 'apothic_attributes.refmap.json' for apothic_attributes.mixins.json could not be read. If this is a development environment you can ignore this message
[26Sep2026 12:59:14.384] [main/WARN] [mixin/]: Reference map 'curios.refmap.json' for curios.neoforge.mixins.json could not be read. If this is a development environment you can ignore this message
[26Sep2026 12:59:14.384] [main/WARN] [mixin/]: Reference map 'curios.refmap.json' for curios.mixins.json could not be read. If this is a development environment you can ignore this message
[26Sep2026 12:59:14.385] [main/WARN] [mixin/]: Reference map 'patchouli.refmap.json' for patchouli_xplat.mixins.json could not be read. If this is a development environment you can ignore this message
[26Sep2026 12:59:14.385] [main/WARN] [mixin/]: Reference map 'searchables.refmap.json' for searchables.mixins.json could not be read. If this is a development environment you can ignore this message
[26Sep2026 12:59:14.385] [main/WARN] [mixin/]: Reference map 'searchables.refmap.json' for searchables.neoforge.mixins.json could not be read. If this is a development environment you can ignore this message
[26Sep2026 12:59:14.387] [main/WARN] [mixin/]: Reference map 'jadeaddons.refmap.json' for jadeaddons.mixins.json could not be read. If this is a development environment you can ignore this message
[26Sep2026 12:59:14.387] [main/WARN] [mixin/]: Reference map 'inventoryessentials.refmap.json' for inventoryessentials.mixins.json could not be read. If this is a development environment you can ignore this message
[26Sep2026 12:59:14.388] [main/WARN] [mixin/]: Reference map 'deathknell.refmap.json' for deathknell.mixins.json could not be read. If this is a development environment you can ignore this message
[26Sep2026 12:59:14.403] [main/INFO] [LithiumConfig/]: Option 'mixin.experimental.entity.block_caching.suffocation' requires 'mixin.util.block_tracking=true' but found 'false'. Setting 'mixin.experimental.entity.block_caching.suffocation=false'.
[26Sep2026 12:59:14.403] [main/INFO] [LithiumConfig/]: Option 'mixin.experimental.entity.block_caching.block_support' requires 'mixin.util.block_tracking=true' but found 'false'. Setting 'mixin.experimental.entity.block_caching.block_support=false'.
[26Sep2026 12:59:14.403] [main/INFO] [LithiumConfig/]: Option 'mixin.experimental.entity.block_caching.block_touching' requires 'mixin.util.block_tracking=true' but found 'false'. Setting 'mixin.experimental.entity.block_caching.block_touching=false'.
[26Sep2026 12:59:14.403] [main/INFO] [LithiumConfig/]: Option 'mixin.experimental.entity.block_caching' requires 'mixin.util.block_tracking=true' but found 'false'. Setting 'mixin.experimental.entity.block_caching=false'.
[26Sep2026 12:59:14.403] [main/INFO] [Lithium/]: Loaded configuration file for Lithium: 148 options available, 4 override(s) found
[26Sep2026 12:59:14.406] [main/WARN] [mixin/]: Reference map 'aeronautics.refmap.json' for aeronautics.mixins.json could not be read. If this is a development environment you can ignore this message
[26Sep2026 12:59:14.407] [main/WARN] [mixin/]: Reference map 'xaerolib.refmap.json' for xaerolib.mixins.json could not be read. If this is a development environment you can ignore this message
[26Sep2026 12:59:14.408] [main/WARN] [mixin/]: Reference map 'fragmentum.mixins.refmap.json' for fragmentum.mixins.json could not be read. If this is a development environment you can ignore this message
[26Sep2026 12:59:14.408] [main/WARN] [mixin/]: Reference map 'clumps.refmap.json' for clumps.mixins.json could not be read. If this is a development environment you can ignore this message
[26Sep2026 12:59:14.411] [main/INFO] [Sodium/]: Loaded configuration file for Sodium: 45 options available, 0 override(s) found
[26Sep2026 12:59:14.412] [main/WARN] [mixin/]: Reference map 'offroad.refmap.json' for offroad.mixins.json could not be read. If this is a development environment you can ignore this message
[26Sep2026 12:59:14.418] [main/WARN] [mixin/]: Reference map 'ponder.refmap.json' for ponder-common.mixins.json could not be read. If this is a development environment you can ignore this message
[26Sep2026 12:59:14.421] [main/INFO] [dev.ryanhcode.sable.mixin.AbstractSableMixinPlugin/]: Using Sodium renderer mixins
[26Sep2026 12:59:14.421] [main/INFO] [dev.ryanhcode.sable.mixin.AbstractSableMixinPlugin/]: Using Sodium renderer mixins
[26Sep2026 12:59:14.421] [main/WARN] [mixin/]: Reference map 'xaerominimap.refmap.json' for xaerohud.mixins.json could not be read. If this is a development environment you can ignore this message
[26Sep2026 12:59:14.422] [main/WARN] [mixin/]: Reference map 'xaerominimap.refmap.json' for xaerominimap.mixins.json could not be read. If this is a development environment you can ignore this message
[26Sep2026 12:59:14.423] [main/WARN] [mixin/]: Reference map 'yet_another_config_lib_v3.refmap.json' for yacl.mixins.json could not be read. If this is a development environment you can ignore this message
[26Sep2026 12:59:14.423] [main/WARN] [mixin/]: Reference map 'lodestone.refmap.json' for lodestone.mixins.json could not be read. If this is a development environment you can ignore this message
[26Sep2026 12:59:14.424] [main/WARN] [mixin/]: Reference map 'malum.refmap.json' for malum.mixins.json could not be read. If this is a development environment you can ignore this message
[26Sep2026 12:59:14.427] [main/WARN] [mixin/]: Reference map 'aquamirae.refmap.json' for aquamirae.mixins.json could not be read. If this is a development environment you can ignore this message
[26Sep2026 12:59:14.427] [main/WARN] [mixin/]: Reference map 'aquamirae.refmap.json' for aquamirae.neoforge.mixins.json could not be read. If this is a development environment you can ignore this message
[26Sep2026 12:59:14.431] [main/WARN] [mixin/]: Reference map '' for adapter.init.mixins.json could not be read. If this is a development environment you can ignore this message
[26Sep2026 12:59:14.589] [main/INFO] [net.neoforged.coremod.CoreMod.apothic_enchanting/COREMODLOG]: Replaced 2 calls to Enchantment#getMaxLevel() in net/minecraft/world/inventory/AnvilMenu
[26Sep2026 12:59:14.597] [main/INFO] [net.neoforged.coremod.CoreMod.apothic_enchanting/COREMODLOG]: Replaced 2 calls to Enchantment#getMaxLevel() in net/minecraft/server/commands/EnchantCommand
[26Sep2026 12:59:14.637] [main/INFO] [net.neoforged.coremod.CoreMod.apothic_enchanting/COREMODLOG]: Replaced 1 calls to Enchantment#getMaxLevel() in net/minecraft/world/item/enchantment/EnchantmentHelper
[26Sep2026 12:59:14.642] [main/INFO] [net.neoforged.coremod.CoreMod.apothic_enchanting/COREMODLOG]: Replaced 1 calls to Enchantment#getMaxLevel() in net/minecraft/world/level/storage/loot/functions/EnchantRandomlyFunction
[26Sep2026 12:59:14.786] [main/WARN] [mixin/]: Error loading class: net/irisshaders/iris/pipeline/PipelineManager (java.lang.ClassNotFoundException: net.irisshaders.iris.pipeline.PipelineManager)
[26Sep2026 12:59:14.786] [main/WARN] [mixin/]: @Mixin target net.irisshaders.iris.pipeline.PipelineManager was not found veil.neoforge.mixins.json:client.perspective.iris.PipelineManagerMixin from mod veil
[26Sep2026 12:59:14.920] [main/WARN] [mixin/]: Error loading class: me/jellysquid/mods/lithium/common/ai/pathing/PathNodeDefaults (java.lang.ClassNotFoundException: me.jellysquid.mods.lithium.common.ai.pathing.PathNodeDefaults)
[26Sep2026 12:59:14.952] [main/INFO] [net.neoforged.coremod.CoreMod.apothic_enchanting/COREMODLOG]: Replaced 2 calls to Enchantment#getMaxLevel() in net/minecraft/world/item/CreativeModeTabs
[26Sep2026 12:59:15.008] [main/INFO] [net.neoforged.coremod.CoreMod.apothic_enchanting/COREMODLOG]: Replaced 1 calls to Enchantment#getMaxLevel() in net/minecraft/world/item/enchantment/Enchantment
[26Sep2026 12:59:15.010] [main/WARN] [mixin/]: Error loading class: org/violetmoon/quark/content/tweaks/module/GoldToolsHaveFortuneModule (java.lang.ClassNotFoundException: org.violetmoon.quark.content.tweaks.module.GoldToolsHaveFortuneModule)
[26Sep2026 12:59:15.012] [main/WARN] [mixin/]: Error loading class: com/hollingsworth/arsnouveau/common/items/SpellCrossbow (java.lang.ClassNotFoundException: com.hollingsworth.arsnouveau.common.items.SpellCrossbow)
[26Sep2026 12:59:15.070] [main/WARN] [mixin/]: Error loading class: me/jellysquid/mods/lithium/common/ai/pathing/PathNodeDefaults (java.lang.ClassNotFoundException: me.jellysquid.mods.lithium.common.ai.pathing.PathNodeDefaults)
[26Sep2026 12:59:15.128] [main/INFO] [Lithium/]: Force-disabling mixin 'entity.collisions.unpushable_cramming.EntityMixin' as rule 'mixin.entity.collisions.unpushable_cramming' (added by mods [sable]) disables it and children
[26Sep2026 12:59:15.128] [main/INFO] [Lithium/]: Force-disabling mixin 'entity.collisions.unpushable_cramming.EntitySectionMixin' as rule 'mixin.entity.collisions.unpushable_cramming' (added by mods [sable]) disables it and children
[26Sep2026 12:59:15.129] [main/INFO] [Lithium/]: Force-disabling mixin 'entity.collisions.unpushable_cramming.EntitySelectorMixin' as rule 'mixin.entity.collisions.unpushable_cramming' (added by mods [sable]) disables it and children
[26Sep2026 12:59:15.129] [main/INFO] [Lithium/]: Force-disabling mixin 'entity.collisions.unpushable_cramming.LivingEntityMixin' as rule 'mixin.entity.collisions.unpushable_cramming' (added by mods [sable]) disables it and children
[26Sep2026 12:59:15.137] [main/INFO] [Lithium/]: Force-disabling mixin 'world.chunk_access.ChunkHolderMixin' as rule 'mixin.world.chunk_access' (added by mods [sable]) disables it and children
[26Sep2026 12:59:15.137] [main/INFO] [Lithium/]: Force-disabling mixin 'world.chunk_access.GenerationChunkHolderAccessor' as rule 'mixin.world.chunk_access' (added by mods [sable]) disables it and children
[26Sep2026 12:59:15.137] [main/INFO] [Lithium/]: Force-disabling mixin 'world.chunk_access.LevelMixin' as rule 'mixin.world.chunk_access' (added by mods [sable]) disables it and children
[26Sep2026 12:59:15.138] [main/INFO] [Lithium/]: Force-disabling mixin 'world.chunk_access.ServerChunkCacheMixin' as rule 'mixin.world.chunk_access' (added by mods [sable]) disables it and children
[26Sep2026 12:59:15.138] [main/INFO] [Lithium/]: Force-disabling mixin 'world.chunk_ticking.spread_ice.BiomeMixin' as rule 'mixin.world.chunk_ticking' (added by mods [sable]) disables it and children
[26Sep2026 12:59:15.139] [main/INFO] [Lithium/]: Force-disabling mixin 'world.tick_scheduler.LevelChunkTicksMixin' as rule 'mixin.world.tick_scheduler' (added by mods [sable]) disables it and children
[26Sep2026 12:59:15.445] [main/INFO] [net.neoforged.coremod.CoreMod.apothic_enchanting/COREMODLOG]: Patching FishingHook#catchingFish
[26Sep2026 12:59:15.474] [main/WARN] [mixin/]: Error loading class: dev/emi/emi/network/FillRecipeC2SPacket (java.lang.ClassNotFoundException: dev.emi.emi.network.FillRecipeC2SPacket)
[26Sep2026 12:59:15.474] [main/WARN] [mixin/]: @Mixin target dev.emi.emi.network.FillRecipeC2SPacket was not found sophisticated_jei_index.emi.mixins.json:emi.FillRecipeC2SPacketMixin from mod sophisticated_jei_index
[26Sep2026 12:59:15.475] [main/WARN] [mixin/]: Error loading class: dev/emi/emi/platform/EmiClient (java.lang.ClassNotFoundException: dev.emi.emi.platform.EmiClient)
[26Sep2026 12:59:15.475] [main/WARN] [mixin/]: @Mixin target dev.emi.emi.platform.EmiClient was not found sophisticated_jei_index.emi.mixins.json:emi.EmiClientMixin from mod sophisticated_jei_index
[26Sep2026 12:59:15.476] [main/WARN] [mixin/]: Error loading class: dev/emi/emi/api/recipe/EmiPlayerInventory (java.lang.ClassNotFoundException: dev.emi.emi.api.recipe.EmiPlayerInventory)
[26Sep2026 12:59:15.476] [main/WARN] [mixin/]: @Mixin target dev.emi.emi.api.recipe.EmiPlayerInventory was not found sophisticated_jei_index.emi.mixins.json:emi.EmiPlayerInventoryMixin from mod sophisticated_jei_index
[26Sep2026 12:59:15.476] [main/WARN] [mixin/]: Error loading class: dev/emi/emi/registry/EmiRecipeFiller (java.lang.ClassNotFoundException: dev.emi.emi.registry.EmiRecipeFiller)
[26Sep2026 12:59:15.476] [main/WARN] [mixin/]: @Mixin target dev.emi.emi.registry.EmiRecipeFiller was not found sophisticated_jei_index.emi.mixins.json:emi.EmiRecipeFillerMixin from mod sophisticated_jei_index
[26Sep2026 12:59:15.477] [main/WARN] [mixin/]: Error loading class: appeng/menu/me/items/CraftingTermMenu (java.lang.ClassNotFoundException: appeng.menu.me.items.CraftingTermMenu)
[26Sep2026 12:59:15.477] [main/WARN] [mixin/]: @Mixin target appeng.menu.me.items.CraftingTermMenu was not found sophisticated_jei_index.ae2.mixins.json:ae2.CraftingTermMenuMixin from mod sophisticated_jei_index
[26Sep2026 12:59:15.477] [main/WARN] [mixin/]: Error loading class: appeng/core/network/serverbound/FillCraftingGridFromRecipePacket (java.lang.ClassNotFoundException: appeng.core.network.serverbound.FillCraftingGridFromRecipePacket)
[26Sep2026 12:59:15.477] [main/WARN] [mixin/]: @Mixin target appeng.core.network.serverbound.FillCraftingGridFromRecipePacket was not found sophisticated_jei_index.ae2.mixins.json:ae2.FillCraftingGridFromRecipePacketMixin from mod sophisticated_jei_index
[26Sep2026 12:59:15.478] [main/WARN] [mixin/]: Error loading class: com/refinedmods/refinedstorage/apiimpl/network/grid/CraftingGridBehavior (java.lang.ClassNotFoundException: com.refinedmods.refinedstorage.apiimpl.network.grid.CraftingGridBehavior)
[26Sep2026 12:59:15.478] [main/WARN] [mixin/]: @Mixin target com.refinedmods.refinedstorage.apiimpl.network.grid.CraftingGridBehavior was not found sophisticated_jei_index.rs.mixins.json:rs.CraftingGridBehaviorMixin from mod sophisticated_jei_index
[26Sep2026 12:59:15.478] [main/WARN] [mixin/]: Error loading class: com/refinedmods/refinedstorage/integration/jei/IngredientTracker (java.lang.ClassNotFoundException: com.refinedmods.refinedstorage.integration.jei.IngredientTracker)
[26Sep2026 12:59:15.479] [main/WARN] [mixin/]: @Mixin target com.refinedmods.refinedstorage.integration.jei.IngredientTracker was not found sophisticated_jei_index.rs.mixins.json:rs.IngredientTrackerMixin from mod sophisticated_jei_index
[26Sep2026 12:59:15.480] [main/WARN] [mixin/]: Error loading class: com/wintercogs/beyonddimensions/common/menu/widget/slot/AutoRefillResultSlot (java.lang.ClassNotFoundException: com.wintercogs.beyonddimensions.common.menu.widget.slot.AutoRefillResultSlot)
[26Sep2026 12:59:15.480] [main/WARN] [mixin/]: @Mixin target com.wintercogs.beyonddimensions.common.menu.widget.slot.AutoRefillResultSlot was not found sophisticated_jei_index.bd.mixins.json:bd.AutoRefillResultSlotMixin from mod sophisticated_jei_index
[26Sep2026 12:59:15.480] [main/WARN] [mixin/]: Error loading class: com/wintercogs/beyonddimensions/common/menu/DimensionsCraftMenu (java.lang.ClassNotFoundException: com.wintercogs.beyonddimensions.common.menu.DimensionsCraftMenu)
[26Sep2026 12:59:15.480] [main/WARN] [mixin/]: @Mixin target com.wintercogs.beyonddimensions.common.menu.DimensionsCraftMenu was not found sophisticated_jei_index.bd.mixins.json:bd.DimensionsCraftMenuMixin from mod sophisticated_jei_index
[26Sep2026 12:59:15.481] [main/WARN] [mixin/]: Error loading class: com/wintercogs/beyonddimensions/integration/module/jei/transfer/CraftMenuRecipeTransferHandler (java.lang.ClassNotFoundException: com.wintercogs.beyonddimensions.integration.module.jei.transfer.CraftMenuRecipeTransferHandler)
[26Sep2026 12:59:15.481] [main/WARN] [mixin/]: @Mixin target com.wintercogs.beyonddimensions.integration.module.jei.transfer.CraftMenuRecipeTransferHandler was not found sophisticated_jei_index.bd.mixins.json:bd.CraftMenuRecipeTransferHandlerMixin from mod sophisticated_jei_index
[26Sep2026 12:59:15.481] [main/WARN] [mixin/]: Error loading class: com/wintercogs/beyonddimensions/integration/module/jei/transfer/CraftTerminalRecipeTransferHandler (java.lang.ClassNotFoundException: com.wintercogs.beyonddimensions.integration.module.jei.transfer.CraftTerminalRecipeTransferHandler)
[26Sep2026 12:59:15.481] [main/WARN] [mixin/]: @Mixin target com.wintercogs.beyonddimensions.integration.module.jei.transfer.CraftTerminalRecipeTransferHandler was not found sophisticated_jei_index.bd.mixins.json:bd.CraftTerminalRecipeTransferHandlerMixin from mod sophisticated_jei_index
[26Sep2026 12:59:15.482] [main/WARN] [mixin/]: Error loading class: com/wintercogs/beyonddimensions/integration/module/emi/recipe/NetRecipeHandler (java.lang.ClassNotFoundException: com.wintercogs.beyonddimensions.integration.module.emi.recipe.NetRecipeHandler)
[26Sep2026 12:59:15.482] [main/WARN] [mixin/]: @Mixin target com.wintercogs.beyonddimensions.integration.module.emi.recipe.NetRecipeHandler was not found sophisticated_jei_index.bd.mixins.json:bd.NetRecipeHandlerMixin from mod sophisticated_jei_index
[26Sep2026 12:59:15.553] [main/WARN] [mixin/]: Error loading class: org/jetbrains/annotations/ApiStatus$Internal (java.lang.ClassNotFoundException: org.jetbrains.annotations.ApiStatus$Internal)
[26Sep2026 12:59:15.593] [main/WARN] [mixin/]: Error loading class: org/jetbrains/annotations/ApiStatus$ScheduledForRemoval (java.lang.ClassNotFoundException: org.jetbrains.annotations.ApiStatus$ScheduledForRemoval)
[26Sep2026 12:59:15.620] [main/WARN] [mixin/]: Error loading class: org/jetbrains/annotations/ApiStatus$Internal (java.lang.ClassNotFoundException: org.jetbrains.annotations.ApiStatus$Internal)
[26Sep2026 12:59:15.634] [main/INFO] [MixinExtras|Service/]: Initializing MixinExtras via com.llamalad7.mixinextras.service.MixinExtrasServiceImpl(version=0.5.3).
[26Sep2026 12:59:16.812] [Datafixer Bootstrap/INFO] [com.mojang.datafixers.DataFixerBuilder/]: 229 Datafixer optimizations took 139 milliseconds
[26Sep2026 12:59:17.063] [pool-15-thread-1/INFO] [net.neoforged.coremod.CoreMod.apothic_enchanting/COREMODLOG]: Replaced 2 calls to Enchantment#getMaxLevel() in net/minecraft/world/item/CreativeModeTabs
[26Sep2026 12:59:17.956] [pool-15-thread-1/INFO] [net.neoforged.coremod.CoreMod.apothic_enchanting/COREMODLOG]: Replaced 2 calls to Enchantment#getMaxLevel() in net/minecraft/world/inventory/AnvilMenu
[26Sep2026 12:59:18.521] [pool-15-thread-1/INFO] [net.neoforged.coremod.CoreMod.apothic_enchanting/COREMODLOG]: Replaced 1 calls to Enchantment#getMaxLevel() in net/minecraft/world/item/enchantment/Enchantment
[26Sep2026 12:59:18.941] [pool-15-thread-1/INFO] [net.neoforged.coremod.CoreMod.apothic_enchanting/COREMODLOG]: Patching FishingHook#catchingFish
[26Sep2026 12:59:19.363] [pool-15-thread-1/INFO] [net.neoforged.coremod.CoreMod.apothic_enchanting/COREMODLOG]: Replaced 1 calls to Enchantment#getMaxLevel() in net/minecraft/world/level/storage/loot/functions/EnchantRandomlyFunction
[26Sep2026 12:59:19.702] [pool-15-thread-1/INFO] [net.neoforged.coremod.CoreMod.apothic_enchanting/COREMODLOG]: Replaced 1 calls to Enchantment#getMaxLevel() in net/minecraft/world/item/enchantment/providers/SingleEnchantment
[26Sep2026 12:59:19.821] [Render thread/WARN] [net.minecraft.server.packs.VanillaPackResourcesBuilder/]: Assets URL 'union:/home/MonadoMaster0/.var/app/org.prismlauncher.PrismLauncher/data/PrismLauncher/libraries/net/minecraft/client/1.21.1-20240808.144430/client-1.21.1-20240808.144430-srg.jar%23250!/assets/.mcassetsroot' uses unexpected schema
[26Sep2026 12:59:19.822] [Render thread/WARN] [net.minecraft.server.packs.VanillaPackResourcesBuilder/]: Assets URL 'union:/home/MonadoMaster0/.var/app/org.prismlauncher.PrismLauncher/data/PrismLauncher/libraries/net/minecraft/client/1.21.1-20240808.144430/client-1.21.1-20240808.144430-srg.jar%23250!/data/.mcassetsroot' uses unexpected schema
[26Sep2026 12:59:19.840] [Render thread/INFO] [com.mojang.authlib.yggdrasil.YggdrasilAuthenticationService/]: Environment: Environment[sessionHost=https://sessionserver.mojang.com, servicesHost=https://api.minecraftservices.com, name=PROD]
[26Sep2026 12:59:19.845] [Render thread/INFO] [net.minecraft.client.Minecraft/]: Setting user: MonadoMaster0
[26Sep2026 12:59:19.952] [Render thread/INFO] [surveyor/]: [Surveyor] is not a map mod
[26Sep2026 12:59:19.962] [Render thread/INFO] [surveyor/]: [Surveyor Client] is not a map mod either
[26Sep2026 12:59:20.083] [Render thread/INFO] [mixin/]: BeforeConstant is searching for constants in method with descriptor (Lnet/minecraft/client/GuiMessage;)V
[26Sep2026 12:59:20.083] [Render thread/INFO] [mixin/]:   BeforeConstant found STRING constant: value = , stringValue = null
[26Sep2026 12:59:20.083] [Render thread/INFO] [mixin/]:     BeforeConstant found a matching constant TYPE at ordinal 0
[26Sep2026 12:59:20.083] [Render thread/INFO] [mixin/]:       BeforeConstant found LdcInsn 
[26Sep2026 12:59:20.083] [Render thread/INFO] [mixin/]:   BeforeConstant found STRING constant: value = \\r, stringValue = null
[26Sep2026 12:59:20.083] [Render thread/INFO] [mixin/]:     BeforeConstant found a matching constant TYPE at ordinal 1
[26Sep2026 12:59:20.083] [Render thread/INFO] [mixin/]:       BeforeConstant found LdcInsn \\r
[26Sep2026 12:59:20.083] [Render thread/INFO] [mixin/]:   BeforeConstant found STRING constant: value = 
, stringValue = null
[26Sep2026 12:59:20.083] [Render thread/INFO] [mixin/]:     BeforeConstant found a matching constant TYPE at ordinal 2
[26Sep2026 12:59:20.083] [Render thread/INFO] [mixin/]:       BeforeConstant found LdcInsn 

[26Sep2026 12:59:20.083] [Render thread/INFO] [mixin/]:   BeforeConstant found STRING constant: value = \\n, stringValue = null
[26Sep2026 12:59:20.083] [Render thread/INFO] [mixin/]:     BeforeConstant found a matching constant TYPE at ordinal 3
[26Sep2026 12:59:20.083] [Render thread/INFO] [mixin/]:       BeforeConstant found LdcInsn \\n
[26Sep2026 12:59:20.083] [Render thread/INFO] [mixin/]:   BeforeConstant found CLASS constant: value = Ljava/lang/String;, typeValue = null
[26Sep2026 12:59:20.084] [Render thread/INFO] [mixin/]:   BeforeConstant found STRING constant: value = [{}] [CHAT] {}, stringValue = null
[26Sep2026 12:59:20.084] [Render thread/INFO] [mixin/]:     BeforeConstant found a matching constant TYPE at ordinal 4
[26Sep2026 12:59:20.084] [Render thread/INFO] [mixin/]:       BeforeConstant found LdcInsn [{}] [CHAT] {}
[26Sep2026 12:59:20.084] [Render thread/INFO] [mixin/]:   BeforeConstant found STRING constant: value = [CHAT] {}, stringValue = null
[26Sep2026 12:59:20.084] [Render thread/INFO] [mixin/]:     BeforeConstant found a matching constant TYPE at ordinal 5
[26Sep2026 12:59:20.084] [Render thread/INFO] [mixin/]:       BeforeConstant found LdcInsn [CHAT] {}
[26Sep2026 12:59:20.139] [Render thread/INFO] [net.minecraft.client.Minecraft/]: Backend library: LWJGL version 3.3.3+5
[26Sep2026 12:59:20.162] [Render thread/INFO] [com.mojang.blaze3d.platform.Window/]: OpenGL Vendor: AMD
[26Sep2026 12:59:20.162] [Render thread/INFO] [com.mojang.blaze3d.platform.Window/]: OpenGL Renderer: AMD Ryzen 5 7500X3D 6-Core Processor (radeonsi, raphael_mendocino, ACO, DRM 3.64, 7.2.7-200.fc44.x86_64)
[26Sep2026 12:59:20.162] [Render thread/INFO] [com.mojang.blaze3d.platform.Window/]: OpenGL Version: 4.6 (Core Profile) Mesa 26.2.2 (git-3281a69a8b)
[26Sep2026 12:59:20.368] [modloading-worker-0/INFO] [Veil/]: Veil is initializing.
[26Sep2026 12:59:20.370] [modloading-worker-0/INFO] [net.neoforged.neoforge.common.NeoForgeMod/NEOFORGE-MOD]: NeoForge mod loading, version 21.1.251, for MC 1.21.1
[26Sep2026 12:59:20.424] [modloading-worker-0/INFO] [xaero.map.WorldMap/]: Registering common data for channel xaeroworldmap:main!
[26Sep2026 12:59:20.446] [modloading-worker-0/INFO] [xaero.map.WorldMap/]: Registering client data for channel xaeroworldmap:main!
[26Sep2026 12:59:20.569] [modloading-worker-0/INFO] [xaero.map.WorldMap/]: Loading primary common config for channel xaeroworldmap:main!
[26Sep2026 12:59:20.569] [modloading-worker-0/INFO] [net.blay09.mods.balm.neoforge.config.NeoForgeBalmConfig/]: Registering config for inventoryessentials:common (COMMON) with 12 properties.
[26Sep2026 12:59:20.572] [modloading-worker-0/INFO] [xaero.map.WorldMap/]: Loading server config profiles for channel xaeroworldmap:main!
[26Sep2026 12:59:20.574] [modloading-worker-0/INFO] [xaero.map.WorldMap/]: Loading primary client config for channel xaeroworldmap:main!
[26Sep2026 12:59:20.575] [modloading-worker-0/INFO] [xaero.map.WorldMap/]: Loading client config profiles for channel xaeroworldmap:main!
[26Sep2026 12:59:20.626] [modloading-worker-0/INFO] [owo/]: Don't trust naschhorn, the Master of Taglocks, around you or your bed
[26Sep2026 12:59:20.638] [modloading-worker-0/WARN] [mixin/]: Discarding @Unique public method rotate in copycats-neoforge.mixins.json:foundation.copycat.multistate.MultiStateCopycatBlockMixin from mod copycats because it already exists in com.copycatsplus.copycats.foundation.copycat.multistate.MultiStateCopycatBlock
[26Sep2026 12:59:20.639] [modloading-worker-0/WARN] [mixin/]: Discarding @Unique public method mirror in copycats-neoforge.mixins.json:foundation.copycat.multistate.MultiStateCopycatBlockMixin from mod copycats because it already exists in com.copycatsplus.copycats.foundation.copycat.multistate.MultiStateCopycatBlock
[26Sep2026 12:59:20.639] [modloading-worker-0/WARN] [mixin/]: Discarding @Unique public method useItemOn in copycats-neoforge.mixins.json:foundation.copycat.multistate.MultiStateCopycatBlockMixin from mod copycats because it already exists in com.copycatsplus.copycats.foundation.copycat.multistate.MultiStateCopycatBlock
[26Sep2026 12:59:20.639] [modloading-worker-0/WARN] [mixin/]: Discarding @Unique public method useWithoutItem in copycats-neoforge.mixins.json:foundation.copycat.multistate.MultiStateCopycatBlockMixin from mod copycats because it already exists in com.copycatsplus.copycats.foundation.copycat.multistate.MultiStateCopycatBlock
[26Sep2026 12:59:20.650] [modloading-worker-0/WARN] [mixin/]: Discarding @Unique public method rotate in copycats-neoforge.mixins.json:foundation.copycat.CopycatBlockMixin from mod copycats because it already exists in com.copycatsplus.copycats.content.copycat.sliding_door.CopycatSlidingDoorBlock
[26Sep2026 12:59:20.650] [modloading-worker-0/WARN] [mixin/]: Discarding @Unique public method mirror in copycats-neoforge.mixins.json:foundation.copycat.CopycatBlockMixin from mod copycats because it already exists in com.copycatsplus.copycats.content.copycat.sliding_door.CopycatSlidingDoorBlock
[26Sep2026 12:59:20.650] [modloading-worker-0/WARN] [mixin/]: Discarding @Unique public method useItemOn in copycats-neoforge.mixins.json:foundation.copycat.CopycatBlockMixin from mod copycats because it already exists in com.copycatsplus.copycats.content.copycat.sliding_door.CopycatSlidingDoorBlock
[26Sep2026 12:59:20.650] [modloading-worker-0/WARN] [mixin/]: Discarding @Unique public method useWithoutItem in copycats-neoforge.mixins.json:foundation.copycat.CopycatBlockMixin from mod copycats because it already exists in com.copycatsplus.copycats.content.copycat.sliding_door.CopycatSlidingDoorBlock
[26Sep2026 12:59:20.654] [modloading-worker-0/WARN] [mixin/]: Discarding @Unique public method rotate in copycats-neoforge.mixins.json:foundation.copycat.CopycatBlockMixin from mod copycats because it already exists in com.copycatsplus.copycats.content.copycat.door.CopycatDoorBlock
[26Sep2026 12:59:20.654] [modloading-worker-0/WARN] [mixin/]: Discarding @Unique public method mirror in copycats-neoforge.mixins.json:foundation.copycat.CopycatBlockMixin from mod copycats because it already exists in com.copycatsplus.copycats.content.copycat.door.CopycatDoorBlock
[26Sep2026 12:59:20.654] [modloading-worker-0/WARN] [mixin/]: Discarding @Unique public method useItemOn in copycats-neoforge.mixins.json:foundation.copycat.CopycatBlockMixin from mod copycats because it already exists in com.copycatsplus.copycats.content.copycat.door.CopycatDoorBlock
[26Sep2026 12:59:20.654] [modloading-worker-0/WARN] [mixin/]: Discarding @Unique public method useWithoutItem in copycats-neoforge.mixins.json:foundation.copycat.CopycatBlockMixin from mod copycats because it already exists in com.copycatsplus.copycats.content.copycat.door.CopycatDoorBlock
[26Sep2026 12:59:20.657] [modloading-worker-0/WARN] [mixin/]: Discarding @Unique public method rotate in copycats-neoforge.mixins.json:foundation.copycat.CopycatBlockMixin from mod copycats because it already exists in com.copycatsplus.copycats.content.copycat.fluid_pipe.CopycatGlassFluidPipeBlock
[26Sep2026 12:59:20.657] [modloading-worker-0/WARN] [mixin/]: Discarding @Unique public method mirror in copycats-neoforge.mixins.json:foundation.copycat.CopycatBlockMixin from mod copycats because it already exists in com.copycatsplus.copycats.content.copycat.fluid_pipe.CopycatGlassFluidPipeBlock
[26Sep2026 12:59:20.657] [modloading-worker-0/WARN] [mixin/]: Discarding @Unique public method useItemOn in copycats-neoforge.mixins.json:foundation.copycat.CopycatBlockMixin from mod copycats because it already exists in com.copycatsplus.copycats.content.copycat.fluid_pipe.CopycatGlassFluidPipeBlock
[26Sep2026 12:59:20.657] [modloading-worker-0/WARN] [mixin/]: Discarding @Unique public method useWithoutItem in copycats-neoforge.mixins.json:foundation.copycat.CopycatBlockMixin from mod copycats because it already exists in com.copycatsplus.copycats.content.copycat.fluid_pipe.CopycatGlassFluidPipeBlock
[26Sep2026 12:59:20.673] [modloading-worker-0/INFO] [xaero.lib.XaeroLib/]: Registering common data for channel xaerolib:main!
[26Sep2026 12:59:20.684] [modloading-worker-0/INFO] [xaero.lib.XaeroLib/]: Registering client data for channel xaerolib:main!
[26Sep2026 12:59:20.686] [modloading-worker-0/INFO] [xaero.lib.XaeroLib/]: Loading primary common config for channel xaerolib:main!
[26Sep2026 12:59:20.686] [modloading-worker-0/WARN] [mixin/]: Discarding @Unique public method rotate in copycats-neoforge.mixins.json:foundation.copycat.CopycatBlockMixin from mod copycats because it already exists in com.copycatsplus.copycats.foundation.copycat.CCCopycatBlock
[26Sep2026 12:59:20.686] [modloading-worker-0/WARN] [mixin/]: Discarding @Unique public method mirror in copycats-neoforge.mixins.json:foundation.copycat.CopycatBlockMixin from mod copycats because it already exists in com.copycatsplus.copycats.foundation.copycat.CCCopycatBlock
[26Sep2026 12:59:20.686] [modloading-worker-0/WARN] [mixin/]: Discarding @Unique public method useItemOn in copycats-neoforge.mixins.json:foundation.copycat.CopycatBlockMixin from mod copycats because it already exists in com.copycatsplus.copycats.foundation.copycat.CCCopycatBlock
[26Sep2026 12:59:20.686] [modloading-worker-0/WARN] [mixin/]: Discarding @Unique public method useWithoutItem in copycats-neoforge.mixins.json:foundation.copycat.CopycatBlockMixin from mod copycats because it already exists in com.copycatsplus.copycats.foundation.copycat.CCCopycatBlock
[26Sep2026 12:59:20.687] [modloading-worker-0/INFO] [xaero.lib.XaeroLib/]: Loading server config profiles for channel xaerolib:main!
[26Sep2026 12:59:20.687] [modloading-worker-0/INFO] [xaero.lib.XaeroLib/]: Loading primary client config for channel xaerolib:main!
[26Sep2026 12:59:20.688] [modloading-worker-0/INFO] [xaero.lib.XaeroLib/]: Loading client config profiles for channel xaerolib:main!
[26Sep2026 12:59:20.712] [modloading-worker-0/WARN] [mixin/]: Discarding @Unique public method rotate in copycats-neoforge.mixins.json:foundation.copycat.CopycatBlockMixin from mod copycats because it already exists in com.copycatsplus.copycats.content.copycat.button.CopycatButtonBlock
[26Sep2026 12:59:20.712] [modloading-worker-0/WARN] [mixin/]: Discarding @Unique public method mirror in copycats-neoforge.mixins.json:foundation.copycat.CopycatBlockMixin from mod copycats because it already exists in com.copycatsplus.copycats.content.copycat.button.CopycatButtonBlock
[26Sep2026 12:59:20.712] [modloading-worker-0/WARN] [mixin/]: Discarding @Unique public method useItemOn in copycats-neoforge.mixins.json:foundation.copycat.CopycatBlockMixin from mod copycats because it already exists in com.copycatsplus.copycats.content.copycat.button.CopycatButtonBlock
[26Sep2026 12:59:20.712] [modloading-worker-0/WARN] [mixin/]: Discarding @Unique public method useWithoutItem in copycats-neoforge.mixins.json:foundation.copycat.CopycatBlockMixin from mod copycats because it already exists in com.copycatsplus.copycats.content.copycat.button.CopycatButtonBlock
[26Sep2026 12:59:20.713] [modloading-worker-0/INFO] [net.fabricmc.fabric.impl.client.indigo.Indigo/]: [Indigo] Different rendering plugin detected; not applying Indigo.
[26Sep2026 12:59:20.729] [modloading-worker-0/WARN] [mixin/]: Discarding @Unique public method rotate in copycats-neoforge.mixins.json:foundation.copycat.CopycatBlockMixin from mod copycats because it already exists in com.copycatsplus.copycats.content.copycat.fence.CopycatFenceBlock
[26Sep2026 12:59:20.729] [modloading-worker-0/WARN] [mixin/]: Discarding @Unique public method mirror in copycats-neoforge.mixins.json:foundation.copycat.CopycatBlockMixin from mod copycats because it already exists in com.copycatsplus.copycats.content.copycat.fence.CopycatFenceBlock
[26Sep2026 12:59:20.729] [modloading-worker-0/WARN] [mixin/]: Discarding @Unique public method useItemOn in copycats-neoforge.mixins.json:foundation.copycat.CopycatBlockMixin from mod copycats because it already exists in com.copycatsplus.copycats.content.copycat.fence.CopycatFenceBlock
[26Sep2026 12:59:20.729] [modloading-worker-0/WARN] [mixin/]: Discarding @Unique public method useWithoutItem in copycats-neoforge.mixins.json:foundation.copycat.CopycatBlockMixin from mod copycats because it already exists in com.copycatsplus.copycats.content.copycat.fence.CopycatFenceBlock
[26Sep2026 12:59:20.751] [modloading-worker-0/WARN] [mixin/]: Discarding @Unique public method rotate in copycats-neoforge.mixins.json:foundation.copycat.CopycatBlockMixin from mod copycats because it already exists in com.copycatsplus.copycats.content.copycat.fence_gate.CopycatFenceGateBlock
[26Sep2026 12:59:20.751] [modloading-worker-0/WARN] [mixin/]: Discarding @Unique public method mirror in copycats-neoforge.mixins.json:foundation.copycat.CopycatBlockMixin from mod copycats because it already exists in com.copycatsplus.copycats.content.copycat.fence_gate.CopycatFenceGateBlock
[26Sep2026 12:59:20.751] [modloading-worker-0/WARN] [mixin/]: Discarding @Unique public method useItemOn in copycats-neoforge.mixins.json:foundation.copycat.CopycatBlockMixin from mod copycats because it already exists in com.copycatsplus.copycats.content.copycat.fence_gate.CopycatFenceGateBlock
[26Sep2026 12:59:20.751] [modloading-worker-0/WARN] [mixin/]: Discarding @Unique public method useWithoutItem in copycats-neoforge.mixins.json:foundation.copycat.CopycatBlockMixin from mod copycats because it already exists in com.copycatsplus.copycats.content.copycat.fence_gate.CopycatFenceGateBlock
[26Sep2026 12:59:20.773] [modloading-worker-0/WARN] [mixin/]: Discarding @Unique public method rotate in copycats-neoforge.mixins.json:foundation.copycat.CopycatBlockMixin from mod copycats because it already exists in com.copycatsplus.copycats.content.copycat.ladder.CopycatLadderBlock
[26Sep2026 12:59:20.773] [modloading-worker-0/WARN] [mixin/]: Discarding @Unique public method mirror in copycats-neoforge.mixins.json:foundation.copycat.CopycatBlockMixin from mod copycats because it already exists in com.copycatsplus.copycats.content.copycat.ladder.CopycatLadderBlock
[26Sep2026 12:59:20.773] [modloading-worker-0/WARN] [mixin/]: Discarding @Unique public method useItemOn in copycats-neoforge.mixins.json:foundation.copycat.CopycatBlockMixin from mod copycats because it already exists in com.copycatsplus.copycats.content.copycat.ladder.CopycatLadderBlock
[26Sep2026 12:59:20.773] [modloading-worker-0/WARN] [mixin/]: Discarding @Unique public method useWithoutItem in copycats-neoforge.mixins.json:foundation.copycat.CopycatBlockMixin from mod copycats because it already exists in com.copycatsplus.copycats.content.copycat.ladder.CopycatLadderBlock
[26Sep2026 12:59:20.785] [modloading-worker-0/WARN] [mixin/]: Discarding @Unique public method rotate in copycats-neoforge.mixins.json:foundation.copycat.CopycatBlockMixin from mod copycats because it already exists in com.copycatsplus.copycats.content.copycat.pressure_plate.CopycatPressurePlateBlock
[26Sep2026 12:59:20.786] [modloading-worker-0/WARN] [mixin/]: Discarding @Unique public method mirror in copycats-neoforge.mixins.json:foundation.copycat.CopycatBlockMixin from mod copycats because it already exists in com.copycatsplus.copycats.content.copycat.pressure_plate.CopycatPressurePlateBlock
[26Sep2026 12:59:20.786] [modloading-worker-0/WARN] [mixin/]: Discarding @Unique public method useItemOn in copycats-neoforge.mixins.json:foundation.copycat.CopycatBlockMixin from mod copycats because it already exists in com.copycatsplus.copycats.content.copycat.pressure_plate.CopycatPressurePlateBlock
[26Sep2026 12:59:20.786] [modloading-worker-0/WARN] [mixin/]: Discarding @Unique public method useWithoutItem in copycats-neoforge.mixins.json:foundation.copycat.CopycatBlockMixin from mod copycats because it already exists in com.copycatsplus.copycats.content.copycat.pressure_plate.CopycatPressurePlateBlock
[26Sep2026 12:59:20.793] [modloading-worker-0/WARN] [mixin/]: Discarding @Unique public method rotate in copycats-neoforge.mixins.json:foundation.copycat.CopycatBlockMixin from mod copycats because it already exists in com.copycatsplus.copycats.content.copycat.pressure_plate.CopycatWeightedPressurePlate
[26Sep2026 12:59:20.793] [modloading-worker-0/WARN] [mixin/]: Discarding @Unique public method mirror in copycats-neoforge.mixins.json:foundation.copycat.CopycatBlockMixin from mod copycats because it already exists in com.copycatsplus.copycats.content.copycat.pressure_plate.CopycatWeightedPressurePlate
[26Sep2026 12:59:20.793] [modloading-worker-0/WARN] [mixin/]: Discarding @Unique public method useItemOn in copycats-neoforge.mixins.json:foundation.copycat.CopycatBlockMixin from mod copycats because it already exists in com.copycatsplus.copycats.content.copycat.pressure_plate.CopycatWeightedPressurePlate
[26Sep2026 12:59:20.793] [modloading-worker-0/WARN] [mixin/]: Discarding @Unique public method useWithoutItem in copycats-neoforge.mixins.json:foundation.copycat.CopycatBlockMixin from mod copycats because it already exists in com.copycatsplus.copycats.content.copycat.pressure_plate.CopycatWeightedPressurePlate
[26Sep2026 12:59:20.806] [modloading-worker-0/WARN] [mixin/]: Discarding @Unique public method rotate in copycats-neoforge.mixins.json:foundation.copycat.CopycatBlockMixin from mod copycats because it already exists in com.copycatsplus.copycats.content.copycat.stairs.CopycatStairsBlock
[26Sep2026 12:59:20.806] [modloading-worker-0/WARN] [mixin/]: Discarding @Unique public method mirror in copycats-neoforge.mixins.json:foundation.copycat.CopycatBlockMixin from mod copycats because it already exists in com.copycatsplus.copycats.content.copycat.stairs.CopycatStairsBlock
[26Sep2026 12:59:20.806] [modloading-worker-0/WARN] [mixin/]: Discarding @Unique public method useItemOn in copycats-neoforge.mixins.json:foundation.copycat.CopycatBlockMixin from mod copycats because it already exists in com.copycatsplus.copycats.content.copycat.stairs.CopycatStairsBlock
[26Sep2026 12:59:20.806] [modloading-worker-0/WARN] [mixin/]: Discarding @Unique public method useWithoutItem in copycats-neoforge.mixins.json:foundation.copycat.CopycatBlockMixin from mod copycats because it already exists in com.copycatsplus.copycats.content.copycat.stairs.CopycatStairsBlock
[26Sep2026 12:59:20.827] [modloading-worker-0/WARN] [mixin/]: Discarding @Unique public method rotate in copycats-neoforge.mixins.json:foundation.copycat.CopycatBlockMixin from mod copycats because it already exists in com.copycatsplus.copycats.content.copycat.trapdoor.CopycatTrapdoorBlock
[26Sep2026 12:59:20.828] [modloading-worker-0/WARN] [mixin/]: Discarding @Unique public method mirror in copycats-neoforge.mixins.json:foundation.copycat.CopycatBlockMixin from mod copycats because it already exists in com.copycatsplus.copycats.content.copycat.trapdoor.CopycatTrapdoorBlock
[26Sep2026 12:59:20.828] [modloading-worker-0/WARN] [mixin/]: Discarding @Unique public method useItemOn in copycats-neoforge.mixins.json:foundation.copycat.CopycatBlockMixin from mod copycats because it already exists in com.copycatsplus.copycats.content.copycat.trapdoor.CopycatTrapdoorBlock
[26Sep2026 12:59:20.828] [modloading-worker-0/WARN] [mixin/]: Discarding @Unique public method useWithoutItem in copycats-neoforge.mixins.json:foundation.copycat.CopycatBlockMixin from mod copycats because it already exists in com.copycatsplus.copycats.content.copycat.trapdoor.CopycatTrapdoorBlock
[26Sep2026 12:59:20.859] [modloading-worker-0/WARN] [mixin/]: Discarding @Unique public method rotate in copycats-neoforge.mixins.json:foundation.copycat.CopycatBlockMixin from mod copycats because it already exists in com.copycatsplus.copycats.content.copycat.wall.CopycatWallBlock
[26Sep2026 12:59:20.859] [modloading-worker-0/WARN] [mixin/]: Discarding @Unique public method mirror in copycats-neoforge.mixins.json:foundation.copycat.CopycatBlockMixin from mod copycats because it already exists in com.copycatsplus.copycats.content.copycat.wall.CopycatWallBlock
[26Sep2026 12:59:20.859] [modloading-worker-0/WARN] [mixin/]: Discarding @Unique public method useItemOn in copycats-neoforge.mixins.json:foundation.copycat.CopycatBlockMixin from mod copycats because it already exists in com.copycatsplus.copycats.content.copycat.wall.CopycatWallBlock
[26Sep2026 12:59:20.859] [modloading-worker-0/WARN] [mixin/]: Discarding @Unique public method useWithoutItem in copycats-neoforge.mixins.json:foundation.copycat.CopycatBlockMixin from mod copycats because it already exists in com.copycatsplus.copycats.content.copycat.wall.CopycatWallBlock
[26Sep2026 12:59:20.880] [modloading-worker-0/WARN] [mixin/]: Discarding @Unique public method rotate in copycats-neoforge.mixins.json:foundation.copycat.CopycatBlockMixin from mod copycats because it already exists in com.copycatsplus.copycats.content.copycat.shaft.CopycatShaftBlock
[26Sep2026 12:59:20.880] [modloading-worker-0/WARN] [mixin/]: Discarding @Unique public method mirror in copycats-neoforge.mixins.json:foundation.copycat.CopycatBlockMixin from mod copycats because it already exists in com.copycatsplus.copycats.content.copycat.shaft.CopycatShaftBlock
[26Sep2026 12:59:20.880] [modloading-worker-0/WARN] [mixin/]: Discarding @Unique public method useItemOn in copycats-neoforge.mixins.json:foundation.copycat.CopycatBlockMixin from mod copycats because it already exists in com.copycatsplus.copycats.content.copycat.shaft.CopycatShaftBlock
[26Sep2026 12:59:20.880] [modloading-worker-0/WARN] [mixin/]: Discarding @Unique public method useWithoutItem in copycats-neoforge.mixins.json:foundation.copycat.CopycatBlockMixin from mod copycats because it already exists in com.copycatsplus.copycats.content.copycat.shaft.CopycatShaftBlock
[26Sep2026 12:59:20.896] [modloading-worker-0/WARN] [mixin/]: Discarding @Unique public method rotate in copycats-neoforge.mixins.json:foundation.copycat.multistate.MultiStateCopycatBlockMixin from mod copycats because it already exists in com.copycatsplus.copycats.content.copycat.cogwheel.CopycatCogWheelBlock
[26Sep2026 12:59:20.896] [modloading-worker-0/WARN] [mixin/]: Discarding @Unique public method mirror in copycats-neoforge.mixins.json:foundation.copycat.multistate.MultiStateCopycatBlockMixin from mod copycats because it already exists in com.copycatsplus.copycats.content.copycat.cogwheel.CopycatCogWheelBlock
[26Sep2026 12:59:20.896] [modloading-worker-0/WARN] [mixin/]: Discarding @Unique public method useItemOn in copycats-neoforge.mixins.json:foundation.copycat.multistate.MultiStateCopycatBlockMixin from mod copycats because it already exists in com.copycatsplus.copycats.content.copycat.cogwheel.CopycatCogWheelBlock
[26Sep2026 12:59:20.897] [modloading-worker-0/WARN] [mixin/]: Discarding @Unique public method useWithoutItem in copycats-neoforge.mixins.json:foundation.copycat.multistate.MultiStateCopycatBlockMixin from mod copycats because it already exists in com.copycatsplus.copycats.content.copycat.cogwheel.CopycatCogWheelBlock
[26Sep2026 12:59:20.913] [modloading-worker-0/WARN] [mixin/]: Discarding @Unique public method rotate in copycats-neoforge.mixins.json:foundation.copycat.CopycatBlockMixin from mod copycats because it already exists in com.copycatsplus.copycats.content.copycat.fluid_pipe.CopycatFluidPipeBlock
[26Sep2026 12:59:20.914] [modloading-worker-0/WARN] [mixin/]: Discarding @Unique public method mirror in copycats-neoforge.mixins.json:foundation.copycat.CopycatBlockMixin from mod copycats because it already exists in com.copycatsplus.copycats.content.copycat.fluid_pipe.CopycatFluidPipeBlock
[26Sep2026 12:59:20.914] [modloading-worker-0/WARN] [mixin/]: Discarding @Unique public method useItemOn in copycats-neoforge.mixins.json:foundation.copycat.CopycatBlockMixin from mod copycats because it already exists in com.copycatsplus.copycats.content.copycat.fluid_pipe.CopycatFluidPipeBlock
[26Sep2026 12:59:20.914] [modloading-worker-0/WARN] [mixin/]: Discarding @Unique public method useWithoutItem in copycats-neoforge.mixins.json:foundation.copycat.CopycatBlockMixin from mod copycats because it already exists in com.copycatsplus.copycats.content.copycat.fluid_pipe.CopycatFluidPipeBlock
[26Sep2026 12:59:20.940] [modloading-worker-0/WARN] [mixin/]: Discarding @Unique public method rotate in copycats-neoforge.mixins.json:foundation.copycat.CopycatBlockMixin from mod copycats because it already exists in com.copycatsplus.copycats.content.copycat.pane.CopycatPaneBlock
[26Sep2026 12:59:20.940] [modloading-worker-0/WARN] [mixin/]: Discarding @Unique public method mirror in copycats-neoforge.mixins.json:foundation.copycat.CopycatBlockMixin from mod copycats because it already exists in com.copycatsplus.copycats.content.copycat.pane.CopycatPaneBlock
[26Sep2026 12:59:20.940] [modloading-worker-0/WARN] [mixin/]: Discarding @Unique public method useItemOn in copycats-neoforge.mixins.json:foundation.copycat.CopycatBlockMixin from mod copycats because it already exists in com.copycatsplus.copycats.content.copycat.pane.CopycatPaneBlock
[26Sep2026 12:59:20.940] [modloading-worker-0/WARN] [mixin/]: Discarding @Unique public method useWithoutItem in copycats-neoforge.mixins.json:foundation.copycat.CopycatBlockMixin from mod copycats because it already exists in com.copycatsplus.copycats.content.copycat.pane.CopycatPaneBlock
[26Sep2026 12:59:20.943] [modloading-worker-0/INFO] [thedarkcolour.kotlinforforge.neoforge.test.KotlinForForge/]: Kotlin For Forge Enabled!
[26Sep2026 12:59:20.959] [modloading-worker-0/WARN] [mixin/]: Discarding @Unique public method onLoad in copycats-neoforge.mixins.json:foundation.copycat.CopycatBlockEntityMixin from mod copycats because it already exists in com.copycatsplus.copycats.foundation.copycat.CCCopycatBlockEntity
[26Sep2026 12:59:20.962] [modloading-worker-0/WARN] [mixin/]: Discarding @Unique public method onLoad in copycats-neoforge.mixins.json:foundation.copycat.multistate.MultiStateCopycatBlockEntityMixin from mod copycats because it already exists in com.copycatsplus.copycats.foundation.copycat.multistate.MultiStateCopycatBlockEntity
[26Sep2026 12:59:20.969] [modloading-worker-0/WARN] [mixin/]: Discarding @Unique public method onLoad in copycats-neoforge.mixins.json:foundation.copycat.CopycatBlockEntityMixin from mod copycats because it already exists in com.copycatsplus.copycats.content.copycat.shaft.CopycatShaftBlockEntity
[26Sep2026 12:59:20.971] [modloading-worker-0/WARN] [mixin/]: Discarding @Unique public method onLoad in copycats-neoforge.mixins.json:foundation.copycat.multistate.MultiStateCopycatBlockEntityMixin from mod copycats because it already exists in com.copycatsplus.copycats.content.copycat.cogwheel.CopycatCogWheelBlockEntity
[26Sep2026 12:59:20.978] [modloading-worker-0/WARN] [mixin/]: Discarding @Unique public method onLoad in copycats-neoforge.mixins.json:foundation.copycat.CopycatBlockEntityMixin from mod copycats because it already exists in com.copycatsplus.copycats.content.copycat.fluid_pipe.CopycatFluidPipeBlockEntity
[26Sep2026 12:59:20.980] [modloading-worker-0/WARN] [mixin/]: Discarding @Unique public method onLoad in copycats-neoforge.mixins.json:foundation.copycat.CopycatBlockEntityMixin from mod copycats because it already exists in com.copycatsplus.copycats.content.copycat.fluid_pipe.CopycatStraightPipeBlockEntity
[26Sep2026 12:59:20.982] [modloading-worker-0/WARN] [mixin/]: Discarding @Unique public method onLoad in copycats-neoforge.mixins.json:foundation.copycat.CopycatBlockEntityMixin from mod copycats because it already exists in com.copycatsplus.copycats.content.copycat.sliding_door.CopycatSlidingDoorBlockEntity
[26Sep2026 12:59:21.002] [modloading-worker-0/INFO] [com.simibubi.create.Create/]: Create 6.0.10 initializing! Commit hash: ac0c444d9828da3453ae8cc65338e8de063286fb
[26Sep2026 12:59:21.002] [modloading-worker-0/WARN] [patchouli/]: Could not locate JEI keybindings, lookups in books may not work
[26Sep2026 12:59:21.004] [modloading-worker-0/INFO] [Inventorio/]: Mod integration succeeded for Clumps
[26Sep2026 12:59:21.005] [modloading-worker-0/INFO] [Inventorio/]: Mod integration succeeded for Curios API
[26Sep2026 12:59:21.018] [modloading-worker-0/INFO] [mcqoy/]: [McQoy] I’m beginning to think I can cure a rainy day!
[26Sep2026 12:59:21.047] [modloading-worker-0/INFO] [YetAnotherConfigLib/]: Deserializing YACLConfig from '/home/MonadoMaster0/.var/app/org.prismlauncher.PrismLauncher/data/PrismLauncher/instances/1.21.1/minecraft/config/yacl.json5'
[26Sep2026 12:59:21.052] [modloading-worker-0/INFO] [YARRP/]: Loading yarrp
[26Sep2026 12:59:21.056] [modloading-worker-0/INFO] [xaero.hud.minimap.MinimapLogs/]: Xaero's Minimap: World Map found!
[26Sep2026 12:59:21.056] [modloading-worker-0/INFO] [xaero.hud.minimap.MinimapLogs/]: No Optifine!
[26Sep2026 12:59:21.056] [modloading-worker-0/INFO] [xaero.hud.minimap.MinimapLogs/]: Xaero's Minimap: No Vivecraft!
[26Sep2026 12:59:21.059] [modloading-worker-0/WARN] [mixin/]: Discarding @Unique public method onLoad in copycats-common.mixins.json:foundation.copycat.CopycatBlockEntityMixin from mod copycats because it already exists in com.simibubi.create.content.decoration.copycat.CopycatBlockEntity
[26Sep2026 12:59:21.067] [modloading-worker-0/INFO] [xaero.common.HudMod/]: Registering common data for channel xaerominimap:main!
[26Sep2026 12:59:21.075] [modloading-worker-0/INFO] [mezz.jei.library.load.PluginCaller/]: Sending ConfigManager...
[26Sep2026 12:59:21.078] [modloading-worker-0/INFO] [xaero.common.HudMod/]: Registering client data for channel xaerominimap:main!
[26Sep2026 12:59:21.079] [modloading-worker-0/INFO] [mezz.jei.library.load.PluginCaller/]: Sending ConfigManager took 1.474 milliseconds
[26Sep2026 12:59:21.089] [modloading-worker-0/INFO] [xaero.common.HudMod/]: Loading primary common config for channel xaerominimap:main!
[26Sep2026 12:59:21.090] [modloading-worker-0/INFO] [xaero.common.HudMod/]: Loading server config profiles for channel xaerominimap:main!
[26Sep2026 12:59:21.091] [modloading-worker-0/INFO] [xaero.common.HudMod/]: Loading primary client config for channel xaerominimap:main!
[26Sep2026 12:59:21.091] [modloading-worker-0/INFO] [xaero.common.HudMod/]: Loading client config profiles for channel xaerominimap:main!
[26Sep2026 12:59:21.104] [modloading-worker-0/INFO] [KubeJS/]: Loading vanilla registries...
[26Sep2026 12:59:21.111] [modloading-worker-0/INFO] [KubeJS/]: Looking for KubeJS plugins...
[26Sep2026 12:59:21.113] [modloading-worker-0/INFO] [KubeJS/]: Found plugin source kubejs
[26Sep2026 12:59:21.117] [modloading-worker-0/INFO] [KubeJS/]: Found plugin source probejs
[26Sep2026 12:59:21.118] [modloading-worker-0/INFO] [KubeJS/]: Found plugin source malum
[26Sep2026 12:59:21.119] [modloading-worker-0/INFO] [KubeJS/]: Found plugin source kubejs_create
[26Sep2026 12:59:21.120] [modloading-worker-0/INFO] [KubeJS/]: Done in 8.643 ms
[26Sep2026 12:59:21.123] [modloading-worker-0/WARN] [mixin/]: @Inject(@At("INVOKE")) Shift.BY=2 on create_connected.mixins.json:sequencedgearshift.SequencedGearshiftScreenMixin from mod create_connected::handler$bbg000$create_connected$updateParamsOfRow exceeds the maximum allowed value: 0. Increase the value of maxShiftBy to suppress this warning.
[26Sep2026 12:59:21.281] [modloading-worker-0/WARN] [mixin/]: Discarding @Unique public method useItemOn in copycats-common.mixins.json:copycat.step.CopycatStepBlockMixin from mod copycats because it already exists in com.simibubi.create.content.decoration.copycat.CopycatStepBlock
[26Sep2026 12:59:21.285] [modloading-worker-0/WARN] [mixin/]: Discarding @Unique public method useItemOn in copycats-common.mixins.json:copycat.panel.CopycatPanelBlockMixin from mod copycats because it already exists in com.simibubi.create.content.decoration.copycat.CopycatPanelBlock
[26Sep2026 12:59:21.285] [modloading-worker-0/WARN] [mixin/]: Discarding @Unique public method mirror in copycats-common.mixins.json:copycat.panel.CopycatPanelBlockMixin from mod copycats because it already exists in com.simibubi.create.content.decoration.copycat.CopycatPanelBlock
[26Sep2026 12:59:21.285] [modloading-worker-0/WARN] [mixin/]: Discarding @Unique public method rotate in copycats-common.mixins.json:copycat.panel.CopycatPanelBlockMixin from mod copycats because it already exists in com.simibubi.create.content.decoration.copycat.CopycatPanelBlock
[26Sep2026 12:59:21.470] [modloading-worker-0/INFO] [KubeJS Startup/]: startup_scripts:main.js#2: Hello, World! (Loaded startup example script)
[26Sep2026 12:59:21.471] [modloading-worker-0/INFO] [KubeJS Startup/]: Loaded script startup_scripts:main.js in 0.036 s
[26Sep2026 12:59:21.479] [modloading-worker-0/INFO] [KubeJS Startup/]: Loaded script startup_scripts:recall_item.js in 0.008 s
[26Sep2026 12:59:21.480] [modloading-worker-0/INFO] [KubeJS Startup/]: Loaded 2/2 KubeJS startup scripts in 0.354 s with 0 errors and 0 warnings
[26Sep2026 12:59:21.490] [modloading-worker-0/INFO] [KubeJS Client/]: client_scripts:main.js#2: Hello, World! (Loaded client example script)
[26Sep2026 12:59:21.490] [modloading-worker-0/INFO] [KubeJS Client/]: Loaded script client_scripts:main.js in 0.0 s
[26Sep2026 12:59:21.490] [modloading-worker-0/INFO] [KubeJS Client/]: Loaded 1/1 KubeJS client scripts in 0.009 s with 0 errors and 0 warnings
[26Sep2026 12:59:21.492] [modloading-worker-0/INFO] [KubeJS Startup/]: Validated 3 files in kubejs/assets/ in 0ms
[26Sep2026 12:59:21.492] [modloading-worker-0/INFO] [KubeJS Startup/]: Validated 0 files in kubejs/data/ in 0ms
[26Sep2026 12:59:21.828] [modloading-worker-0/INFO] [dev.ryanhcode.sable.Sable/]: Sable loaded!
[26Sep2026 12:59:21.838] [modloading-worker-0/WARN] [dev.ryanhcode.sable.Sable/]: NOTE: Sable is loaded with Flywheel. Sable contains extensive shader overrides and a full light-storage replacement. Expect this to cause compatibility issues. If issues arise, please report them to the Sable issue tracker (https://github.com/ryanhcode/sable/issues) instead of the Flywheel issue tracker.
[26Sep2026 12:59:21.885] [modloading-worker-0/INFO] [com.maxenonyme.AbyssDimension.CreateAbyss/]: Create Abyss is in development, content disabled in production
[26Sep2026 12:59:23.946] [modloading-sync-worker/WARN] [net.neoforged.fml.config.ConfigTracker/CONFIG]: Configuration file /home/MonadoMaster0/.var/app/org.prismlauncher.PrismLauncher/data/PrismLauncher/instances/1.21.1/minecraft/config/malum-client.toml is not correct. Correcting
[26Sep2026 12:59:23.955] [modloading-sync-worker/INFO] [com.tom.storagemod.StorageMod/]: Loaded Tom's Simple Storage config file toms_storage-common.toml
[26Sep2026 12:59:24.095] [Render thread/INFO] [Veil/]: GL Debug supported
[26Sep2026 12:59:24.619] [Render thread/INFO] [net.minecraft.server.packs.resources.ReloadableResourceManager/]: Reloading ResourceManager: vanilla, KubeJS Virtual Resource Pack [Before Mods, assets], fabric, generated/fragmentum_layer, mod_resources, mod/sodium, mod/kuma_api, mod/fabric_renderer_api_v1, mod/createjeicompat, mod/geckolib, mod/fabric_item_api_v1, mod/fabric_rendering_fluids_v1, mod/aeronautics_bundled, mod/apollib, mod/sophisticatedcore, mod/fabric_convention_tags_v1, mod/xaeroworldmap, mod/controlling, mod/neoforge, mod/placebo, mod/fabric_block_view_api_v2, mod/fabric_command_api_v2, mod/fabric_convention_tags_v2, mod/fabric_data_attachment_api_v1, mod/bookshelf, mod/veil, mod/sophisticatedbackpacks, mod/simulated, mod/surveyor, mod/balm, mod/fabric_screen_api_v1, mod/prickle, mod/antique_atlas, mod/connector, mod/cloth_config, mod/fabric_api,forgified_fabric_api, mod/fabric_content_registries_v0, mod/create_connected, mod/fabric_game_rule_api_v1, mod/fabric_api_lookup_api_v1, mod/chunky, mod/apothic_attributes, mod/craftrecall, mod/curios, mod/patchouli, mod/searchables, mod/fabric_entity_events_v1, mod/architectury, mod/fabric_loot_api_v2, mod/conditional_mixin, mod/fabric_loot_api_v3, mod/apothic_enchanting, mod/fabric_rendering_data_attachment_v1, mod/fabric_networking_api_v1, mod/jadeaddons, mod/inventoryessentials, mod/probejs, mod/toms_storage, mod/fabric_lifecycle_events_v1, mod/mezz_config, mod/fabric_key_binding_api_v1, mod/betteradvancements, mod/fabric_client_tags_api_v1, mod/fabric_transfer_api_v1, mod/rhino, mod/owo, mod/deathknell, mod/sophisticatedstorage, mod/copycats, mod/fabric_model_loading_api_v1, mod/lithostitched, mod/lithium, mod/aeronautics, mod/xaerolib, mod/fabric_screen_handler_api_v1, mod/fabric_resource_loader_v0, mod/fabric_rendering_v1, mod/fabric_renderer_indigo, mod/fragmentum, mod/clumps, mod/fabric_particles_v1, mod/fabric_transitive_access_wideners_v1, mod/offroad, mod/tectonic, mod/libipn, mod/fabric_api_base, mod/mousetweaks, mod/fabric_renderer_registries_v1, mod/fabric_blockrenderlayer_v1, mod/jade, mod/bluemap, mod/fabric_block_api_v1, mod/inventorio, mod/fabric_resource_conditions_api_v1, mod/yigd, mod/kotlinforforge, mod/tctcore, mod/sablecompanion, mod/flywheel, mod/ponder, mod/create, mod/create_dragons_plus, mod/sable, mod/xaerominimap, mod/fabric_item_group_api_v1, mod/fabric_gametest_api_v1, mod/fabric_biome_api_v1, mod/fabric_registry_sync_v0, mod/underwater_village, mod/create_submarine,create_abyss,create_high_seas, mod/mcqoy, mod/appleskin, mod/fabric_recipe_api_v1, mod/fabric_object_builder_api_v1, mod/yet_another_config_lib_v3, mod/fabric_sound_api_v1, mod/lodestone, mod/malum, mod/fabric_message_api_v1, mod/create_enchantment_industry, mod/fabric_tag_api_v1, mod/fabric_data_generation_api_v1, mod/mezz_config_gui, mod/jei, mod/kubejs, mod/sophisticated_jei_index, mod/kubejs_create, mod/betteradvancedtooltips, mod/fabric_events_interaction_v0, mod/aquamirae, mod/yarrp, mod/createaddition, KubeJS Virtual Resource Pack [Internal, assets], KubeJS Virtual Resource Pack [After Mods, assets], KubeJS File Resource Pack [assets], KubeJS Virtual Resource Pack [Last, assets]
[26Sep2026 12:59:24.638] [NeoForge Version Check/INFO] [net.neoforged.fml.VersionChecker/]: [controlling] Starting version check at https://updates.blamejared.com/get?n=controlling&gv=1.21.1&ml=neoforge
[26Sep2026 12:59:24.650] [Worker-Main-6/INFO] [com.tom.storagemod.StorageMod/]: Tom's Storage Setup starting
[26Sep2026 12:59:24.655] [Worker-Main-6/INFO] [xaero.lib.XaeroLib/]: Loading XaeroLib common 1/2!
[26Sep2026 12:59:24.716] [Worker-Main-5/INFO] [net.minecraft.client.gui.font.providers.UnihexProvider/]: Found unifont_all_no_pua-15.1.05.hex, loading
[26Sep2026 12:59:24.774] [NeoForge Version Check/INFO] [net.neoforged.fml.VersionChecker/]: [controlling] Found status: BETA Current: 19.0.5 Target: 19.0.5
[26Sep2026 12:59:24.780] [NeoForge Version Check/INFO] [net.neoforged.fml.VersionChecker/]: [bookshelf] Starting version check at https://updates.blamejared.com/get?n=bookshelf&gv=1.21.1&ml=neoforge
[26Sep2026 12:59:24.806] [NeoForge Version Check/INFO] [net.neoforged.fml.VersionChecker/]: [bookshelf] Found status: BETA Current: 21.1.81 Target: 21.1.81
[26Sep2026 12:59:24.810] [NeoForge Version Check/INFO] [net.neoforged.fml.VersionChecker/]: [prickle] Starting version check at https://updates.blamejared.com/get?n=prickle&gv=1.21.1&ml=neoforge
[26Sep2026 12:59:24.834] [NeoForge Version Check/INFO] [net.neoforged.fml.VersionChecker/]: [prickle] Found status: BETA Current: 21.1.11 Target: 21.1.11
[26Sep2026 12:59:24.834] [NeoForge Version Check/INFO] [net.neoforged.fml.VersionChecker/]: [create_connected] Starting version check at https://raw.githubusercontent.com/hlysine/create_connected/main/update.json
[26Sep2026 12:59:24.849] [Render thread/ERROR] [net.minecraft.Util/]: Invalid path in pack: create_submarine:textures/entity/mooring hook.png, ignoring
[26Sep2026 12:59:24.875] [NeoForge Version Check/INFO] [net.neoforged.fml.VersionChecker/]: [create_connected] Found status: UP_TO_DATE Current: 1.3.3-mc1.21.1 Target: null
[26Sep2026 12:59:24.875] [NeoForge Version Check/INFO] [net.neoforged.fml.VersionChecker/]: [searchables] Starting version check at https://updates.blamejared.com/get?n=searchables&gv=1.21.1&ml=neoforge
[26Sep2026 12:59:24.881] [Render thread/INFO] [KubeJS Client/]: Client resource reload complete!
[26Sep2026 12:59:24.899] [NeoForge Version Check/INFO] [net.neoforged.fml.VersionChecker/]: [searchables] Found status: BETA Current: 1.0.2 Target: 1.0.2
[26Sep2026 12:59:24.899] [NeoForge Version Check/INFO] [net.neoforged.fml.VersionChecker/]: [toms_storage] Starting version check at https://raw.githubusercontent.com/tom5454/Toms-Storage/master/version-check-nf.json
[26Sep2026 12:59:24.914] [NeoForge Version Check/INFO] [net.neoforged.fml.VersionChecker/]: [toms_storage] Found status: BETA Current: 2.4.2 Target: 2.4.2
[26Sep2026 12:59:24.916] [NeoForge Version Check/INFO] [net.neoforged.fml.VersionChecker/]: [deathknell] Starting version check at https://updates.blamejared.com/get?n=deathknell&gv=1.21.1&ml=neoforge
[26Sep2026 12:59:24.924] [Worker-Main-10/INFO] [net.minecraft.client.gui.font.providers.UnihexProvider/]: Found unifont_jp_patch-15.1.05.hex, loading
[26Sep2026 12:59:24.942] [NeoForge Version Check/INFO] [net.neoforged.fml.VersionChecker/]: [deathknell] Found status: BETA Current: 21.1.2 Target: 21.1.2
[26Sep2026 12:59:24.942] [NeoForge Version Check/INFO] [net.neoforged.fml.VersionChecker/]: [copycats] Starting version check at https://raw.githubusercontent.com/copycats-plus/copycats/multiloader/update.json
[26Sep2026 12:59:24.954] [NeoForge Version Check/INFO] [net.neoforged.fml.VersionChecker/]: [copycats] Found status: AHEAD Current: 3.0.9+mc.1.21.1-neoforge Target: null
[26Sep2026 12:59:24.955] [NeoForge Version Check/INFO] [net.neoforged.fml.VersionChecker/]: [clumps] Starting version check at https://updates.blamejared.com/get?n=clumps&gv=1.21.1&ml=neoforge
[26Sep2026 12:59:24.978] [NeoForge Version Check/INFO] [net.neoforged.fml.VersionChecker/]: [clumps] Found status: BETA Current: 19.0.0.1 Target: 19.0.0.1
[26Sep2026 12:59:24.978] [NeoForge Version Check/INFO] [net.neoforged.fml.VersionChecker/]: [create] Starting version check at https://api.modrinth.com/updates/create/forge_updates.json?neoforge=only
[26Sep2026 12:59:25.088] [Worker-Main-1/WARN] [net.minecraft.client.renderer.texture.SpriteLoader/]: Texture sophisticatedcore:item/ender_linker_bound with size 15x15 limits mip level from 4 to 0
[26Sep2026 12:59:25.094] [Worker-Main-8/INFO] [xaero.map.WorldMap/]: Loading Xaero's World Map - Stage 1/2
[26Sep2026 12:59:25.109] [Placebo Patreon Trail Loader/INFO] [placebo/]: Loading patreon trails data...
[26Sep2026 12:59:25.111] [Placebo Patreon Wing Loader/INFO] [placebo/]: Loading patreon wing data...
[26Sep2026 12:59:25.124] [NeoForge Version Check/INFO] [net.neoforged.fml.VersionChecker/]: [create] Found status: OUTDATED Current: 6.0.10 Target: 6.0.10+mc1.21.1
[26Sep2026 12:59:25.124] [NeoForge Version Check/INFO] [net.neoforged.fml.VersionChecker/]: [aquamirae] Starting version check at https://raw.githubusercontent.com/ObscuriaLithium/modding/main/versions/aquamirae.json
[26Sep2026 12:59:25.145] [NeoForge Version Check/INFO] [net.neoforged.fml.VersionChecker/]: [aquamirae] Found status: AHEAD Current: 7.2.10 Target: null
[26Sep2026 12:59:25.166] [Placebo Patreon Wing Loader/INFO] [placebo/]: Loaded 44 patreon wings.
[26Sep2026 12:59:25.171] [Placebo Patreon Trail Loader/INFO] [placebo/]: Loaded 51 patreon trails.
[26Sep2026 12:59:25.238] [Worker-Main-4/INFO] [xaero.lib.XaeroLib/]: Loading XaeroLib client 1/2!
[26Sep2026 12:59:25.268] [Worker-Main-8/INFO] [xaero.minimap.XaeroMinimap/]: Loading Xaero's Minimap - Stage 1/2
[26Sep2026 12:59:25.279] [Worker-Main-2/INFO] [org.anti_ad.mc.common.LogBase/]: [libIPN] Initializing client...
[26Sep2026 12:59:25.355] [Worker-Main-2/INFO] [org.anti_ad.mc.common.LogBase/]: [libIPN] libIPN - init in Kotlin
[26Sep2026 12:59:26.073] [Worker-Main-11/WARN] [net.minecraft.client.resources.model.ModelBakery/]: Unable to load model: 'minecraft:block' referenced from: create_submarine:block/steel_cable/connector_steel_knot: java.io.FileNotFoundException: minecraft:models/block.json
[26Sep2026 12:59:26.524] [Worker-Main-4/WARN] [xaero.lib.XaeroLib/]: io exception while checking patreon: Online mod data expired! Date: Thu Sep 24 08:30:19 CEST 2026
[26Sep2026 12:59:26.526] [Render thread/INFO] [xaero.map.WorldMap/]: Loading Xaero's World Map - Stage 2/2
[26Sep2026 12:59:26.528] [Render thread/INFO] [xaero.map.WorldMap/]: New world map region cache hash code: 1352908129
[26Sep2026 12:59:27.368] [Worker-Main-11/WARN] [net.minecraft.client.resources.model.ModelManager/]: Missing textures in model create_connected:fan_soul_stripping_catalyst#inventory:
    minecraft:textures/atlas/blocks.png:createnetherindustry:block/soul_stripping_block
[26Sep2026 12:59:27.368] [Worker-Main-11/WARN] [net.minecraft.client.resources.model.ModelManager/]: Missing textures in model create_connected:fan_enriched_catalyst#:
    minecraft:textures/atlas/blocks.png:createnuclear:block/enriched_soul_soil
    minecraft:textures/atlas/blocks.png:createnuclear:block/enriching/campfire/enriching_flame
[26Sep2026 12:59:27.368] [Worker-Main-11/WARN] [net.minecraft.client.resources.model.ModelManager/]: Missing textures in model create_connected:fan_transmutation_catalyst#:
    minecraft:textures/atlas/blocks.png:create_shimmer:fluid/shimmer_flow
[26Sep2026 12:59:27.368] [Worker-Main-11/WARN] [net.minecraft.client.resources.model.ModelManager/]: Missing textures in model create_connected:fan_enriched_catalyst#inventory:
    minecraft:textures/atlas/blocks.png:createnuclear:block/enriched_soul_soil
    minecraft:textures/atlas/blocks.png:createnuclear:block/enriching/campfire/enriching_flame
[26Sep2026 12:59:27.368] [Worker-Main-11/WARN] [net.minecraft.client.resources.model.ModelManager/]: Missing textures in model create_connected:fan_glooming_catalyst#inventory:
    minecraft:textures/atlas/blocks.png:twilightforest:block/deadrock
    minecraft:textures/atlas/blocks.png:create_shimmer:block/ominous_campfire_fire
[26Sep2026 12:59:27.368] [Worker-Main-11/WARN] [net.minecraft.client.resources.model.ModelManager/]: Missing textures in model create_connected:fan_glooming_catalyst#:
    minecraft:textures/atlas/blocks.png:twilightforest:block/deadrock
    minecraft:textures/atlas/blocks.png:create_shimmer:block/ominous_campfire_fire
[26Sep2026 12:59:27.368] [Worker-Main-11/WARN] [net.minecraft.client.resources.model.ModelManager/]: Missing textures in model create_connected:fan_soul_stripping_catalyst#:
    minecraft:textures/atlas/blocks.png:createnetherindustry:block/soul_stripping_block
[26Sep2026 12:59:27.368] [Worker-Main-11/WARN] [net.minecraft.client.resources.model.ModelManager/]: Missing textures in model create_connected:fan_transmutation_catalyst#inventory:
    minecraft:textures/atlas/blocks.png:create_shimmer:fluid/shimmer_flow
[26Sep2026 12:59:27.858] [Render thread/ERROR] [xaero.map.WorldMap/]: io exception while checking versions: Online mod data expired! Date: Thu Sep 24 08:30:19 CEST 2026
[26Sep2026 12:59:27.859] [Render thread/INFO] [xaero.map.WorldMap/]: Registered player tracker system: map_synced
[26Sep2026 12:59:27.860] [Render thread/INFO] [xaero.map.WorldMap/]: Xaero's WorldMap Mod: Xaero's minimap found!
[26Sep2026 12:59:27.862] [Render thread/INFO] [xaero.map.WorldMap/]: Registered player tracker system: minimap_synced
[26Sep2026 12:59:27.862] [Render thread/INFO] [xaero.map.WorldMap/]: No Optifine!
[26Sep2026 12:59:27.862] [Render thread/INFO] [xaero.map.WorldMap/]: Xaero's World Map: No Vivecraft!
[26Sep2026 12:59:27.875] [Render thread/WARN] [net.neoforged.fml.DeferredWorkQueue/LOADING]: Mod 'xaeroworldmap' took 1.349 s to run a deferred task.
[26Sep2026 12:59:27.904] [Render thread/INFO] [KubeJS/]: Started the local web server at http://localhost:61423
[26Sep2026 12:59:27.905] [Render thread/INFO] [xaero.minimap.XaeroMinimap/]: Loading Xaero's Minimap - Stage 2/2
[26Sep2026 12:59:29.137] [Render thread/WARN] [xaero.hud.minimap.MinimapLogs/]: io exception while checking versions: Online mod data expired! Date: Thu Sep 24 08:30:19 CEST 2026
[26Sep2026 12:59:29.138] [Render thread/INFO] [xaero.hud.minimap.MinimapLogs/]: Registered player tracker system: minimap_synced
[26Sep2026 12:59:29.138] [Render thread/WARN] [net.neoforged.fml.DeferredWorkQueue/LOADING]: Mod 'xaerominimap' took 1.234 s to run a deferred task.
[26Sep2026 12:59:29.140] [Render thread/INFO] [xaero.lib.XaeroLib/]: Loading XaeroLib common 2/2!
[26Sep2026 12:59:29.140] [Render thread/INFO] [xaero.lib.XaeroLib/]: Loading XaeroLib client 2/2!
[26Sep2026 12:59:29.198] [Render thread/INFO] [Veil/]: Loaded 0 shader redirects, 0 replacements
[26Sep2026 12:59:29.252] [Render thread/INFO] [Veil/]: Loaded 29 shaders from: pinwheel/shaders/program
[26Sep2026 12:59:29.272] [Worker-Main-5/INFO] [com.mrh0.createaddition.CreateAddition/]: Create Crafts & Additions Initialized!
[26Sep2026 12:59:29.272] [Worker-Main-9/WARN] [mcqoy/]: [McQoy] Failed to match config antique-atlas to any loaded mod
[26Sep2026 12:59:29.272] [Worker-Main-9/INFO] [mcqoy/]: [McQoy] Matched config mcqoy to "Barebones McQoy" (mcqoy)
[26Sep2026 12:59:29.272] [Worker-Main-9/INFO] [mcqoy/]: [McQoy] Matched config surveyor to "Surveyor Map Framework" (surveyor)
[26Sep2026 12:59:29.279] [Worker-Main-10/INFO] [snownee.jade.Jade/]: Start loading plugin from net.blay09.mods.balm.neoforge.compat.hudinfo.NeoForgeJadeModCompat
[26Sep2026 12:59:29.288] [Worker-Main-10/INFO] [snownee.jade.Jade/]: Start loading plugin from dev.shadowsoffire.apothic_enchanting.compat.EnchJadePlugin
[26Sep2026 12:59:29.289] [Worker-Main-10/INFO] [snownee.jade.Jade/]: Start loading plugin from snownee.jade.addon.JadeAddonsBase
[26Sep2026 12:59:29.298] [Worker-Main-10/INFO] [snownee.jade.Jade/]: Start loading plugin from com.tom.storagemod.jade.JadePlugin
[26Sep2026 12:59:29.299] [Worker-Main-10/INFO] [snownee.jade.Jade/]: Start loading plugin from net.p3pp3rf1y.sophisticatedstorage.compat.jade.StorageJadePlugin
[26Sep2026 12:59:29.299] [Worker-Main-10/INFO] [snownee.jade.Jade/]: Start loading plugin from snownee.jade.addon.vanilla.VanillaPlugin
[26Sep2026 12:59:29.311] [Worker-Main-10/INFO] [snownee.jade.Jade/]: Start loading plugin from snownee.jade.addon.universal.UniversalPlugin
[26Sep2026 12:59:29.314] [Worker-Main-10/INFO] [snownee.jade.Jade/]: Start loading plugin from snownee.jade.addon.debug.DebugPlugin
[26Sep2026 12:59:29.315] [Worker-Main-10/INFO] [snownee.jade.Jade/]: Start loading plugin from snownee.jade.addon.core.CorePlugin
[26Sep2026 12:59:29.317] [Worker-Main-10/INFO] [snownee.jade.Jade/]: Start loading plugin from snownee.jade.addon.access.AccessibilityPlugin
[26Sep2026 12:59:29.340] [Worker-Main-8/INFO] [PonderIndex/]: Registering Ponder Scenes took 67.57 ms
[26Sep2026 12:59:29.344] [Worker-Main-8/INFO] [PonderIndex/]: Registering Ponder Tags took 4.124 ms
[26Sep2026 12:59:29.511] [Render thread/WARN] [net.minecraft.client.sounds.SoundEngine/]: Missing sound for event: minecraft:item.goat_horn.play
[26Sep2026 12:59:29.512] [Render thread/WARN] [net.minecraft.client.sounds.SoundEngine/]: Missing sound for event: minecraft:entity.goat.screaming.horn_break
[26Sep2026 12:59:29.553] [Render thread/INFO] [com.mojang.blaze3d.audio.Library/]: OpenAL initialized on device UCM22 U-Phoria audio controller
[26Sep2026 12:59:29.554] [Render thread/INFO] [net.minecraft.client.sounds.SoundEngine/SOUNDS]: Sound engine started
[26Sep2026 12:59:29.631] [Render thread/INFO] [net.minecraft.client.renderer.texture.TextureAtlas/]: Created: 2048x2048x4 minecraft:textures/atlas/blocks.png-atlas
[26Sep2026 12:59:29.685] [Render thread/INFO] [net.minecraft.client.renderer.texture.TextureAtlas/]: Created: 256x256x4 minecraft:textures/atlas/signs.png-atlas
[26Sep2026 12:59:29.686] [Render thread/INFO] [net.minecraft.client.renderer.texture.TextureAtlas/]: Created: 512x512x4 minecraft:textures/atlas/shield_patterns.png-atlas
[26Sep2026 12:59:29.688] [Render thread/INFO] [net.minecraft.client.renderer.texture.TextureAtlas/]: Created: 512x512x4 minecraft:textures/atlas/banner_patterns.png-atlas
[26Sep2026 12:59:29.689] [Render thread/INFO] [net.minecraft.client.renderer.texture.TextureAtlas/]: Created: 2048x1024x4 minecraft:textures/atlas/armor_trims.png-atlas
[26Sep2026 12:59:29.700] [Render thread/INFO] [net.minecraft.client.renderer.texture.TextureAtlas/]: Created: 1024x512x4 minecraft:textures/atlas/chest.png-atlas
[26Sep2026 12:59:29.708] [Render thread/INFO] [net.minecraft.client.renderer.texture.TextureAtlas/]: Created: 128x64x4 minecraft:textures/atlas/decorated_pot.png-atlas
[26Sep2026 12:59:29.708] [Render thread/INFO] [net.minecraft.client.renderer.texture.TextureAtlas/]: Created: 512x256x4 minecraft:textures/atlas/beds.png-atlas
[26Sep2026 12:59:29.709] [Render thread/INFO] [net.minecraft.client.renderer.texture.TextureAtlas/]: Created: 512x256x4 minecraft:textures/atlas/shulker_boxes.png-atlas
[26Sep2026 12:59:29.776] [Render thread/INFO] [net.minecraft.client.renderer.texture.TextureAtlas/]: Created: 1024x512x0 minecraft:textures/atlas/particles.png-atlas
[26Sep2026 12:59:29.779] [Render thread/WARN] [net.minecraft.client.particle.ParticleEngine/]: Missing particle sprites: aeronautics:gust_0
[26Sep2026 12:59:29.779] [Render thread/INFO] [net.minecraft.client.renderer.texture.TextureAtlas/]: Created: 512x512x0 minecraft:textures/atlas/paintings.png-atlas
[26Sep2026 12:59:29.780] [Render thread/INFO] [net.minecraft.client.renderer.texture.TextureAtlas/]: Created: 256x256x0 minecraft:textures/atlas/mob_effects.png-atlas
[26Sep2026 12:59:29.781] [Render thread/INFO] [net.minecraft.client.renderer.texture.TextureAtlas/]: Created: 64x64x0 minecraft:textures/atlas/map_decorations.png-atlas
[26Sep2026 12:59:29.782] [Render thread/INFO] [net.minecraft.client.renderer.texture.TextureAtlas/]: Created: 1024x1024x0 minecraft:textures/atlas/gui.png-atlas
[26Sep2026 12:59:29.828] [Render thread/WARN] [net.minecraft.client.renderer.ShaderInstance/]: Shader rendertype_entity_translucent_emissive could not find sampler named Sampler2 in the specified shader program.
[26Sep2026 12:59:29.912] [Render thread/INFO] [team.lodestar.lodestone.LodestoneLib/]: Registering shaders for mod: lodestone
[26Sep2026 12:59:29.934] [Render thread/WARN] [net.minecraft.client.renderer.ShaderInstance/]: Shader lodestone:shapes/scrolling_texture could not find uniform named GameTime in the specified shader program.
[26Sep2026 12:59:29.934] [Render thread/WARN] [net.minecraft.client.renderer.ShaderInstance/]: Shader lodestone:shapes/scrolling_texture could not find uniform named Speed in the specified shader program.
[26Sep2026 12:59:29.935] [Render thread/WARN] [team.lodestar.lodestone.LodestoneLib/]: Shader json lodestone:shapes/scrolling_texture has a uniform Speed that is not present in the shader instance uniform map. This may cause issues.
[26Sep2026 12:59:29.937] [Render thread/WARN] [net.minecraft.client.renderer.ShaderInstance/]: Shader lodestone:shapes/scrolling_triangle_texture could not find uniform named GameTime in the specified shader program.
[26Sep2026 12:59:29.937] [Render thread/WARN] [net.minecraft.client.renderer.ShaderInstance/]: Shader lodestone:shapes/scrolling_triangle_texture could not find uniform named Speed in the specified shader program.
[26Sep2026 12:59:29.937] [Render thread/WARN] [team.lodestar.lodestone.LodestoneLib/]: Shader json lodestone:shapes/scrolling_triangle_texture has a uniform Speed that is not present in the shader instance uniform map. This may cause issues.
[26Sep2026 12:59:29.938] [Render thread/INFO] [team.lodestar.lodestone.LodestoneLib/]: Loaded geometry program: lodestone:nineslice/nine_slice
[26Sep2026 12:59:29.940] [Render thread/INFO] [team.lodestar.lodestone.LodestoneLib/]: Loaded geometry program: lodestone:nineslice/distorted/distorted_nine_slice_texture
[26Sep2026 12:59:29.949] [Render thread/INFO] [team.lodestar.lodestone.LodestoneLib/]: Registering shaders for mod: malum
[26Sep2026 12:59:29.978] [Render thread/INFO] [net.neoforged.neoforge.client.entity.animation.json.AnimationLoader/]: Loaded 0 entity animations
[26Sep2026 12:59:29.979] [Render thread/INFO] [Veil/]: Loaded 3 framebuffers
[26Sep2026 12:59:29.987] [Render thread/INFO] [Veil/]: Loaded 6 post pipelines
[26Sep2026 12:59:29.991] [Render thread/INFO] [Veil/]: Loaded 4 render types
[26Sep2026 12:59:29.991] [Render thread/INFO] [Veil/]: Enabled bloom pipeline
[26Sep2026 12:59:29.991] [Render thread/INFO] [Veil/]: Loaded 0 quasar particles
[26Sep2026 12:59:29.991] [Render thread/INFO] [Veil/]: Loaded 0 templates
[26Sep2026 12:59:29.991] [Render thread/INFO] [Veil/]: Loaded 0 modules
[26Sep2026 12:59:30.537] [Render thread/INFO] [Veil/]: Compiled 83 vanilla shaders in 575.3 ms
[26Sep2026 12:59:30.541] [Render thread/INFO] [patchouli/]: BookContentResourceListenerLoader preloaded 0 jsons
[26Sep2026 12:59:30.582] [Render thread/INFO] [xaero.lib.XaeroLib/]: Successfully reloaded the XaeroLib shaders!
[26Sep2026 12:59:30.584] [Render thread/INFO] [com.b1n_ry.yigd.Yigd/]: Reloading grave model (client)
[26Sep2026 12:59:30.586] [Render thread/INFO] [com.b1n_ry.yigd.Yigd/]: Grave model and shape reload successful (client)
[26Sep2026 12:59:30.605] [Render thread/INFO] [flywheel/backend/shaders/]: Loaded 77 shader sources in 16.119 ms
[26Sep2026 12:59:30.620] [Render thread/INFO] [com.simibubi.create.Create/]: Loaded 58 train hat configurations.
[26Sep2026 12:59:30.620] [Render thread/INFO] [net.minecraft.client.renderer.texture.TextureAtlas/]: Created: 128x128x0 mezz_config:textures/atlas/gui.png-atlas
[26Sep2026 12:59:30.627] [Render thread/INFO] [Antique Atlas/]: [Antique Atlas] Reloading Tile Textures...
[26Sep2026 12:59:30.640] [Render thread/INFO] [Antique Atlas/]: [Antique Atlas] Reloading Biome Tile Providers...
[26Sep2026 12:59:30.644] [Render thread/INFO] [Antique Atlas/]: [Antique Atlas] Reloading Marker Textures...
[26Sep2026 12:59:30.644] [Render thread/INFO] [Antique Atlas/]: [Antique Atlas] Reloading Structure Tile / Marker Providers...
[26Sep2026 12:59:30.697] [Render thread/INFO] [mixin/]: inventoryessentials.mixins.json:CreativeModeInventoryScreenAccessor from mod inventoryessentials->@Accessor[FIELD_GETTER]::getCONTAINER()Lnet/minecraft/world/SimpleContainer; should be static as its target is
[26Sep2026 12:59:30.913] [Render thread/WARN] [net.minecraft.client.renderer.ShaderInstance/]: Shader lodestone:shapes/scrolling_texture could not find uniform named GameTime in the specified shader program.
[26Sep2026 12:59:30.913] [Render thread/WARN] [net.minecraft.client.renderer.ShaderInstance/]: Shader lodestone:shapes/scrolling_texture could not find uniform named Speed in the specified shader program.
[26Sep2026 12:59:31.116] [Render thread/ERROR] [Veil/]: Failed to recompile vanilla shader: lodestone:nineslice/distorted/distorted_nine_slice_texture
java.io.IOException: Couldn't link shader (lodestone:nineslice/distorted/distorted_nine_slice_texture) : error: Input block `DATA' is not an output of the previous stage
	at TRANSFORMER/minecraft@1.21.1/net.minecraft.client.renderer.ShaderInstance.veil$applyCompile(ShaderInstance.java:1715) ~[client-1.21.1-20240808.144430-srg.jar%23250!/:?]
	at TRANSFORMER/veil@4.3.2/foundry.veil.impl.client.render.dynamicbuffer.DynamicBufferManager.endFrame(DynamicBufferManager.java:323) ~[veil-neoforge-1.21.1-4.3.2.jar%23465!/:4.3.2]
	at TRANSFORMER/veil@4.3.2/foundry.veil.api.client.render.VeilRenderer.endFrame(VeilRenderer.java:294) ~[veil-neoforge-1.21.1-4.3.2.jar%23465!/:4.3.2]
	at TRANSFORMER/veil@4.3.2/foundry.veil.api.client.render.VeilRenderSystem.endFrame(VeilRenderSystem.java:1212) ~[veil-neoforge-1.21.1-4.3.2.jar%23465!/:4.3.2]
	at TRANSFORMER/minecraft@1.21.1/net.minecraft.client.Minecraft.handler$zfa000$veil$endFrame(Minecraft.java:5509) ~[client-1.21.1-20240808.144430-srg.jar%23250!/:?]
	at TRANSFORMER/minecraft@1.21.1/net.minecraft.client.Minecraft.runTick(Minecraft.java:1217) ~[client-1.21.1-20240808.144430-srg.jar%23250!/:?]
	at TRANSFORMER/minecraft@1.21.1/net.minecraft.client.Minecraft.run(Minecraft.java:807) ~[client-1.21.1-20240808.144430-srg.jar%23250!/:?]
	at TRANSFORMER/minecraft@1.21.1/net.minecraft.client.main.Main.main(Main.java:230) ~[client-1.21.1-20240808.144430-srg.jar%23250!/:?]
	at java.base/jdk.internal.reflect.DirectMethodHandleAccessor.invoke(DirectMethodHandleAccessor.java:103) ~[?:?]
	at java.base/java.lang.reflect.Method.invoke(Method.java:580) ~[?:?]
	at MC-BOOTSTRAP/fml_loader@4.0.44/net.neoforged.fml.loading.targets.CommonLaunchHandler.runTarget(CommonLaunchHandler.java:136) ~[loader-4.0.44.jar%23149!/:4.0]
	at MC-BOOTSTRAP/fml_loader@4.0.44/net.neoforged.fml.loading.targets.CommonLaunchHandler.clientService(CommonLaunchHandler.java:124) ~[loader-4.0.44.jar%23149!/:4.0]
	at MC-BOOTSTRAP/fml_loader@4.0.44/net.neoforged.fml.loading.targets.CommonClientLaunchHandler.runService(CommonClientLaunchHandler.java:32) ~[loader-4.0.44.jar%23149!/:4.0]
	at MC-BOOTSTRAP/fml_loader@4.0.44/net.neoforged.fml.loading.targets.CommonLaunchHandler.lambda$launchService$4(CommonLaunchHandler.java:118) ~[loader-4.0.44.jar%23149!/:4.0]
	at MC-BOOTSTRAP/cpw.mods.modlauncher@11.0.5/cpw.mods.modlauncher.LaunchServiceHandlerDecorator.launch(LaunchServiceHandlerDecorator.java:30) [modlauncher-11.0.5.jar%23154!/:?]
	at MC-BOOTSTRAP/cpw.mods.modlauncher@11.0.5/cpw.mods.modlauncher.LaunchServiceHandler.launch(LaunchServiceHandler.java:53) [modlauncher-11.0.5.jar%23154!/:?]
	at MC-BOOTSTRAP/cpw.mods.modlauncher@11.0.5/cpw.mods.modlauncher.LaunchServiceHandler.launch(LaunchServiceHandler.java:71) [modlauncher-11.0.5.jar%23154!/:?]
	at MC-BOOTSTRAP/cpw.mods.modlauncher@11.0.5/cpw.mods.modlauncher.Launcher.run(Launcher.java:103) [modlauncher-11.0.5.jar%23154!/:?]
	at MC-BOOTSTRAP/cpw.mods.modlauncher@11.0.5/cpw.mods.modlauncher.Launcher.main(Launcher.java:74) [modlauncher-11.0.5.jar%23154!/:?]
	at MC-BOOTSTRAP/cpw.mods.modlauncher@11.0.5/cpw.mods.modlauncher.BootstrapLaunchConsumer.accept(BootstrapLaunchConsumer.java:26) [modlauncher-11.0.5.jar%23154!/:?]
	at MC-BOOTSTRAP/cpw.mods.modlauncher@11.0.5/cpw.mods.modlauncher.BootstrapLaunchConsumer.accept(BootstrapLaunchConsumer.java:23) [modlauncher-11.0.5.jar%23154!/:?]
	at cpw.mods.bootstraplauncher@2.0.2/cpw.mods.bootstraplauncher.BootstrapLauncher.run(BootstrapLauncher.java:210) [bootstraplauncher-2.0.2.jar:?]
	at cpw.mods.bootstraplauncher@2.0.2/cpw.mods.bootstraplauncher.BootstrapLauncher.main(BootstrapLauncher.java:69) [bootstraplauncher-2.0.2.jar:?]
	at java.base/jdk.internal.reflect.DirectMethodHandleAccessor.invoke(DirectMethodHandleAccessor.java:103) ~[?:?]
	at java.base/java.lang.reflect.Method.invoke(Method.java:580) ~[?:?]
	at io.github.zekerzhayard.forgewrapper.installer.Main.main(Main.java:67) [ForgeWrapper-prism-2026-08-01.jar:prism-2026-08-01]
	at org.prismlauncher.launcher.impl.StandardLauncher.launch(StandardLauncher.java:115) [NewLaunch.jar:?]
	at org.prismlauncher.EntryPoint.listen(EntryPoint.java:129) [NewLaunch.jar:?]
	at org.prismlauncher.EntryPoint.main(EntryPoint.java:70) [NewLaunch.jar:?]
[26Sep2026 12:59:31.718] [Render thread/ERROR] [Veil/]: Failed to recompile vanilla shader: lodestone:nineslice/nine_slice
java.io.IOException: Couldn't link shader (lodestone:nineslice/nine_slice) : error: Input block `DATA' is not an output of the previous stage
	at TRANSFORMER/minecraft@1.21.1/net.minecraft.client.renderer.ShaderInstance.veil$applyCompile(ShaderInstance.java:1715) ~[client-1.21.1-20240808.144430-srg.jar%23250!/:?]
	at TRANSFORMER/veil@4.3.2/foundry.veil.impl.client.render.dynamicbuffer.DynamicBufferManager.endFrame(DynamicBufferManager.java:323) ~[veil-neoforge-1.21.1-4.3.2.jar%23465!/:4.3.2]
	at TRANSFORMER/veil@4.3.2/foundry.veil.api.client.render.VeilRenderer.endFrame(VeilRenderer.java:294) ~[veil-neoforge-1.21.1-4.3.2.jar%23465!/:4.3.2]
	at TRANSFORMER/veil@4.3.2/foundry.veil.api.client.render.VeilRenderSystem.endFrame(VeilRenderSystem.java:1212) ~[veil-neoforge-1.21.1-4.3.2.jar%23465!/:4.3.2]
	at TRANSFORMER/minecraft@1.21.1/net.minecraft.client.Minecraft.handler$zfa000$veil$endFrame(Minecraft.java:5509) ~[client-1.21.1-20240808.144430-srg.jar%23250!/:?]
	at TRANSFORMER/minecraft@1.21.1/net.minecraft.client.Minecraft.runTick(Minecraft.java:1217) ~[client-1.21.1-20240808.144430-srg.jar%23250!/:?]
	at TRANSFORMER/minecraft@1.21.1/net.minecraft.client.Minecraft.run(Minecraft.java:807) ~[client-1.21.1-20240808.144430-srg.jar%23250!/:?]
	at TRANSFORMER/minecraft@1.21.1/net.minecraft.client.main.Main.main(Main.java:230) ~[client-1.21.1-20240808.144430-srg.jar%23250!/:?]
	at java.base/jdk.internal.reflect.DirectMethodHandleAccessor.invoke(DirectMethodHandleAccessor.java:103) ~[?:?]
	at java.base/java.lang.reflect.Method.invoke(Method.java:580) ~[?:?]
	at MC-BOOTSTRAP/fml_loader@4.0.44/net.neoforged.fml.loading.targets.CommonLaunchHandler.runTarget(CommonLaunchHandler.java:136) ~[loader-4.0.44.jar%23149!/:4.0]
	at MC-BOOTSTRAP/fml_loader@4.0.44/net.neoforged.fml.loading.targets.CommonLaunchHandler.clientService(CommonLaunchHandler.java:124) ~[loader-4.0.44.jar%23149!/:4.0]
	at MC-BOOTSTRAP/fml_loader@4.0.44/net.neoforged.fml.loading.targets.CommonClientLaunchHandler.runService(CommonClientLaunchHandler.java:32) ~[loader-4.0.44.jar%23149!/:4.0]
	at MC-BOOTSTRAP/fml_loader@4.0.44/net.neoforged.fml.loading.targets.CommonLaunchHandler.lambda$launchService$4(CommonLaunchHandler.java:118) ~[loader-4.0.44.jar%23149!/:4.0]
	at MC-BOOTSTRAP/cpw.mods.modlauncher@11.0.5/cpw.mods.modlauncher.LaunchServiceHandlerDecorator.launch(LaunchServiceHandlerDecorator.java:30) [modlauncher-11.0.5.jar%23154!/:?]
	at MC-BOOTSTRAP/cpw.mods.modlauncher@11.0.5/cpw.mods.modlauncher.LaunchServiceHandler.launch(LaunchServiceHandler.java:53) [modlauncher-11.0.5.jar%23154!/:?]
	at MC-BOOTSTRAP/cpw.mods.modlauncher@11.0.5/cpw.mods.modlauncher.LaunchServiceHandler.launch(LaunchServiceHandler.java:71) [modlauncher-11.0.5.jar%23154!/:?]
	at MC-BOOTSTRAP/cpw.mods.modlauncher@11.0.5/cpw.mods.modlauncher.Launcher.run(Launcher.java:103) [modlauncher-11.0.5.jar%23154!/:?]
	at MC-BOOTSTRAP/cpw.mods.modlauncher@11.0.5/cpw.mods.modlauncher.Launcher.main(Launcher.java:74) [modlauncher-11.0.5.jar%23154!/:?]
	at MC-BOOTSTRAP/cpw.mods.modlauncher@11.0.5/cpw.mods.modlauncher.BootstrapLaunchConsumer.accept(BootstrapLaunchConsumer.java:26) [modlauncher-11.0.5.jar%23154!/:?]
	at MC-BOOTSTRAP/cpw.mods.modlauncher@11.0.5/cpw.mods.modlauncher.BootstrapLaunchConsumer.accept(BootstrapLaunchConsumer.java:23) [modlauncher-11.0.5.jar%23154!/:?]
	at cpw.mods.bootstraplauncher@2.0.2/cpw.mods.bootstraplauncher.BootstrapLauncher.run(BootstrapLauncher.java:210) [bootstraplauncher-2.0.2.jar:?]
	at cpw.mods.bootstraplauncher@2.0.2/cpw.mods.bootstraplauncher.BootstrapLauncher.main(BootstrapLauncher.java:69) [bootstraplauncher-2.0.2.jar:?]
	at java.base/jdk.internal.reflect.DirectMethodHandleAccessor.invoke(DirectMethodHandleAccessor.java:103) ~[?:?]
	at java.base/java.lang.reflect.Method.invoke(Method.java:580) ~[?:?]
	at io.github.zekerzhayard.forgewrapper.installer.Main.main(Main.java:67) [ForgeWrapper-prism-2026-08-01.jar:prism-2026-08-01]
	at org.prismlauncher.launcher.impl.StandardLauncher.launch(StandardLauncher.java:115) [NewLaunch.jar:?]
	at org.prismlauncher.EntryPoint.listen(EntryPoint.java:129) [NewLaunch.jar:?]
	at org.prismlauncher.EntryPoint.main(EntryPoint.java:70) [NewLaunch.jar:?]
[26Sep2026 12:59:31.816] [Render thread/WARN] [net.minecraft.client.renderer.ShaderInstance/]: Shader lodestone:shapes/scrolling_triangle_texture could not find uniform named GameTime in the specified shader program.
[26Sep2026 12:59:31.816] [Render thread/WARN] [net.minecraft.client.renderer.ShaderInstance/]: Shader lodestone:shapes/scrolling_triangle_texture could not find uniform named Speed in the specified shader program.
[26Sep2026 12:59:32.033] [Render thread/INFO] [Veil/]: Finished uploading vanilla shaders
[26Sep2026 13:00:04.534] [Render thread/ERROR] [net.minecraft.server.packs.AbstractPackResources/]: Couldn't load fabric:overlays metadata
com.google.gson.JsonParseException: Unknown resource condition key: tectonic:config; Unknown resource condition key: tectonic:config; Unknown resource condition key: tectonic:config; Unknown resource condition key: tectonic:config
	at MC-BOOTSTRAP/datafixerupper@8.0.16/com.mojang.serialization.DataResult$Error.getOrThrow(DataResult.java:287) ~[datafixerupper-8.0.16.jar%23116!/:?]
	at TRANSFORMER/minecraft@1.21.1/net.minecraft.server.packs.metadata.MetadataSectionType$1.fromJson(MetadataSectionType.java:20) ~[client-1.21.1-20240808.144430-srg.jar%23250!/:?]
	at TRANSFORMER/minecraft@1.21.1/net.minecraft.server.packs.AbstractPackResources.getMetadataFromStream(AbstractPackResources.java:54) ~[client-1.21.1-20240808.144430-srg.jar%23250!/:?]
	at TRANSFORMER/minecraft@1.21.1/net.minecraft.server.packs.AbstractPackResources.getMetadataSection(AbstractPackResources.java:33) ~[client-1.21.1-20240808.144430-srg.jar%23250!/:?]
	at TRANSFORMER/minecraft@1.21.1/net.minecraft.server.packs.repository.Pack.localvar$dam000$fabric_resource_conditions_api_v1$applyOverlayConditions(Pack.java:1036) ~[client-1.21.1-20240808.144430-srg.jar%23250!/:?]
	at TRANSFORMER/minecraft@1.21.1/net.minecraft.server.packs.repository.Pack.readPackMetadata(Pack.java:95) ~[client-1.21.1-20240808.144430-srg.jar%23250!/:?]
	at TRANSFORMER/minecraft@1.21.1/net.minecraft.server.packs.repository.Pack.readMetaAndCreate(Pack.java:40) ~[client-1.21.1-20240808.144430-srg.jar%23250!/:?]
	at TRANSFORMER/tectonic@3.0.28/dev.worldgen.tectonic.platform.neoforge.TectonicNeoforge.registerEnabledPacks(TectonicNeoforge.java:46) ~[tectonic-3.0.28-neoforge-21.1.jar%23319!/:?]
	at MC-BOOTSTRAP/net.neoforged.bus/net.neoforged.bus.ConsumerEventHandler.invoke(ConsumerEventHandler.java:27) ~[bus-8.0.5.jar%23152!/:?]
	at MC-BOOTSTRAP/net.neoforged.bus/net.neoforged.bus.EventBus.post(EventBus.java:360) ~[bus-8.0.5.jar%23152!/:?]
	at MC-BOOTSTRAP/net.neoforged.bus/net.neoforged.bus.EventBus.post(EventBus.java:342) ~[bus-8.0.5.jar%23152!/:?]
	at MC-BOOTSTRAP/fml_loader@4.0.44/net.neoforged.fml.ModContainer.acceptEvent(ModContainer.java:177) ~[loader-4.0.44.jar%23149!/:4.0]
	at MC-BOOTSTRAP/fml_loader@4.0.44/net.neoforged.fml.ModLoader.lambda$postEvent$13(ModLoader.java:358) ~[loader-4.0.44.jar%23149!/:4.0]
	at java.base/java.lang.Iterable.forEach(Iterable.java:75) ~[?:?]
	at MC-BOOTSTRAP/fml_loader@4.0.44/net.neoforged.fml.ModList.forEachModInOrder(ModList.java:174) ~[loader-4.0.44.jar%23149!/:4.0]
	at MC-BOOTSTRAP/fml_loader@4.0.44/net.neoforged.fml.ModLoader.postEvent(ModLoader.java:358) ~[loader-4.0.44.jar%23149!/:4.0]
	at TRANSFORMER/neoforge@21.1.251/net.neoforged.neoforge.resource.ResourcePackLoader.populatePackRepository(ResourcePackLoader.java:74) ~[neoforge-21.1.251-universal.jar%23251!/:?]
	at TRANSFORMER/minecraft@1.21.1/net.minecraft.server.packs.repository.ServerPacksSource.createPackRepository(ServerPacksSource.java:76) ~[client-1.21.1-20240808.144430-srg.jar%23250!/:?]
	at TRANSFORMER/minecraft@1.21.1/net.minecraft.server.packs.repository.ServerPacksSource.createPackRepository(ServerPacksSource.java:87) ~[client-1.21.1-20240808.144430-srg.jar%23250!/:?]
	at TRANSFORMER/minecraft@1.21.1/net.minecraft.client.gui.screens.worldselection.WorldOpenFlows.openWorldLoadLevelStem(WorldOpenFlows.java:342) ~[client-1.21.1-20240808.144430-srg.jar%23250!/:?]
	at TRANSFORMER/minecraft@1.21.1/net.minecraft.client.gui.screens.worldselection.WorldOpenFlows.openWorldCheckVersionCompatibility(WorldOpenFlows.java:335) ~[client-1.21.1-20240808.144430-srg.jar%23250!/:?]
	at TRANSFORMER/minecraft@1.21.1/net.minecraft.client.gui.screens.worldselection.WorldOpenFlows.openWorldLoadLevelData(WorldOpenFlows.java:297) ~[client-1.21.1-20240808.144430-srg.jar%23250!/:?]
	at TRANSFORMER/minecraft@1.21.1/net.minecraft.client.gui.screens.worldselection.WorldOpenFlows.openWorld(WorldOpenFlows.java:261) ~[client-1.21.1-20240808.144430-srg.jar%23250!/:?]
	at TRANSFORMER/minecraft@1.21.1/net.minecraft.client.gui.screens.worldselection.WorldSelectionList$WorldListEntry.joinWorld(WorldSelectionList.java:498) ~[client-1.21.1-20240808.144430-srg.jar%23250!/:?]
	at TRANSFORMER/minecraft@1.21.1/net.minecraft.client.gui.screens.worldselection.WorldSelectionList$WorldListEntry.mouseClicked(WorldSelectionList.java:481) ~[client-1.21.1-20240808.144430-srg.jar%23250!/:?]
	at TRANSFORMER/minecraft@1.21.1/net.minecraft.client.gui.components.AbstractSelectionList.mouseClicked(AbstractSelectionList.java:315) ~[client-1.21.1-20240808.144430-srg.jar%23250!/:?]
	at TRANSFORMER/minecraft@1.21.1/net.minecraft.client.gui.components.events.ContainerEventHandler.mouseClicked(ContainerEventHandler.java:38) ~[client-1.21.1-20240808.144430-srg.jar%23250!/:?]
	at TRANSFORMER/minecraft@1.21.1/net.minecraft.client.MouseHandler.lambda$onPress$0(MouseHandler.java:98) ~[client-1.21.1-20240808.144430-srg.jar%23250!/:?]
	at TRANSFORMER/minecraft@1.21.1/net.minecraft.client.gui.screens.Screen.wrapScreenError(Screen.java:451) ~[client-1.21.1-20240808.144430-srg.jar%23250!/:?]
	at TRANSFORMER/minecraft@1.21.1/net.minecraft.client.MouseHandler.onPress(MouseHandler.java:95) ~[client-1.21.1-20240808.144430-srg.jar%23250!/:?]
	at TRANSFORMER/minecraft@1.21.1/net.minecraft.client.MouseHandler.lambda$setup$4(MouseHandler.java:202) ~[client-1.21.1-20240808.144430-srg.jar%23250!/:?]
	at TRANSFORMER/minecraft@1.21.1/net.minecraft.util.thread.BlockableEventLoop.execute(BlockableEventLoop.java:98) ~[client-1.21.1-20240808.144430-srg.jar%23250!/:?]
	at TRANSFORMER/minecraft@1.21.1/net.minecraft.client.MouseHandler.lambda$setup$5(MouseHandler.java:202) ~[client-1.21.1-20240808.144430-srg.jar%23250!/:?]
	at MC-BOOTSTRAP/org.lwjgl.glfw@3.3.3+5/org.lwjgl.glfw.GLFWMouseButtonCallbackI.callback(GLFWMouseButtonCallbackI.java:43) ~[lwjgl-glfw-3.3.3.jar%2395!/:build 5]
	at MC-BOOTSTRAP/org.lwjgl@3.3.3+5/org.lwjgl.system.JNI.invokeV(Native Method) ~[lwjgl-3.3.3.jar%23107!/:build 5]
	at MC-BOOTSTRAP/org.lwjgl.glfw@3.3.3+5/org.lwjgl.glfw.GLFW.glfwWaitEventsTimeout(GLFW.java:3509) ~[lwjgl-glfw-3.3.3.jar%2395!/:build 5]
	at TRANSFORMER/minecraft@1.21.1/com.mojang.blaze3d.systems.RenderSystem.limitDisplayFPS(RenderSystem.java:162) ~[client-1.21.1-20240808.144430-srg.jar%23250!/:?]
	at TRANSFORMER/minecraft@1.21.1/net.minecraft.client.Minecraft.runTick(Minecraft.java:1220) ~[client-1.21.1-20240808.144430-srg.jar%23250!/:?]
	at TRANSFORMER/minecraft@1.21.1/net.minecraft.client.Minecraft.run(Minecraft.java:807) ~[client-1.21.1-20240808.144430-srg.jar%23250!/:?]
	at TRANSFORMER/minecraft@1.21.1/net.minecraft.client.main.Main.main(Main.java:230) ~[client-1.21.1-20240808.144430-srg.jar%23250!/:?]
	at java.base/jdk.internal.reflect.DirectMethodHandleAccessor.invoke(DirectMethodHandleAccessor.java:103) ~[?:?]
	at java.base/java.lang.reflect.Method.invoke(Method.java:580) ~[?:?]
	at MC-BOOTSTRAP/fml_loader@4.0.44/net.neoforged.fml.loading.targets.CommonLaunchHandler.runTarget(CommonLaunchHandler.java:136) ~[loader-4.0.44.jar%23149!/:4.0]
	at MC-BOOTSTRAP/fml_loader@4.0.44/net.neoforged.fml.loading.targets.CommonLaunchHandler.clientService(CommonLaunchHandler.java:124) ~[loader-4.0.44.jar%23149!/:4.0]
	at MC-BOOTSTRAP/fml_loader@4.0.44/net.neoforged.fml.loading.targets.CommonClientLaunchHandler.runService(CommonClientLaunchHandler.java:32) ~[loader-4.0.44.jar%23149!/:4.0]
	at MC-BOOTSTRAP/fml_loader@4.0.44/net.neoforged.fml.loading.targets.CommonLaunchHandler.lambda$launchService$4(CommonLaunchHandler.java:118) ~[loader-4.0.44.jar%23149!/:4.0]
	at MC-BOOTSTRAP/cpw.mods.modlauncher@11.0.5/cpw.mods.modlauncher.LaunchServiceHandlerDecorator.launch(LaunchServiceHandlerDecorator.java:30) [modlauncher-11.0.5.jar%23154!/:?]
	at MC-BOOTSTRAP/cpw.mods.modlauncher@11.0.5/cpw.mods.modlauncher.LaunchServiceHandler.launch(LaunchServiceHandler.java:53) [modlauncher-11.0.5.jar%23154!/:?]
	at MC-BOOTSTRAP/cpw.mods.modlauncher@11.0.5/cpw.mods.modlauncher.LaunchServiceHandler.launch(LaunchServiceHandler.java:71) [modlauncher-11.0.5.jar%23154!/:?]
	at MC-BOOTSTRAP/cpw.mods.modlauncher@11.0.5/cpw.mods.modlauncher.Launcher.run(Launcher.java:103) [modlauncher-11.0.5.jar%23154!/:?]
	at MC-BOOTSTRAP/cpw.mods.modlauncher@11.0.5/cpw.mods.modlauncher.Launcher.main(Launcher.java:74) [modlauncher-11.0.5.jar%23154!/:?]
	at MC-BOOTSTRAP/cpw.mods.modlauncher@11.0.5/cpw.mods.modlauncher.BootstrapLaunchConsumer.accept(BootstrapLaunchConsumer.java:26) [modlauncher-11.0.5.jar%23154!/:?]
	at MC-BOOTSTRAP/cpw.mods.modlauncher@11.0.5/cpw.mods.modlauncher.BootstrapLaunchConsumer.accept(BootstrapLaunchConsumer.java:23) [modlauncher-11.0.5.jar%23154!/:?]
	at cpw.mods.bootstraplauncher@2.0.2/cpw.mods.bootstraplauncher.BootstrapLauncher.run(BootstrapLauncher.java:210) [bootstraplauncher-2.0.2.jar:?]
	at cpw.mods.bootstraplauncher@2.0.2/cpw.mods.bootstraplauncher.BootstrapLauncher.main(BootstrapLauncher.java:69) [bootstraplauncher-2.0.2.jar:?]
	at java.base/jdk.internal.reflect.DirectMethodHandleAccessor.invoke(DirectMethodHandleAccessor.java:103) ~[?:?]
	at java.base/java.lang.reflect.Method.invoke(Method.java:580) ~[?:?]
	at io.github.zekerzhayard.forgewrapper.installer.Main.main(Main.java:67) [ForgeWrapper-prism-2026-08-01.jar:prism-2026-08-01]
	at org.prismlauncher.launcher.impl.StandardLauncher.launch(StandardLauncher.java:115) [NewLaunch.jar:?]
	at org.prismlauncher.EntryPoint.listen(EntryPoint.java:129) [NewLaunch.jar:?]
	at org.prismlauncher.EntryPoint.main(EntryPoint.java:70) [NewLaunch.jar:?]
[26Sep2026 13:00:04.579] [Render thread/INFO] [com.simibubi.create.Create/]: Created 171 recipes which will be injected into the game
[26Sep2026 13:00:04.580] [Render thread/INFO] [com.simibubi.create.Create/]: Created 0 tags which will be injected into the game
[26Sep2026 13:00:04.583] [Render thread/INFO] [plus.dragons.createdragonsplus.data.runtime.RuntimePackResources/]: Starting provider [plus.dragons.createdragonsplus.data.internal.CDPRuntimeRecipeProvider@145554d9] for runtime resource [create_dragons_plus:runtime]
[26Sep2026 13:00:04.594] [Render thread/INFO] [plus.dragons.createdragonsplus.data.runtime.RuntimePackResources/]: plus.dragons.createdragonsplus.data.internal.CDPRuntimeRecipeProvider@145554d9 finished after 10 ms
[26Sep2026 13:00:04.622] [Render thread/INFO] [KubeJS Server/]: Loaded script server_scripts:death_recall.js in 0.001 s
[26Sep2026 13:00:04.623] [Render thread/INFO] [KubeJS Server/]: Loaded script server_scripts:death_scroll_recipe.js in 0.001 s
[26Sep2026 13:00:04.624] [Render thread/INFO] [KubeJS Server/]: server_scripts:main.js#2: Hello, World! (Loaded server example script)
[26Sep2026 13:00:04.624] [Render thread/INFO] [KubeJS Server/]: Loaded script server_scripts:main.js in 0.001 s
[26Sep2026 13:00:04.627] [Render thread/INFO] [KubeJS Server/]: Loaded 3/3 KubeJS server scripts in 0.011 s with 0 errors and 0 warnings
[26Sep2026 13:00:04.975] [Worker-Main-1/ERROR] [net.minecraft.world.level.storage.loot.LootDataType/]: Couldn't parse element ResourceKey[minecraft:root / minecraft:loot_table]:create_connected:blocks/dye_depot_amber_fan_dyeing_catalyst - Unknown registry key in ResourceKey[minecraft:root / minecraft:item]: create_connected:dye_depot_amber_fan_dyeing_catalyst
[26Sep2026 13:00:04.986] [Worker-Main-1/ERROR] [net.minecraft.world.level.storage.loot.LootDataType/]: Couldn't parse element ResourceKey[minecraft:root / minecraft:loot_table]:create_connected:blocks/dye_depot_maroon_fan_dyeing_catalyst - Unknown registry key in ResourceKey[minecraft:root / minecraft:item]: create_connected:dye_depot_maroon_fan_dyeing_catalyst
[26Sep2026 13:00:04.986] [Worker-Main-1/ERROR] [net.minecraft.world.level.storage.loot.LootDataType/]: Couldn't parse element ResourceKey[minecraft:root / minecraft:loot_table]:create_connected:blocks/dye_depot_mint_fan_dyeing_catalyst - Unknown registry key in ResourceKey[minecraft:root / minecraft:item]: create_connected:dye_depot_mint_fan_dyeing_catalyst
[26Sep2026 13:00:04.994] [Worker-Main-1/ERROR] [net.minecraft.world.level.storage.loot.LootDataType/]: Couldn't parse element ResourceKey[minecraft:root / minecraft:loot_table]:create_connected:blocks/dye_depot_coral_fan_dyeing_catalyst - Unknown registry key in ResourceKey[minecraft:root / minecraft:item]: create_connected:dye_depot_coral_fan_dyeing_catalyst
[26Sep2026 13:00:05.005] [Worker-Main-1/ERROR] [net.minecraft.world.level.storage.loot.LootDataType/]: Couldn't parse element ResourceKey[minecraft:root / minecraft:loot_table]:create_connected:blocks/dye_depot_forest_fan_dyeing_catalyst - Unknown registry key in ResourceKey[minecraft:root / minecraft:item]: create_connected:dye_depot_forest_fan_dyeing_catalyst
[26Sep2026 13:00:05.007] [Worker-Main-1/ERROR] [net.minecraft.world.level.storage.loot.LootDataType/]: Couldn't parse element ResourceKey[minecraft:root / minecraft:loot_table]:create_connected:blocks/dye_depot_olive_fan_dyeing_catalyst - Unknown registry key in ResourceKey[minecraft:root / minecraft:item]: create_connected:dye_depot_olive_fan_dyeing_catalyst
[26Sep2026 13:00:05.015] [Worker-Main-1/ERROR] [net.minecraft.world.level.storage.loot.LootDataType/]: Couldn't parse element ResourceKey[minecraft:root / minecraft:loot_table]:create_connected:blocks/dye_depot_verdant_fan_dyeing_catalyst - Unknown registry key in ResourceKey[minecraft:root / minecraft:item]: create_connected:dye_depot_verdant_fan_dyeing_catalyst
[26Sep2026 13:00:05.026] [Worker-Main-1/ERROR] [net.minecraft.world.level.storage.loot.LootDataType/]: Couldn't parse element ResourceKey[minecraft:root / minecraft:loot_table]:create_connected:blocks/dye_depot_beige_fan_dyeing_catalyst - Unknown registry key in ResourceKey[minecraft:root / minecraft:item]: create_connected:dye_depot_beige_fan_dyeing_catalyst
[26Sep2026 13:00:05.032] [Worker-Main-1/ERROR] [net.minecraft.world.level.storage.loot.LootDataType/]: Couldn't parse element ResourceKey[minecraft:root / minecraft:loot_table]:create_connected:blocks/dye_depot_aqua_fan_dyeing_catalyst - Unknown registry key in ResourceKey[minecraft:root / minecraft:item]: create_connected:dye_depot_aqua_fan_dyeing_catalyst
[26Sep2026 13:00:05.037] [Worker-Main-1/ERROR] [net.minecraft.world.level.storage.loot.LootDataType/]: Couldn't parse element ResourceKey[minecraft:root / minecraft:loot_table]:create_connected:blocks/dye_depot_slate_fan_dyeing_catalyst - Unknown registry key in ResourceKey[minecraft:root / minecraft:item]: create_connected:dye_depot_slate_fan_dyeing_catalyst
[26Sep2026 13:00:05.044] [Worker-Main-1/ERROR] [net.minecraft.world.level.storage.loot.LootDataType/]: Couldn't parse element ResourceKey[minecraft:root / minecraft:loot_table]:create_connected:blocks/dye_depot_teal_fan_dyeing_catalyst - Unknown registry key in ResourceKey[minecraft:root / minecraft:item]: create_connected:dye_depot_teal_fan_dyeing_catalyst
[26Sep2026 13:00:05.045] [Worker-Main-1/ERROR] [net.minecraft.world.level.storage.loot.LootDataType/]: Couldn't parse element ResourceKey[minecraft:root / minecraft:loot_table]:create_connected:blocks/dye_depot_ginger_fan_dyeing_catalyst - Unknown registry key in ResourceKey[minecraft:root / minecraft:item]: create_connected:dye_depot_ginger_fan_dyeing_catalyst
[26Sep2026 13:00:05.053] [Worker-Main-1/ERROR] [net.minecraft.world.level.storage.loot.LootDataType/]: Couldn't parse element ResourceKey[minecraft:root / minecraft:loot_table]:create_connected:blocks/dye_depot_tan_fan_dyeing_catalyst - Unknown registry key in ResourceKey[minecraft:root / minecraft:item]: create_connected:dye_depot_tan_fan_dyeing_catalyst
[26Sep2026 13:00:05.053] [Worker-Main-1/ERROR] [net.minecraft.world.level.storage.loot.LootDataType/]: Couldn't parse element ResourceKey[minecraft:root / minecraft:loot_table]:create_connected:blocks/dye_depot_indigo_fan_dyeing_catalyst - Unknown registry key in ResourceKey[minecraft:root / minecraft:item]: create_connected:dye_depot_indigo_fan_dyeing_catalyst
[26Sep2026 13:00:05.056] [Worker-Main-1/ERROR] [net.minecraft.world.level.storage.loot.LootDataType/]: Couldn't parse element ResourceKey[minecraft:root / minecraft:loot_table]:create_connected:blocks/dye_depot_rose_fan_dyeing_catalyst - Unknown registry key in ResourceKey[minecraft:root / minecraft:item]: create_connected:dye_depot_rose_fan_dyeing_catalyst
[26Sep2026 13:00:05.057] [Worker-Main-1/ERROR] [net.minecraft.world.level.storage.loot.LootDataType/]: Couldn't parse element ResourceKey[minecraft:root / minecraft:loot_table]:create_connected:blocks/dye_depot_navy_fan_dyeing_catalyst - Unknown registry key in ResourceKey[minecraft:root / minecraft:item]: create_connected:dye_depot_navy_fan_dyeing_catalyst
[26Sep2026 13:00:05.140] [Worker-Main-1/INFO] [net.neoforged.coremod.CoreMod.apothic_enchanting/COREMODLOG]: Replaced 2 calls to Enchantment#getMaxLevel() in net/minecraft/server/commands/EnchantCommand
[26Sep2026 13:00:05.470] [Render thread/WARN] [net.minecraft.core.MappedRegistry/]: Not all defined tags for registry ResourceKey[minecraft:root / minecraft:enchantment] are present in data pack: minecraft:exclusive_set/helmet
[26Sep2026 13:00:05.534] [Render thread/INFO] [KubeJS Server/]: Processing recipes...
[26Sep2026 13:00:05.535] [Render thread/INFO] [KubeJS Server/]: Initializing recipe event...
[26Sep2026 13:00:05.551] [Render thread/WARN] [KubeJS Server/]: KubeRecipe.java#90: Failed to parse recipe 'malum:spirit_repair/flint_restoration[malum:spirit_repair]'! Falling back to vanilla: Failed to read required component 'validItems: registry_element<item>[]' - java.lang.IllegalStateException: Failed to get element farmersdelight:flint_knife
[26Sep2026 13:00:05.576] [Render thread/WARN] [KubeJS Server/]: KubeRecipe.java#90: Failed to parse recipe 'malum:spirit_repair/iron_restoration[malum:spirit_repair]'! Falling back to vanilla: Failed to read required component 'validItems: registry_element<item>[]' - java.lang.IllegalStateException: Failed to get element farmersdelight:iron_knife
[26Sep2026 13:00:05.628] [Render thread/WARN] [KubeJS Server/]: KubeRecipe.java#90: Failed to parse recipe 'malum:spirit_repair/diamond_restoration[malum:spirit_repair]'! Falling back to vanilla: Failed to read required component 'validItems: registry_element<item>[]' - java.lang.IllegalStateException: Failed to get element farmersdelight:diamond_knife
[26Sep2026 13:00:05.688] [Render thread/WARN] [KubeJS Server/]: KubeRecipe.java#90: Failed to parse recipe 'malum:spirit_repair/gold_restoration[malum:spirit_repair]'! Falling back to vanilla: Failed to read required component 'validItems: registry_element<item>[]' - java.lang.IllegalStateException: Failed to get element farmersdelight:golden_knife
[26Sep2026 13:00:05.705] [Render thread/WARN] [KubeJS Server/]: KubeRecipe.java#90: Failed to parse recipe 'malum:spirit_repair/netherite_restoration[malum:spirit_repair]'! Falling back to vanilla: Failed to read required component 'validItems: registry_element<item>[]' - java.lang.IllegalStateException: Failed to get element farmersdelight:netherite_knife
[26Sep2026 13:00:05.724] [Render thread/WARN] [KubeJS Server/]: KubeRecipe.java#90: Failed to parse recipe 'malum:create/milling/grim_talc[create:milling]'! Falling back to vanilla: Failed to read required component 'results: either<fluid_stack, create:processing_output>[]' - java.lang.IllegalStateException: Failed to parse either. First: No key amount in MapLike[{"chance":0.25,"count":4,"item":"minecraft:bone_meal"}]; No key id in MapLike[{"chance":0.25,"count":4,"item":"minecraft:bone_meal"}]; Second: No key id in MapLike[{"chance":0.25,"count":4,"item":"minecraft:bone_meal"}]; Failed to parse either. First: No key amount in MapLike[{"chance":0.25,"item":"minecraft:yellow_dye"}]; No key id in MapLike[{"chance":0.25,"item":"minecraft:yellow_dye"}]; Second: No key id in MapLike[{"chance":0.25,"item":"minecraft:yellow_dye"}]; Failed to parse either. First: No key amount in MapLike[{"count":6,"item":"minecraft:bone_meal"}]; No key id in MapLike[{"count":6,"item":"minecraft:bone_meal"}]; Second: No key id in MapLike[{"count":6,"item":"minecraft:bone_meal"}]
[26Sep2026 13:00:05.752] [Render thread/INFO] [KubeJS Server/]: Found 4,834 recipes (skipped 924) in 215.2 ms
[26Sep2026 13:00:05.767] [Render thread/INFO] [KubeJS Server/]: Posted recipe events in 14 ms
[26Sep2026 13:00:05.776] [Render thread/INFO] [KubeJS Server/]: KubeJS modifications to recipe manager finished in 9.356 ms
[26Sep2026 13:00:05.786] [Render thread/ERROR] [net.minecraft.world.item.crafting.RecipeManager/]: Parsing error loading recipe malum:spirit_repair/flint_restoration
com.google.gson.JsonParseException: Unknown registry key in ResourceKey[minecraft:root / minecraft:item]: farmersdelight:flint_knife
	at MC-BOOTSTRAP/datafixerupper@8.0.16/com.mojang.serialization.DataResult$Error.getOrThrow(DataResult.java:287) ~[datafixerupper-8.0.16.jar%23116!/:?]
	at TRANSFORMER/minecraft@1.21.1/net.minecraft.world.item.crafting.RecipeManager.apply(RecipeManager.java:60) ~[client-1.21.1-20240808.144430-srg.jar%23250!/:?]
	at TRANSFORMER/minecraft@1.21.1/net.minecraft.world.item.crafting.RecipeManager.apply(RecipeManager.java:36) ~[client-1.21.1-20240808.144430-srg.jar%23250!/:?]
	at TRANSFORMER/minecraft@1.21.1/net.minecraft.server.packs.resources.SimplePreparableReloadListener.lambda$reload$1(SimplePreparableReloadListener.java:19) ~[client-1.21.1-20240808.144430-srg.jar%23250!/:?]
	at java.base/java.util.concurrent.CompletableFuture$UniAccept.tryFire(CompletableFuture.java:718) ~[?:?]
	at java.base/java.util.concurrent.CompletableFuture$Completion.run(CompletableFuture.java:482) ~[?:?]
	at TRANSFORMER/minecraft@1.21.1/net.minecraft.server.packs.resources.SimpleReloadInstance.lambda$new$3(SimpleReloadInstance.java:69) ~[client-1.21.1-20240808.144430-srg.jar%23250!/:?]
	at TRANSFORMER/minecraft@1.21.1/net.minecraft.util.thread.BlockableEventLoop.doRunTask(BlockableEventLoop.java:148) ~[client-1.21.1-20240808.144430-srg.jar%23250!/:?]
	at TRANSFORMER/minecraft@1.21.1/net.minecraft.util.thread.ReentrantBlockableEventLoop.doRunTask(ReentrantBlockableEventLoop.java:23) ~[client-1.21.1-20240808.144430-srg.jar%23250!/:?]
	at TRANSFORMER/minecraft@1.21.1/net.minecraft.util.thread.BlockableEventLoop.pollTask(BlockableEventLoop.java:122) ~[client-1.21.1-20240808.144430-srg.jar%23250!/:?]
	at TRANSFORMER/minecraft@1.21.1/net.minecraft.util.thread.BlockableEventLoop.managedBlock(BlockableEventLoop.java:132) ~[client-1.21.1-20240808.144430-srg.jar%23250!/:?]
	at TRANSFORMER/minecraft@1.21.1/net.minecraft.client.gui.screens.worldselection.WorldOpenFlows.loadWorldDataBlocking(WorldOpenFlows.java:201) ~[client-1.21.1-20240808.144430-srg.jar%23250!/:?]
	at TRANSFORMER/minecraft@1.21.1/net.minecraft.client.gui.screens.worldselection.WorldOpenFlows.loadWorldStem(WorldOpenFlows.java:142) ~[client-1.21.1-20240808.144430-srg.jar%23250!/:?]
	at TRANSFORMER/minecraft@1.21.1/net.minecraft.client.gui.screens.worldselection.WorldOpenFlows.openWorldLoadLevelStem(WorldOpenFlows.java:346) ~[client-1.21.1-20240808.144430-srg.jar%23250!/:?]
	at TRANSFORMER/minecraft@1.21.1/net.minecraft.client.gui.screens.worldselection.WorldOpenFlows.openWorldCheckVersionCompatibility(WorldOpenFlows.java:335) ~[client-1.21.1-20240808.144430-srg.jar%23250!/:?]
	at TRANSFORMER/minecraft@1.21.1/net.minecraft.client.gui.screens.worldselection.WorldOpenFlows.openWorldLoadLevelData(WorldOpenFlows.java:297) ~[client-1.21.1-20240808.144430-srg.jar%23250!/:?]
	at TRANSFORMER/minecraft@1.21.1/net.minecraft.client.gui.screens.worldselection.WorldOpenFlows.openWorld(WorldOpenFlows.java:261) ~[client-1.21.1-20240808.144430-srg.jar%23250!/:?]
	at TRANSFORMER/minecraft@1.21.1/net.minecraft.client.gui.screens.worldselection.WorldSelectionList$WorldListEntry.joinWorld(WorldSelectionList.java:498) ~[client-1.21.1-20240808.144430-srg.jar%23250!/:?]
	at TRANSFORMER/minecraft@1.21.1/net.minecraft.client.gui.screens.worldselection.WorldSelectionList$WorldListEntry.mouseClicked(WorldSelectionList.java:481) ~[client-1.21.1-20240808.144430-srg.jar%23250!/:?]
	at TRANSFORMER/minecraft@1.21.1/net.minecraft.client.gui.components.AbstractSelectionList.mouseClicked(AbstractSelectionList.java:315) ~[client-1.21.1-20240808.144430-srg.jar%23250!/:?]
	at TRANSFORMER/minecraft@1.21.1/net.minecraft.client.gui.components.events.ContainerEventHandler.mouseClicked(ContainerEventHandler.java:38) ~[client-1.21.1-20240808.144430-srg.jar%23250!/:?]
	at TRANSFORMER/minecraft@1.21.1/net.minecraft.client.MouseHandler.lambda$onPress$0(MouseHandler.java:98) ~[client-1.21.1-20240808.144430-srg.jar%23250!/:?]
	at TRANSFORMER/minecraft@1.21.1/net.minecraft.client.gui.screens.Screen.wrapScreenError(Screen.java:451) ~[client-1.21.1-20240808.144430-srg.jar%23250!/:?]
	at TRANSFORMER/minecraft@1.21.1/net.minecraft.client.MouseHandler.onPress(MouseHandler.java:95) ~[client-1.21.1-20240808.144430-srg.jar%23250!/:?]
	at TRANSFORMER/minecraft@1.21.1/net.minecraft.client.MouseHandler.lambda$setup$4(MouseHandler.java:202) ~[client-1.21.1-20240808.144430-srg.jar%23250!/:?]
	at TRANSFORMER/minecraft@1.21.1/net.minecraft.util.thread.BlockableEventLoop.execute(BlockableEventLoop.java:98) ~[client-1.21.1-20240808.144430-srg.jar%23250!/:?]
	at TRANSFORMER/minecraft@1.21.1/net.minecraft.client.MouseHandler.lambda$setup$5(MouseHandler.java:202) ~[client-1.21.1-20240808.144430-srg.jar%23250!/:?]
	at MC-BOOTSTRAP/org.lwjgl.glfw@3.3.3+5/org.lwjgl.glfw.GLFWMouseButtonCallbackI.callback(GLFWMouseButtonCallbackI.java:43) ~[lwjgl-glfw-3.3.3.jar%2395!/:build 5]
	at MC-BOOTSTRAP/org.lwjgl@3.3.3+5/org.lwjgl.system.JNI.invokeV(Native Method) ~[lwjgl-3.3.3.jar%23107!/:build 5]
	at MC-BOOTSTRAP/org.lwjgl.glfw@3.3.3+5/org.lwjgl.glfw.GLFW.glfwWaitEventsTimeout(GLFW.java:3509) ~[lwjgl-glfw-3.3.3.jar%2395!/:build 5]
	at TRANSFORMER/minecraft@1.21.1/com.mojang.blaze3d.systems.RenderSystem.limitDisplayFPS(RenderSystem.java:162) ~[client-1.21.1-20240808.144430-srg.jar%23250!/:?]
	at TRANSFORMER/minecraft@1.21.1/net.minecraft.client.Minecraft.runTick(Minecraft.java:1220) ~[client-1.21.1-20240808.144430-srg.jar%23250!/:?]
	at TRANSFORMER/minecraft@1.21.1/net.minecraft.client.Minecraft.run(Minecraft.java:807) ~[client-1.21.1-20240808.144430-srg.jar%23250!/:?]
	at TRANSFORMER/minecraft@1.21.1/net.minecraft.client.main.Main.main(Main.java:230) ~[client-1.21.1-20240808.144430-srg.jar%23250!/:?]
	at java.base/jdk.internal.reflect.DirectMethodHandleAccessor.invoke(DirectMethodHandleAccessor.java:103) ~[?:?]
	at java.base/java.lang.reflect.Method.invoke(Method.java:580) ~[?:?]
	at MC-BOOTSTRAP/fml_loader@4.0.44/net.neoforged.fml.loading.targets.CommonLaunchHandler.runTarget(CommonLaunchHandler.java:136) ~[loader-4.0.44.jar%23149!/:4.0]
	at MC-BOOTSTRAP/fml_loader@4.0.44/net.neoforged.fml.loading.targets.CommonLaunchHandler.clientService(CommonLaunchHandler.java:124) ~[loader-4.0.44.jar%23149!/:4.0]
	at MC-BOOTSTRAP/fml_loader@4.0.44/net.neoforged.fml.loading.targets.CommonClientLaunchHandler.runService(CommonClientLaunchHandler.java:32) ~[loader-4.0.44.jar%23149!/:4.0]
	at MC-BOOTSTRAP/fml_loader@4.0.44/net.neoforged.fml.loading.targets.CommonLaunchHandler.lambda$launchService$4(CommonLaunchHandler.java:118) ~[loader-4.0.44.jar%23149!/:4.0]
	at MC-BOOTSTRAP/cpw.mods.modlauncher@11.0.5/cpw.mods.modlauncher.LaunchServiceHandlerDecorator.launch(LaunchServiceHandlerDecorator.java:30) [modlauncher-11.0.5.jar%23154!/:?]
	at MC-BOOTSTRAP/cpw.mods.modlauncher@11.0.5/cpw.mods.modlauncher.LaunchServiceHandler.launch(LaunchServiceHandler.java:53) [modlauncher-11.0.5.jar%23154!/:?]
	at MC-BOOTSTRAP/cpw.mods.modlauncher@11.0.5/cpw.mods.modlauncher.LaunchServiceHandler.launch(LaunchServiceHandler.java:71) [modlauncher-11.0.5.jar%23154!/:?]
	at MC-BOOTSTRAP/cpw.mods.modlauncher@11.0.5/cpw.mods.modlauncher.Launcher.run(Launcher.java:103) [modlauncher-11.0.5.jar%23154!/:?]
	at MC-BOOTSTRAP/cpw.mods.modlauncher@11.0.5/cpw.mods.modlauncher.Launcher.main(Launcher.java:74) [modlauncher-11.0.5.jar%23154!/:?]
	at MC-BOOTSTRAP/cpw.mods.modlauncher@11.0.5/cpw.mods.modlauncher.BootstrapLaunchConsumer.accept(BootstrapLaunchConsumer.java:26) [modlauncher-11.0.5.jar%23154!/:?]
	at MC-BOOTSTRAP/cpw.mods.modlauncher@11.0.5/cpw.mods.modlauncher.BootstrapLaunchConsumer.accept(BootstrapLaunchConsumer.java:23) [modlauncher-11.0.5.jar%23154!/:?]
	at cpw.mods.bootstraplauncher@2.0.2/cpw.mods.bootstraplauncher.BootstrapLauncher.run(BootstrapLauncher.java:210) [bootstraplauncher-2.0.2.jar:?]
	at cpw.mods.bootstraplauncher@2.0.2/cpw.mods.bootstraplauncher.BootstrapLauncher.main(BootstrapLauncher.java:69) [bootstraplauncher-2.0.2.jar:?]
	at java.base/jdk.internal.reflect.DirectMethodHandleAccessor.invoke(DirectMethodHandleAccessor.java:103) ~[?:?]
	at java.base/java.lang.reflect.Method.invoke(Method.java:580) ~[?:?]
	at io.github.zekerzhayard.forgewrapper.installer.Main.main(Main.java:67) [ForgeWrapper-prism-2026-08-01.jar:prism-2026-08-01]
	at org.prismlauncher.launcher.impl.StandardLauncher.launch(StandardLauncher.java:115) [NewLaunch.jar:?]
	at org.prismlauncher.EntryPoint.listen(EntryPoint.java:129) [NewLaunch.jar:?]
	at org.prismlauncher.EntryPoint.main(EntryPoint.java:70) [NewLaunch.jar:?]
[26Sep2026 13:00:05.794] [Render thread/ERROR] [net.minecraft.world.item.crafting.RecipeManager/]: Parsing error loading recipe malum:spirit_repair/iron_restoration
com.google.gson.JsonParseException: Unknown registry key in ResourceKey[minecraft:root / minecraft:item]: farmersdelight:iron_knife
	at MC-BOOTSTRAP/datafixerupper@8.0.16/com.mojang.serialization.DataResult$Error.getOrThrow(DataResult.java:287) ~[datafixerupper-8.0.16.jar%23116!/:?]
	at TRANSFORMER/minecraft@1.21.1/net.minecraft.world.item.crafting.RecipeManager.apply(RecipeManager.java:60) ~[client-1.21.1-20240808.144430-srg.jar%23250!/:?]
	at TRANSFORMER/minecraft@1.21.1/net.minecraft.world.item.crafting.RecipeManager.apply(RecipeManager.java:36) ~[client-1.21.1-20240808.144430-srg.jar%23250!/:?]
	at TRANSFORMER/minecraft@1.21.1/net.minecraft.server.packs.resources.SimplePreparableReloadListener.lambda$reload$1(SimplePreparableReloadListener.java:19) ~[client-1.21.1-20240808.144430-srg.jar%23250!/:?]
	at java.base/java.util.concurrent.CompletableFuture$UniAccept.tryFire(CompletableFuture.java:718) ~[?:?]
	at java.base/java.util.concurrent.CompletableFuture$Completion.run(CompletableFuture.java:482) ~[?:?]
	at TRANSFORMER/minecraft@1.21.1/net.minecraft.server.packs.resources.SimpleReloadInstance.lambda$new$3(SimpleReloadInstance.java:69) ~[client-1.21.1-20240808.144430-srg.jar%23250!/:?]
	at TRANSFORMER/minecraft@1.21.1/net.minecraft.util.thread.BlockableEventLoop.doRunTask(BlockableEventLoop.java:148) ~[client-1.21.1-20240808.144430-srg.jar%23250!/:?]
	at TRANSFORMER/minecraft@1.21.1/net.minecraft.util.thread.ReentrantBlockableEventLoop.doRunTask(ReentrantBlockableEventLoop.java:23) ~[client-1.21.1-20240808.144430-srg.jar%23250!/:?]
	at TRANSFORMER/minecraft@1.21.1/net.minecraft.util.thread.BlockableEventLoop.pollTask(BlockableEventLoop.java:122) ~[client-1.21.1-20240808.144430-srg.jar%23250!/:?]
	at TRANSFORMER/minecraft@1.21.1/net.minecraft.util.thread.BlockableEventLoop.managedBlock(BlockableEventLoop.java:132) ~[client-1.21.1-20240808.144430-srg.jar%23250!/:?]
	at TRANSFORMER/minecraft@1.21.1/net.minecraft.client.gui.screens.worldselection.WorldOpenFlows.loadWorldDataBlocking(WorldOpenFlows.java:201) ~[client-1.21.1-20240808.144430-srg.jar%23250!/:?]
	at TRANSFORMER/minecraft@1.21.1/net.minecraft.client.gui.screens.worldselection.WorldOpenFlows.loadWorldStem(WorldOpenFlows.java:142) ~[client-1.21.1-20240808.144430-srg.jar%23250!/:?]
	at TRANSFORMER/minecraft@1.21.1/net.minecraft.client.gui.screens.worldselection.WorldOpenFlows.openWorldLoadLevelStem(WorldOpenFlows.java:346) ~[client-1.21.1-20240808.144430-srg.jar%23250!/:?]
	at TRANSFORMER/minecraft@1.21.1/net.minecraft.client.gui.screens.worldselection.WorldOpenFlows.openWorldCheckVersionCompatibility(WorldOpenFlows.java:335) ~[client-1.21.1-20240808.144430-srg.jar%23250!/:?]
	at TRANSFORMER/minecraft@1.21.1/net.minecraft.client.gui.screens.worldselection.WorldOpenFlows.openWorldLoadLevelData(WorldOpenFlows.java:297) ~[client-1.21.1-20240808.144430-srg.jar%23250!/:?]
	at TRANSFORMER/minecraft@1.21.1/net.minecraft.client.gui.screens.worldselection.WorldOpenFlows.openWorld(WorldOpenFlows.java:261) ~[client-1.21.1-20240808.144430-srg.jar%23250!/:?]
	at TRANSFORMER/minecraft@1.21.1/net.minecraft.client.gui.screens.worldselection.WorldSelectionList$WorldListEntry.joinWorld(WorldSelectionList.java:498) ~[client-1.21.1-20240808.144430-srg.jar%23250!/:?]
	at TRANSFORMER/minecraft@1.21.1/net.minecraft.client.gui.screens.worldselection.WorldSelectionList$WorldListEntry.mouseClicked(WorldSelectionList.java:481) ~[client-1.21.1-20240808.144430-srg.jar%23250!/:?]
	at TRANSFORMER/minecraft@1.21.1/net.minecraft.client.gui.components.AbstractSelectionList.mouseClicked(AbstractSelectionList.java:315) ~[client-1.21.1-20240808.144430-srg.jar%23250!/:?]
	at TRANSFORMER/minecraft@1.21.1/net.minecraft.client.gui.components.events.ContainerEventHandler.mouseClicked(ContainerEventHandler.java:38) ~[client-1.21.1-20240808.144430-srg.jar%23250!/:?]
	at TRANSFORMER/minecraft@1.21.1/net.minecraft.client.MouseHandler.lambda$onPress$0(MouseHandler.java:98) ~[client-1.21.1-20240808.144430-srg.jar%23250!/:?]
	at TRANSFORMER/minecraft@1.21.1/net.minecraft.client.gui.screens.Screen.wrapScreenError(Screen.java:451) ~[client-1.21.1-20240808.144430-srg.jar%23250!/:?]
	at TRANSFORMER/minecraft@1.21.1/net.minecraft.client.MouseHandler.onPress(MouseHandler.java:95) ~[client-1.21.1-20240808.144430-srg.jar%23250!/:?]
	at TRANSFORMER/minecraft@1.21.1/net.minecraft.client.MouseHandler.lambda$setup$4(MouseHandler.java:202) ~[client-1.21.1-20240808.144430-srg.jar%23250!/:?]
	at TRANSFORMER/minecraft@1.21.1/net.minecraft.util.thread.BlockableEventLoop.execute(BlockableEventLoop.java:98) ~[client-1.21.1-20240808.144430-srg.jar%23250!/:?]
	at TRANSFORMER/minecraft@1.21.1/net.minecraft.client.MouseHandler.lambda$setup$5(MouseHandler.java:202) ~[client-1.21.1-20240808.144430-srg.jar%23250!/:?]
	at MC-BOOTSTRAP/org.lwjgl.glfw@3.3.3+5/org.lwjgl.glfw.GLFWMouseButtonCallbackI.callback(GLFWMouseButtonCallbackI.java:43) ~[lwjgl-glfw-3.3.3.jar%2395!/:build 5]
	at MC-BOOTSTRAP/org.lwjgl@3.3.3+5/org.lwjgl.system.JNI.invokeV(Native Method) ~[lwjgl-3.3.3.jar%23107!/:build 5]
	at MC-BOOTSTRAP/org.lwjgl.glfw@3.3.3+5/org.lwjgl.glfw.GLFW.glfwWaitEventsTimeout(GLFW.java:3509) ~[lwjgl-glfw-3.3.3.jar%2395!/:build 5]
	at TRANSFORMER/minecraft@1.21.1/com.mojang.blaze3d.systems.RenderSystem.limitDisplayFPS(RenderSystem.java:162) ~[client-1.21.1-20240808.144430-srg.jar%23250!/:?]
	at TRANSFORMER/minecraft@1.21.1/net.minecraft.client.Minecraft.runTick(Minecraft.java:1220) ~[client-1.21.1-20240808.144430-srg.jar%23250!/:?]
	at TRANSFORMER/minecraft@1.21.1/net.minecraft.client.Minecraft.run(Minecraft.java:807) ~[client-1.21.1-20240808.144430-srg.jar%23250!/:?]
	at TRANSFORMER/minecraft@1.21.1/net.minecraft.client.main.Main.main(Main.java:230) ~[client-1.21.1-20240808.144430-srg.jar%23250!/:?]
	at java.base/jdk.internal.reflect.DirectMethodHandleAccessor.invoke(DirectMethodHandleAccessor.java:103) ~[?:?]
	at java.base/java.lang.reflect.Method.invoke(Method.java:580) ~[?:?]
	at MC-BOOTSTRAP/fml_loader@4.0.44/net.neoforged.fml.loading.targets.CommonLaunchHandler.runTarget(CommonLaunchHandler.java:136) ~[loader-4.0.44.jar%23149!/:4.0]
	at MC-BOOTSTRAP/fml_loader@4.0.44/net.neoforged.fml.loading.targets.CommonLaunchHandler.clientService(CommonLaunchHandler.java:124) ~[loader-4.0.44.jar%23149!/:4.0]
	at MC-BOOTSTRAP/fml_loader@4.0.44/net.neoforged.fml.loading.targets.CommonClientLaunchHandler.runService(CommonClientLaunchHandler.java:32) ~[loader-4.0.44.jar%23149!/:4.0]
	at MC-BOOTSTRAP/fml_loader@4.0.44/net.neoforged.fml.loading.targets.CommonLaunchHandler.lambda$launchService$4(CommonLaunchHandler.java:118) ~[loader-4.0.44.jar%23149!/:4.0]
	at MC-BOOTSTRAP/cpw.mods.modlauncher@11.0.5/cpw.mods.modlauncher.LaunchServiceHandlerDecorator.launch(LaunchServiceHandlerDecorator.java:30) [modlauncher-11.0.5.jar%23154!/:?]
	at MC-BOOTSTRAP/cpw.mods.modlauncher@11.0.5/cpw.mods.modlauncher.LaunchServiceHandler.launch(LaunchServiceHandler.java:53) [modlauncher-11.0.5.jar%23154!/:?]
	at MC-BOOTSTRAP/cpw.mods.modlauncher@11.0.5/cpw.mods.modlauncher.LaunchServiceHandler.launch(LaunchServiceHandler.java:71) [modlauncher-11.0.5.jar%23154!/:?]
	at MC-BOOTSTRAP/cpw.mods.modlauncher@11.0.5/cpw.mods.modlauncher.Launcher.run(Launcher.java:103) [modlauncher-11.0.5.jar%23154!/:?]
	at MC-BOOTSTRAP/cpw.mods.modlauncher@11.0.5/cpw.mods.modlauncher.Launcher.main(Launcher.java:74) [modlauncher-11.0.5.jar%23154!/:?]
	at MC-BOOTSTRAP/cpw.mods.modlauncher@11.0.5/cpw.mods.modlauncher.BootstrapLaunchConsumer.accept(BootstrapLaunchConsumer.java:26) [modlauncher-11.0.5.jar%23154!/:?]
	at MC-BOOTSTRAP/cpw.mods.modlauncher@11.0.5/cpw.mods.modlauncher.BootstrapLaunchConsumer.accept(BootstrapLaunchConsumer.java:23) [modlauncher-11.0.5.jar%23154!/:?]
	at cpw.mods.bootstraplauncher@2.0.2/cpw.mods.bootstraplauncher.BootstrapLauncher.run(BootstrapLauncher.java:210) [bootstraplauncher-2.0.2.jar:?]
	at cpw.mods.bootstraplauncher@2.0.2/cpw.mods.bootstraplauncher.BootstrapLauncher.main(BootstrapLauncher.java:69) [bootstraplauncher-2.0.2.jar:?]
	at java.base/jdk.internal.reflect.DirectMethodHandleAccessor.invoke(DirectMethodHandleAccessor.java:103) ~[?:?]
	at java.base/java.lang.reflect.Method.invoke(Method.java:580) ~[?:?]
	at io.github.zekerzhayard.forgewrapper.installer.Main.main(Main.java:67) [ForgeWrapper-prism-2026-08-01.jar:prism-2026-08-01]
	at org.prismlauncher.launcher.impl.StandardLauncher.launch(StandardLauncher.java:115) [NewLaunch.jar:?]
	at org.prismlauncher.EntryPoint.listen(EntryPoint.java:129) [NewLaunch.jar:?]
	at org.prismlauncher.EntryPoint.main(EntryPoint.java:70) [NewLaunch.jar:?]
[26Sep2026 13:00:05.816] [Render thread/ERROR] [net.minecraft.world.item.crafting.RecipeManager/]: Parsing error loading recipe malum:spirit_repair/diamond_restoration
com.google.gson.JsonParseException: Unknown registry key in ResourceKey[minecraft:root / minecraft:item]: farmersdelight:diamond_knife
	at MC-BOOTSTRAP/datafixerupper@8.0.16/com.mojang.serialization.DataResult$Error.getOrThrow(DataResult.java:287) ~[datafixerupper-8.0.16.jar%23116!/:?]
	at TRANSFORMER/minecraft@1.21.1/net.minecraft.world.item.crafting.RecipeManager.apply(RecipeManager.java:60) ~[client-1.21.1-20240808.144430-srg.jar%23250!/:?]
	at TRANSFORMER/minecraft@1.21.1/net.minecraft.world.item.crafting.RecipeManager.apply(RecipeManager.java:36) ~[client-1.21.1-20240808.144430-srg.jar%23250!/:?]
	at TRANSFORMER/minecraft@1.21.1/net.minecraft.server.packs.resources.SimplePreparableReloadListener.lambda$reload$1(SimplePreparableReloadListener.java:19) ~[client-1.21.1-20240808.144430-srg.jar%23250!/:?]
	at java.base/java.util.concurrent.CompletableFuture$UniAccept.tryFire(CompletableFuture.java:718) ~[?:?]
	at java.base/java.util.concurrent.CompletableFuture$Completion.run(CompletableFuture.java:482) ~[?:?]
	at TRANSFORMER/minecraft@1.21.1/net.minecraft.server.packs.resources.SimpleReloadInstance.lambda$new$3(SimpleReloadInstance.java:69) ~[client-1.21.1-20240808.144430-srg.jar%23250!/:?]
	at TRANSFORMER/minecraft@1.21.1/net.minecraft.util.thread.BlockableEventLoop.doRunTask(BlockableEventLoop.java:148) ~[client-1.21.1-20240808.144430-srg.jar%23250!/:?]
	at TRANSFORMER/minecraft@1.21.1/net.minecraft.util.thread.ReentrantBlockableEventLoop.doRunTask(ReentrantBlockableEventLoop.java:23) ~[client-1.21.1-20240808.144430-srg.jar%23250!/:?]
	at TRANSFORMER/minecraft@1.21.1/net.minecraft.util.thread.BlockableEventLoop.pollTask(BlockableEventLoop.java:122) ~[client-1.21.1-20240808.144430-srg.jar%23250!/:?]
	at TRANSFORMER/minecraft@1.21.1/net.minecraft.util.thread.BlockableEventLoop.managedBlock(BlockableEventLoop.java:132) ~[client-1.21.1-20240808.144430-srg.jar%23250!/:?]
	at TRANSFORMER/minecraft@1.21.1/net.minecraft.client.gui.screens.worldselection.WorldOpenFlows.loadWorldDataBlocking(WorldOpenFlows.java:201) ~[client-1.21.1-20240808.144430-srg.jar%23250!/:?]
	at TRANSFORMER/minecraft@1.21.1/net.minecraft.client.gui.screens.worldselection.WorldOpenFlows.loadWorldStem(WorldOpenFlows.java:142) ~[client-1.21.1-20240808.144430-srg.jar%23250!/:?]
	at TRANSFORMER/minecraft@1.21.1/net.minecraft.client.gui.screens.worldselection.WorldOpenFlows.openWorldLoadLevelStem(WorldOpenFlows.java:346) ~[client-1.21.1-20240808.144430-srg.jar%23250!/:?]
	at TRANSFORMER/minecraft@1.21.1/net.minecraft.client.gui.screens.worldselection.WorldOpenFlows.openWorldCheckVersionCompatibility(WorldOpenFlows.java:335) ~[client-1.21.1-20240808.144430-srg.jar%23250!/:?]
	at TRANSFORMER/minecraft@1.21.1/net.minecraft.client.gui.screens.worldselection.WorldOpenFlows.openWorldLoadLevelData(WorldOpenFlows.java:297) ~[client-1.21.1-20240808.144430-srg.jar%23250!/:?]
	at TRANSFORMER/minecraft@1.21.1/net.minecraft.client.gui.screens.worldselection.WorldOpenFlows.openWorld(WorldOpenFlows.java:261) ~[client-1.21.1-20240808.144430-srg.jar%23250!/:?]
	at TRANSFORMER/minecraft@1.21.1/net.minecraft.client.gui.screens.worldselection.WorldSelectionList$WorldListEntry.joinWorld(WorldSelectionList.java:498) ~[client-1.21.1-20240808.144430-srg.jar%23250!/:?]
	at TRANSFORMER/minecraft@1.21.1/net.minecraft.client.gui.screens.worldselection.WorldSelectionList$WorldListEntry.mouseClicked(WorldSelectionList.java:481) ~[client-1.21.1-20240808.144430-srg.jar%23250!/:?]
	at TRANSFORMER/minecraft@1.21.1/net.minecraft.client.gui.components.AbstractSelectionList.mouseClicked(AbstractSelectionList.java:315) ~[client-1.21.1-20240808.144430-srg.jar%23250!/:?]
	at TRANSFORMER/minecraft@1.21.1/net.minecraft.client.gui.components.events.ContainerEventHandler.mouseClicked(ContainerEventHandler.java:38) ~[client-1.21.1-20240808.144430-srg.jar%23250!/:?]
	at TRANSFORMER/minecraft@1.21.1/net.minecraft.client.MouseHandler.lambda$onPress$0(MouseHandler.java:98) ~[client-1.21.1-20240808.144430-srg.jar%23250!/:?]
	at TRANSFORMER/minecraft@1.21.1/net.minecraft.client.gui.screens.Screen.wrapScreenError(Screen.java:451) ~[client-1.21.1-20240808.144430-srg.jar%23250!/:?]
	at TRANSFORMER/minecraft@1.21.1/net.minecraft.client.MouseHandler.onPress(MouseHandler.java:95) ~[client-1.21.1-20240808.144430-srg.jar%23250!/:?]
	at TRANSFORMER/minecraft@1.21.1/net.minecraft.client.MouseHandler.lambda$setup$4(MouseHandler.java:202) ~[client-1.21.1-20240808.144430-srg.jar%23250!/:?]
	at TRANSFORMER/minecraft@1.21.1/net.minecraft.util.thread.BlockableEventLoop.execute(BlockableEventLoop.java:98) ~[client-1.21.1-20240808.144430-srg.jar%23250!/:?]
	at TRANSFORMER/minecraft@1.21.1/net.minecraft.client.MouseHandler.lambda$setup$5(MouseHandler.java:202) ~[client-1.21.1-20240808.144430-srg.jar%23250!/:?]
	at MC-BOOTSTRAP/org.lwjgl.glfw@3.3.3+5/org.lwjgl.glfw.GLFWMouseButtonCallbackI.callback(GLFWMouseButtonCallbackI.java:43) ~[lwjgl-glfw-3.3.3.jar%2395!/:build 5]
	at MC-BOOTSTRAP/org.lwjgl@3.3.3+5/org.lwjgl.system.JNI.invokeV(Native Method) ~[lwjgl-3.3.3.jar%23107!/:build 5]
	at MC-BOOTSTRAP/org.lwjgl.glfw@3.3.3+5/org.lwjgl.glfw.GLFW.glfwWaitEventsTimeout(GLFW.java:3509) ~[lwjgl-glfw-3.3.3.jar%2395!/:build 5]
	at TRANSFORMER/minecraft@1.21.1/com.mojang.blaze3d.systems.RenderSystem.limitDisplayFPS(RenderSystem.java:162) ~[client-1.21.1-20240808.144430-srg.jar%23250!/:?]
	at TRANSFORMER/minecraft@1.21.1/net.minecraft.client.Minecraft.runTick(Minecraft.java:1220) ~[client-1.21.1-20240808.144430-srg.jar%23250!/:?]
	at TRANSFORMER/minecraft@1.21.1/net.minecraft.client.Minecraft.run(Minecraft.java:807) ~[client-1.21.1-20240808.144430-srg.jar%23250!/:?]
	at TRANSFORMER/minecraft@1.21.1/net.minecraft.client.main.Main.main(Main.java:230) ~[client-1.21.1-20240808.144430-srg.jar%23250!/:?]
	at java.base/jdk.internal.reflect.DirectMethodHandleAccessor.invoke(DirectMethodHandleAccessor.java:103) ~[?:?]
	at java.base/java.lang.reflect.Method.invoke(Method.java:580) ~[?:?]
	at MC-BOOTSTRAP/fml_loader@4.0.44/net.neoforged.fml.loading.targets.CommonLaunchHandler.runTarget(CommonLaunchHandler.java:136) ~[loader-4.0.44.jar%23149!/:4.0]
	at MC-BOOTSTRAP/fml_loader@4.0.44/net.neoforged.fml.loading.targets.CommonLaunchHandler.clientService(CommonLaunchHandler.java:124) ~[loader-4.0.44.jar%23149!/:4.0]
	at MC-BOOTSTRAP/fml_loader@4.0.44/net.neoforged.fml.loading.targets.CommonClientLaunchHandler.runService(CommonClientLaunchHandler.java:32) ~[loader-4.0.44.jar%23149!/:4.0]
	at MC-BOOTSTRAP/fml_loader@4.0.44/net.neoforged.fml.loading.targets.CommonLaunchHandler.lambda$launchService$4(CommonLaunchHandler.java:118) ~[loader-4.0.44.jar%23149!/:4.0]
	at MC-BOOTSTRAP/cpw.mods.modlauncher@11.0.5/cpw.mods.modlauncher.LaunchServiceHandlerDecorator.launch(LaunchServiceHandlerDecorator.java:30) [modlauncher-11.0.5.jar%23154!/:?]
	at MC-BOOTSTRAP/cpw.mods.modlauncher@11.0.5/cpw.mods.modlauncher.LaunchServiceHandler.launch(LaunchServiceHandler.java:53) [modlauncher-11.0.5.jar%23154!/:?]
	at MC-BOOTSTRAP/cpw.mods.modlauncher@11.0.5/cpw.mods.modlauncher.LaunchServiceHandler.launch(LaunchServiceHandler.java:71) [modlauncher-11.0.5.jar%23154!/:?]
	at MC-BOOTSTRAP/cpw.mods.modlauncher@11.0.5/cpw.mods.modlauncher.Launcher.run(Launcher.java:103) [modlauncher-11.0.5.jar%23154!/:?]
	at MC-BOOTSTRAP/cpw.mods.modlauncher@11.0.5/cpw.mods.modlauncher.Launcher.main(Launcher.java:74) [modlauncher-11.0.5.jar%23154!/:?]
	at MC-BOOTSTRAP/cpw.mods.modlauncher@11.0.5/cpw.mods.modlauncher.BootstrapLaunchConsumer.accept(BootstrapLaunchConsumer.java:26) [modlauncher-11.0.5.jar%23154!/:?]
	at MC-BOOTSTRAP/cpw.mods.modlauncher@11.0.5/cpw.mods.modlauncher.BootstrapLaunchConsumer.accept(BootstrapLaunchConsumer.java:23) [modlauncher-11.0.5.jar%23154!/:?]
	at cpw.mods.bootstraplauncher@2.0.2/cpw.mods.bootstraplauncher.BootstrapLauncher.run(BootstrapLauncher.java:210) [bootstraplauncher-2.0.2.jar:?]
	at cpw.mods.bootstraplauncher@2.0.2/cpw.mods.bootstraplauncher.BootstrapLauncher.main(BootstrapLauncher.java:69) [bootstraplauncher-2.0.2.jar:?]
	at java.base/jdk.internal.reflect.DirectMethodHandleAccessor.invoke(DirectMethodHandleAccessor.java:103) ~[?:?]
	at java.base/java.lang.reflect.Method.invoke(Method.java:580) ~[?:?]
	at io.github.zekerzhayard.forgewrapper.installer.Main.main(Main.java:67) [ForgeWrapper-prism-2026-08-01.jar:prism-2026-08-01]
	at org.prismlauncher.launcher.impl.StandardLauncher.launch(StandardLauncher.java:115) [NewLaunch.jar:?]
	at org.prismlauncher.EntryPoint.listen(EntryPoint.java:129) [NewLaunch.jar:?]
	at org.prismlauncher.EntryPoint.main(EntryPoint.java:70) [NewLaunch.jar:?]
[26Sep2026 13:00:05.831] [Render thread/ERROR] [net.minecraft.world.item.crafting.RecipeManager/]: Parsing error loading recipe malum:spirit_repair/gold_restoration
com.google.gson.JsonParseException: Unknown registry key in ResourceKey[minecraft:root / minecraft:item]: farmersdelight:golden_knife
	at MC-BOOTSTRAP/datafixerupper@8.0.16/com.mojang.serialization.DataResult$Error.getOrThrow(DataResult.java:287) ~[datafixerupper-8.0.16.jar%23116!/:?]
	at TRANSFORMER/minecraft@1.21.1/net.minecraft.world.item.crafting.RecipeManager.apply(RecipeManager.java:60) ~[client-1.21.1-20240808.144430-srg.jar%23250!/:?]
	at TRANSFORMER/minecraft@1.21.1/net.minecraft.world.item.crafting.RecipeManager.apply(RecipeManager.java:36) ~[client-1.21.1-20240808.144430-srg.jar%23250!/:?]
	at TRANSFORMER/minecraft@1.21.1/net.minecraft.server.packs.resources.SimplePreparableReloadListener.lambda$reload$1(SimplePreparableReloadListener.java:19) ~[client-1.21.1-20240808.144430-srg.jar%23250!/:?]
	at java.base/java.util.concurrent.CompletableFuture$UniAccept.tryFire(CompletableFuture.java:718) ~[?:?]
	at java.base/java.util.concurrent.CompletableFuture$Completion.run(CompletableFuture.java:482) ~[?:?]
	at TRANSFORMER/minecraft@1.21.1/net.minecraft.server.packs.resources.SimpleReloadInstance.lambda$new$3(SimpleReloadInstance.java:69) ~[client-1.21.1-20240808.144430-srg.jar%23250!/:?]
	at TRANSFORMER/minecraft@1.21.1/net.minecraft.util.thread.BlockableEventLoop.doRunTask(BlockableEventLoop.java:148) ~[client-1.21.1-20240808.144430-srg.jar%23250!/:?]
	at TRANSFORMER/minecraft@1.21.1/net.minecraft.util.thread.ReentrantBlockableEventLoop.doRunTask(ReentrantBlockableEventLoop.java:23) ~[client-1.21.1-20240808.144430-srg.jar%23250!/:?]
	at TRANSFORMER/minecraft@1.21.1/net.minecraft.util.thread.BlockableEventLoop.pollTask(BlockableEventLoop.java:122) ~[client-1.21.1-20240808.144430-srg.jar%23250!/:?]
	at TRANSFORMER/minecraft@1.21.1/net.minecraft.util.thread.BlockableEventLoop.managedBlock(BlockableEventLoop.java:132) ~[client-1.21.1-20240808.144430-srg.jar%23250!/:?]
	at TRANSFORMER/minecraft@1.21.1/net.minecraft.client.gui.screens.worldselection.WorldOpenFlows.loadWorldDataBlocking(WorldOpenFlows.java:201) ~[client-1.21.1-20240808.144430-srg.jar%23250!/:?]
	at TRANSFORMER/minecraft@1.21.1/net.minecraft.client.gui.screens.worldselection.WorldOpenFlows.loadWorldStem(WorldOpenFlows.java:142) ~[client-1.21.1-20240808.144430-srg.jar%23250!/:?]
	at TRANSFORMER/minecraft@1.21.1/net.minecraft.client.gui.screens.worldselection.WorldOpenFlows.openWorldLoadLevelStem(WorldOpenFlows.java:346) ~[client-1.21.1-20240808.144430-srg.jar%23250!/:?]
	at TRANSFORMER/minecraft@1.21.1/net.minecraft.client.gui.screens.worldselection.WorldOpenFlows.openWorldCheckVersionCompatibility(WorldOpenFlows.java:335) ~[client-1.21.1-20240808.144430-srg.jar%23250!/:?]
	at TRANSFORMER/minecraft@1.21.1/net.minecraft.client.gui.screens.worldselection.WorldOpenFlows.openWorldLoadLevelData(WorldOpenFlows.java:297) ~[client-1.21.1-20240808.144430-srg.jar%23250!/:?]
	at TRANSFORMER/minecraft@1.21.1/net.minecraft.client.gui.screens.worldselection.WorldOpenFlows.openWorld(WorldOpenFlows.java:261) ~[client-1.21.1-20240808.144430-srg.jar%23250!/:?]
	at TRANSFORMER/minecraft@1.21.1/net.minecraft.client.gui.screens.worldselection.WorldSelectionList$WorldListEntry.joinWorld(WorldSelectionList.java:498) ~[client-1.21.1-20240808.144430-srg.jar%23250!/:?]
	at TRANSFORMER/minecraft@1.21.1/net.minecraft.client.gui.screens.worldselection.WorldSelectionList$WorldListEntry.mouseClicked(WorldSelectionList.java:481) ~[client-1.21.1-20240808.144430-srg.jar%23250!/:?]
	at TRANSFORMER/minecraft@1.21.1/net.minecraft.client.gui.components.AbstractSelectionList.mouseClicked(AbstractSelectionList.java:315) ~[client-1.21.1-20240808.144430-srg.jar%23250!/:?]
	at TRANSFORMER/minecraft@1.21.1/net.minecraft.client.gui.components.events.ContainerEventHandler.mouseClicked(ContainerEventHandler.java:38) ~[client-1.21.1-20240808.144430-srg.jar%23250!/:?]
	at TRANSFORMER/minecraft@1.21.1/net.minecraft.client.MouseHandler.lambda$onPress$0(MouseHandler.java:98) ~[client-1.21.1-20240808.144430-srg.jar%23250!/:?]
	at TRANSFORMER/minecraft@1.21.1/net.minecraft.client.gui.screens.Screen.wrapScreenError(Screen.java:451) ~[client-1.21.1-20240808.144430-srg.jar%23250!/:?]
	at TRANSFORMER/minecraft@1.21.1/net.minecraft.client.MouseHandler.onPress(MouseHandler.java:95) ~[client-1.21.1-20240808.144430-srg.jar%23250!/:?]
	at TRANSFORMER/minecraft@1.21.1/net.minecraft.client.MouseHandler.lambda$setup$4(MouseHandler.java:202) ~[client-1.21.1-20240808.144430-srg.jar%23250!/:?]
	at TRANSFORMER/minecraft@1.21.1/net.minecraft.util.thread.BlockableEventLoop.execute(BlockableEventLoop.java:98) ~[client-1.21.1-20240808.144430-srg.jar%23250!/:?]
	at TRANSFORMER/minecraft@1.21.1/net.minecraft.client.MouseHandler.lambda$setup$5(MouseHandler.java:202) ~[client-1.21.1-20240808.144430-srg.jar%23250!/:?]
	at MC-BOOTSTRAP/org.lwjgl.glfw@3.3.3+5/org.lwjgl.glfw.GLFWMouseButtonCallbackI.callback(GLFWMouseButtonCallbackI.java:43) ~[lwjgl-glfw-3.3.3.jar%2395!/:build 5]
	at MC-BOOTSTRAP/org.lwjgl@3.3.3+5/org.lwjgl.system.JNI.invokeV(Native Method) ~[lwjgl-3.3.3.jar%23107!/:build 5]
	at MC-BOOTSTRAP/org.lwjgl.glfw@3.3.3+5/org.lwjgl.glfw.GLFW.glfwWaitEventsTimeout(GLFW.java:3509) ~[lwjgl-glfw-3.3.3.jar%2395!/:build 5]
	at TRANSFORMER/minecraft@1.21.1/com.mojang.blaze3d.systems.RenderSystem.limitDisplayFPS(RenderSystem.java:162) ~[client-1.21.1-20240808.144430-srg.jar%23250!/:?]
	at TRANSFORMER/minecraft@1.21.1/net.minecraft.client.Minecraft.runTick(Minecraft.java:1220) ~[client-1.21.1-20240808.144430-srg.jar%23250!/:?]
	at TRANSFORMER/minecraft@1.21.1/net.minecraft.client.Minecraft.run(Minecraft.java:807) ~[client-1.21.1-20240808.144430-srg.jar%23250!/:?]
	at TRANSFORMER/minecraft@1.21.1/net.minecraft.client.main.Main.main(Main.java:230) ~[client-1.21.1-20240808.144430-srg.jar%23250!/:?]
	at java.base/jdk.internal.reflect.DirectMethodHandleAccessor.invoke(DirectMethodHandleAccessor.java:103) ~[?:?]
	at java.base/java.lang.reflect.Method.invoke(Method.java:580) ~[?:?]
	at MC-BOOTSTRAP/fml_loader@4.0.44/net.neoforged.fml.loading.targets.CommonLaunchHandler.runTarget(CommonLaunchHandler.java:136) ~[loader-4.0.44.jar%23149!/:4.0]
	at MC-BOOTSTRAP/fml_loader@4.0.44/net.neoforged.fml.loading.targets.CommonLaunchHandler.clientService(CommonLaunchHandler.java:124) ~[loader-4.0.44.jar%23149!/:4.0]
	at MC-BOOTSTRAP/fml_loader@4.0.44/net.neoforged.fml.loading.targets.CommonClientLaunchHandler.runService(CommonClientLaunchHandler.java:32) ~[loader-4.0.44.jar%23149!/:4.0]
	at MC-BOOTSTRAP/fml_loader@4.0.44/net.neoforged.fml.loading.targets.CommonLaunchHandler.lambda$launchService$4(CommonLaunchHandler.java:118) ~[loader-4.0.44.jar%23149!/:4.0]
	at MC-BOOTSTRAP/cpw.mods.modlauncher@11.0.5/cpw.mods.modlauncher.LaunchServiceHandlerDecorator.launch(LaunchServiceHandlerDecorator.java:30) [modlauncher-11.0.5.jar%23154!/:?]
	at MC-BOOTSTRAP/cpw.mods.modlauncher@11.0.5/cpw.mods.modlauncher.LaunchServiceHandler.launch(LaunchServiceHandler.java:53) [modlauncher-11.0.5.jar%23154!/:?]
	at MC-BOOTSTRAP/cpw.mods.modlauncher@11.0.5/cpw.mods.modlauncher.LaunchServiceHandler.launch(LaunchServiceHandler.java:71) [modlauncher-11.0.5.jar%23154!/:?]
	at MC-BOOTSTRAP/cpw.mods.modlauncher@11.0.5/cpw.mods.modlauncher.Launcher.run(Launcher.java:103) [modlauncher-11.0.5.jar%23154!/:?]
	at MC-BOOTSTRAP/cpw.mods.modlauncher@11.0.5/cpw.mods.modlauncher.Launcher.main(Launcher.java:74) [modlauncher-11.0.5.jar%23154!/:?]
	at MC-BOOTSTRAP/cpw.mods.modlauncher@11.0.5/cpw.mods.modlauncher.BootstrapLaunchConsumer.accept(BootstrapLaunchConsumer.java:26) [modlauncher-11.0.5.jar%23154!/:?]
	at MC-BOOTSTRAP/cpw.mods.modlauncher@11.0.5/cpw.mods.modlauncher.BootstrapLaunchConsumer.accept(BootstrapLaunchConsumer.java:23) [modlauncher-11.0.5.jar%23154!/:?]
	at cpw.mods.bootstraplauncher@2.0.2/cpw.mods.bootstraplauncher.BootstrapLauncher.run(BootstrapLauncher.java:210) [bootstraplauncher-2.0.2.jar:?]
	at cpw.mods.bootstraplauncher@2.0.2/cpw.mods.bootstraplauncher.BootstrapLauncher.main(BootstrapLauncher.java:69) [bootstraplauncher-2.0.2.jar:?]
	at java.base/jdk.internal.reflect.DirectMethodHandleAccessor.invoke(DirectMethodHandleAccessor.java:103) ~[?:?]
	at java.base/java.lang.reflect.Method.invoke(Method.java:580) ~[?:?]
	at io.github.zekerzhayard.forgewrapper.installer.Main.main(Main.java:67) [ForgeWrapper-prism-2026-08-01.jar:prism-2026-08-01]
	at org.prismlauncher.launcher.impl.StandardLauncher.launch(StandardLauncher.java:115) [NewLaunch.jar:?]
	at org.prismlauncher.EntryPoint.listen(EntryPoint.java:129) [NewLaunch.jar:?]
	at org.prismlauncher.EntryPoint.main(EntryPoint.java:70) [NewLaunch.jar:?]
[26Sep2026 13:00:05.838] [Render thread/ERROR] [net.minecraft.world.item.crafting.RecipeManager/]: Parsing error loading recipe malum:spirit_repair/netherite_restoration
com.google.gson.JsonParseException: Unknown registry key in ResourceKey[minecraft:root / minecraft:item]: farmersdelight:netherite_knife
	at MC-BOOTSTRAP/datafixerupper@8.0.16/com.mojang.serialization.DataResult$Error.getOrThrow(DataResult.java:287) ~[datafixerupper-8.0.16.jar%23116!/:?]
	at TRANSFORMER/minecraft@1.21.1/net.minecraft.world.item.crafting.RecipeManager.apply(RecipeManager.java:60) ~[client-1.21.1-20240808.144430-srg.jar%23250!/:?]
	at TRANSFORMER/minecraft@1.21.1/net.minecraft.world.item.crafting.RecipeManager.apply(RecipeManager.java:36) ~[client-1.21.1-20240808.144430-srg.jar%23250!/:?]
	at TRANSFORMER/minecraft@1.21.1/net.minecraft.server.packs.resources.SimplePreparableReloadListener.lambda$reload$1(SimplePreparableReloadListener.java:19) ~[client-1.21.1-20240808.144430-srg.jar%23250!/:?]
	at java.base/java.util.concurrent.CompletableFuture$UniAccept.tryFire(CompletableFuture.java:718) ~[?:?]
	at java.base/java.util.concurrent.CompletableFuture$Completion.run(CompletableFuture.java:482) ~[?:?]
	at TRANSFORMER/minecraft@1.21.1/net.minecraft.server.packs.resources.SimpleReloadInstance.lambda$new$3(SimpleReloadInstance.java:69) ~[client-1.21.1-20240808.144430-srg.jar%23250!/:?]
	at TRANSFORMER/minecraft@1.21.1/net.minecraft.util.thread.BlockableEventLoop.doRunTask(BlockableEventLoop.java:148) ~[client-1.21.1-20240808.144430-srg.jar%23250!/:?]
	at TRANSFORMER/minecraft@1.21.1/net.minecraft.util.thread.ReentrantBlockableEventLoop.doRunTask(ReentrantBlockableEventLoop.java:23) ~[client-1.21.1-20240808.144430-srg.jar%23250!/:?]
	at TRANSFORMER/minecraft@1.21.1/net.minecraft.util.thread.BlockableEventLoop.pollTask(BlockableEventLoop.java:122) ~[client-1.21.1-20240808.144430-srg.jar%23250!/:?]
	at TRANSFORMER/minecraft@1.21.1/net.minecraft.util.thread.BlockableEventLoop.managedBlock(BlockableEventLoop.java:132) ~[client-1.21.1-20240808.144430-srg.jar%23250!/:?]
	at TRANSFORMER/minecraft@1.21.1/net.minecraft.client.gui.screens.worldselection.WorldOpenFlows.loadWorldDataBlocking(WorldOpenFlows.java:201) ~[client-1.21.1-20240808.144430-srg.jar%23250!/:?]
	at TRANSFORMER/minecraft@1.21.1/net.minecraft.client.gui.screens.worldselection.WorldOpenFlows.loadWorldStem(WorldOpenFlows.java:142) ~[client-1.21.1-20240808.144430-srg.jar%23250!/:?]
	at TRANSFORMER/minecraft@1.21.1/net.minecraft.client.gui.screens.worldselection.WorldOpenFlows.openWorldLoadLevelStem(WorldOpenFlows.java:346) ~[client-1.21.1-20240808.144430-srg.jar%23250!/:?]
	at TRANSFORMER/minecraft@1.21.1/net.minecraft.client.gui.screens.worldselection.WorldOpenFlows.openWorldCheckVersionCompatibility(WorldOpenFlows.java:335) ~[client-1.21.1-20240808.144430-srg.jar%23250!/:?]
	at TRANSFORMER/minecraft@1.21.1/net.minecraft.client.gui.screens.worldselection.WorldOpenFlows.openWorldLoadLevelData(WorldOpenFlows.java:297) ~[client-1.21.1-20240808.144430-srg.jar%23250!/:?]
	at TRANSFORMER/minecraft@1.21.1/net.minecraft.client.gui.screens.worldselection.WorldOpenFlows.openWorld(WorldOpenFlows.java:261) ~[client-1.21.1-20240808.144430-srg.jar%23250!/:?]
	at TRANSFORMER/minecraft@1.21.1/net.minecraft.client.gui.screens.worldselection.WorldSelectionList$WorldListEntry.joinWorld(WorldSelectionList.java:498) ~[client-1.21.1-20240808.144430-srg.jar%23250!/:?]
	at TRANSFORMER/minecraft@1.21.1/net.minecraft.client.gui.screens.worldselection.WorldSelectionList$WorldListEntry.mouseClicked(WorldSelectionList.java:481) ~[client-1.21.1-20240808.144430-srg.jar%23250!/:?]
	at TRANSFORMER/minecraft@1.21.1/net.minecraft.client.gui.components.AbstractSelectionList.mouseClicked(AbstractSelectionList.java:315) ~[client-1.21.1-20240808.144430-srg.jar%23250!/:?]
	at TRANSFORMER/minecraft@1.21.1/net.minecraft.client.gui.components.events.ContainerEventHandler.mouseClicked(ContainerEventHandler.java:38) ~[client-1.21.1-20240808.144430-srg.jar%23250!/:?]
	at TRANSFORMER/minecraft@1.21.1/net.minecraft.client.MouseHandler.lambda$onPress$0(MouseHandler.java:98) ~[client-1.21.1-20240808.144430-srg.jar%23250!/:?]
	at TRANSFORMER/minecraft@1.21.1/net.minecraft.client.gui.screens.Screen.wrapScreenError(Screen.java:451) ~[client-1.21.1-20240808.144430-srg.jar%23250!/:?]
	at TRANSFORMER/minecraft@1.21.1/net.minecraft.client.MouseHandler.onPress(MouseHandler.java:95) ~[client-1.21.1-20240808.144430-srg.jar%23250!/:?]
	at TRANSFORMER/minecraft@1.21.1/net.minecraft.client.MouseHandler.lambda$setup$4(MouseHandler.java:202) ~[client-1.21.1-20240808.144430-srg.jar%23250!/:?]
	at TRANSFORMER/minecraft@1.21.1/net.minecraft.util.thread.BlockableEventLoop.execute(BlockableEventLoop.java:98) ~[client-1.21.1-20240808.144430-srg.jar%23250!/:?]
	at TRANSFORMER/minecraft@1.21.1/net.minecraft.client.MouseHandler.lambda$setup$5(MouseHandler.java:202) ~[client-1.21.1-20240808.144430-srg.jar%23250!/:?]
	at MC-BOOTSTRAP/org.lwjgl.glfw@3.3.3+5/org.lwjgl.glfw.GLFWMouseButtonCallbackI.callback(GLFWMouseButtonCallbackI.java:43) ~[lwjgl-glfw-3.3.3.jar%2395!/:build 5]
	at MC-BOOTSTRAP/org.lwjgl@3.3.3+5/org.lwjgl.system.JNI.invokeV(Native Method) ~[lwjgl-3.3.3.jar%23107!/:build 5]
	at MC-BOOTSTRAP/org.lwjgl.glfw@3.3.3+5/org.lwjgl.glfw.GLFW.glfwWaitEventsTimeout(GLFW.java:3509) ~[lwjgl-glfw-3.3.3.jar%2395!/:build 5]
	at TRANSFORMER/minecraft@1.21.1/com.mojang.blaze3d.systems.RenderSystem.limitDisplayFPS(RenderSystem.java:162) ~[client-1.21.1-20240808.144430-srg.jar%23250!/:?]
	at TRANSFORMER/minecraft@1.21.1/net.minecraft.client.Minecraft.runTick(Minecraft.java:1220) ~[client-1.21.1-20240808.144430-srg.jar%23250!/:?]
	at TRANSFORMER/minecraft@1.21.1/net.minecraft.client.Minecraft.run(Minecraft.java:807) ~[client-1.21.1-20240808.144430-srg.jar%23250!/:?]
	at TRANSFORMER/minecraft@1.21.1/net.minecraft.client.main.Main.main(Main.java:230) ~[client-1.21.1-20240808.144430-srg.jar%23250!/:?]
	at java.base/jdk.internal.reflect.DirectMethodHandleAccessor.invoke(DirectMethodHandleAccessor.java:103) ~[?:?]
	at java.base/java.lang.reflect.Method.invoke(Method.java:580) ~[?:?]
	at MC-BOOTSTRAP/fml_loader@4.0.44/net.neoforged.fml.loading.targets.CommonLaunchHandler.runTarget(CommonLaunchHandler.java:136) ~[loader-4.0.44.jar%23149!/:4.0]
	at MC-BOOTSTRAP/fml_loader@4.0.44/net.neoforged.fml.loading.targets.CommonLaunchHandler.clientService(CommonLaunchHandler.java:124) ~[loader-4.0.44.jar%23149!/:4.0]
	at MC-BOOTSTRAP/fml_loader@4.0.44/net.neoforged.fml.loading.targets.CommonClientLaunchHandler.runService(CommonClientLaunchHandler.java:32) ~[loader-4.0.44.jar%23149!/:4.0]
	at MC-BOOTSTRAP/fml_loader@4.0.44/net.neoforged.fml.loading.targets.CommonLaunchHandler.lambda$launchService$4(CommonLaunchHandler.java:118) ~[loader-4.0.44.jar%23149!/:4.0]
	at MC-BOOTSTRAP/cpw.mods.modlauncher@11.0.5/cpw.mods.modlauncher.LaunchServiceHandlerDecorator.launch(LaunchServiceHandlerDecorator.java:30) [modlauncher-11.0.5.jar%23154!/:?]
	at MC-BOOTSTRAP/cpw.mods.modlauncher@11.0.5/cpw.mods.modlauncher.LaunchServiceHandler.launch(LaunchServiceHandler.java:53) [modlauncher-11.0.5.jar%23154!/:?]
	at MC-BOOTSTRAP/cpw.mods.modlauncher@11.0.5/cpw.mods.modlauncher.LaunchServiceHandler.launch(LaunchServiceHandler.java:71) [modlauncher-11.0.5.jar%23154!/:?]
	at MC-BOOTSTRAP/cpw.mods.modlauncher@11.0.5/cpw.mods.modlauncher.Launcher.run(Launcher.java:103) [modlauncher-11.0.5.jar%23154!/:?]
	at MC-BOOTSTRAP/cpw.mods.modlauncher@11.0.5/cpw.mods.modlauncher.Launcher.main(Launcher.java:74) [modlauncher-11.0.5.jar%23154!/:?]
	at MC-BOOTSTRAP/cpw.mods.modlauncher@11.0.5/cpw.mods.modlauncher.BootstrapLaunchConsumer.accept(BootstrapLaunchConsumer.java:26) [modlauncher-11.0.5.jar%23154!/:?]
	at MC-BOOTSTRAP/cpw.mods.modlauncher@11.0.5/cpw.mods.modlauncher.BootstrapLaunchConsumer.accept(BootstrapLaunchConsumer.java:23) [modlauncher-11.0.5.jar%23154!/:?]
	at cpw.mods.bootstraplauncher@2.0.2/cpw.mods.bootstraplauncher.BootstrapLauncher.run(BootstrapLauncher.java:210) [bootstraplauncher-2.0.2.jar:?]
	at cpw.mods.bootstraplauncher@2.0.2/cpw.mods.bootstraplauncher.BootstrapLauncher.main(BootstrapLauncher.java:69) [bootstraplauncher-2.0.2.jar:?]
	at java.base/jdk.internal.reflect.DirectMethodHandleAccessor.invoke(DirectMethodHandleAccessor.java:103) ~[?:?]
	at java.base/java.lang.reflect.Method.invoke(Method.java:580) ~[?:?]
	at io.github.zekerzhayard.forgewrapper.installer.Main.main(Main.java:67) [ForgeWrapper-prism-2026-08-01.jar:prism-2026-08-01]
	at org.prismlauncher.launcher.impl.StandardLauncher.launch(StandardLauncher.java:115) [NewLaunch.jar:?]
	at org.prismlauncher.EntryPoint.listen(EntryPoint.java:129) [NewLaunch.jar:?]
	at org.prismlauncher.EntryPoint.main(EntryPoint.java:70) [NewLaunch.jar:?]
[26Sep2026 13:00:05.847] [Render thread/ERROR] [net.minecraft.world.item.crafting.RecipeManager/]: Parsing error loading recipe malum:create/milling/grim_talc
com.google.gson.JsonParseException: Failed to parse either. First: No key amount in MapLike[{"chance":0.25,"count":4,"item":"minecraft:bone_meal"}]; No key id in MapLike[{"chance":0.25,"count":4,"item":"minecraft:bone_meal"}]; Second: Failed to parse either. First: No key id in MapLike[{"chance":0.25,"count":4,"item":"minecraft:bone_meal"}]; Second: Failed to parse either. First: Not a JSON object: "minecraft:bone_meal"; Second: Compat cannot be deserialized; Failed to parse either. First: No key amount in MapLike[{"chance":0.25,"item":"minecraft:yellow_dye"}]; No key id in MapLike[{"chance":0.25,"item":"minecraft:yellow_dye"}]; Second: Failed to parse either. First: No key id in MapLike[{"chance":0.25,"item":"minecraft:yellow_dye"}]; Second: Failed to parse either. First: Not a JSON object: "minecraft:yellow_dye"; Second: Compat cannot be deserialized; Failed to parse either. First: No key amount in MapLike[{"count":6,"item":"minecraft:bone_meal"}]; No key id in MapLike[{"count":6,"item":"minecraft:bone_meal"}]; Second: Failed to parse either. First: No key id in MapLike[{"count":6,"item":"minecraft:bone_meal"}]; Second: Failed to parse either. First: Not a JSON object: "minecraft:bone_meal"; Second: Compat cannot be deserialized
	at MC-BOOTSTRAP/datafixerupper@8.0.16/com.mojang.serialization.DataResult$Error.getOrThrow(DataResult.java:287) ~[datafixerupper-8.0.16.jar%23116!/:?]
	at TRANSFORMER/minecraft@1.21.1/net.minecraft.world.item.crafting.RecipeManager.apply(RecipeManager.java:60) ~[client-1.21.1-20240808.144430-srg.jar%23250!/:?]
	at TRANSFORMER/minecraft@1.21.1/net.minecraft.world.item.crafting.RecipeManager.apply(RecipeManager.java:36) ~[client-1.21.1-20240808.144430-srg.jar%23250!/:?]
	at TRANSFORMER/minecraft@1.21.1/net.minecraft.server.packs.resources.SimplePreparableReloadListener.lambda$reload$1(SimplePreparableReloadListener.java:19) ~[client-1.21.1-20240808.144430-srg.jar%23250!/:?]
	at java.base/java.util.concurrent.CompletableFuture$UniAccept.tryFire(CompletableFuture.java:718) ~[?:?]
	at java.base/java.util.concurrent.CompletableFuture$Completion.run(CompletableFuture.java:482) ~[?:?]
	at TRANSFORMER/minecraft@1.21.1/net.minecraft.server.packs.resources.SimpleReloadInstance.lambda$new$3(SimpleReloadInstance.java:69) ~[client-1.21.1-20240808.144430-srg.jar%23250!/:?]
	at TRANSFORMER/minecraft@1.21.1/net.minecraft.util.thread.BlockableEventLoop.doRunTask(BlockableEventLoop.java:148) ~[client-1.21.1-20240808.144430-srg.jar%23250!/:?]
	at TRANSFORMER/minecraft@1.21.1/net.minecraft.util.thread.ReentrantBlockableEventLoop.doRunTask(ReentrantBlockableEventLoop.java:23) ~[client-1.21.1-20240808.144430-srg.jar%23250!/:?]
	at TRANSFORMER/minecraft@1.21.1/net.minecraft.util.thread.BlockableEventLoop.pollTask(BlockableEventLoop.java:122) ~[client-1.21.1-20240808.144430-srg.jar%23250!/:?]
	at TRANSFORMER/minecraft@1.21.1/net.minecraft.util.thread.BlockableEventLoop.managedBlock(BlockableEventLoop.java:132) ~[client-1.21.1-20240808.144430-srg.jar%23250!/:?]
	at TRANSFORMER/minecraft@1.21.1/net.minecraft.client.gui.screens.worldselection.WorldOpenFlows.loadWorldDataBlocking(WorldOpenFlows.java:201) ~[client-1.21.1-20240808.144430-srg.jar%23250!/:?]
	at TRANSFORMER/minecraft@1.21.1/net.minecraft.client.gui.screens.worldselection.WorldOpenFlows.loadWorldStem(WorldOpenFlows.java:142) ~[client-1.21.1-20240808.144430-srg.jar%23250!/:?]
	at TRANSFORMER/minecraft@1.21.1/net.minecraft.client.gui.screens.worldselection.WorldOpenFlows.openWorldLoadLevelStem(WorldOpenFlows.java:346) ~[client-1.21.1-20240808.144430-srg.jar%23250!/:?]
	at TRANSFORMER/minecraft@1.21.1/net.minecraft.client.gui.screens.worldselection.WorldOpenFlows.openWorldCheckVersionCompatibility(WorldOpenFlows.java:335) ~[client-1.21.1-20240808.144430-srg.jar%23250!/:?]
	at TRANSFORMER/minecraft@1.21.1/net.minecraft.client.gui.screens.worldselection.WorldOpenFlows.openWorldLoadLevelData(WorldOpenFlows.java:297) ~[client-1.21.1-20240808.144430-srg.jar%23250!/:?]
	at TRANSFORMER/minecraft@1.21.1/net.minecraft.client.gui.screens.worldselection.WorldOpenFlows.openWorld(WorldOpenFlows.java:261) ~[client-1.21.1-20240808.144430-srg.jar%23250!/:?]
	at TRANSFORMER/minecraft@1.21.1/net.minecraft.client.gui.screens.worldselection.WorldSelectionList$WorldListEntry.joinWorld(WorldSelectionList.java:498) ~[client-1.21.1-20240808.144430-srg.jar%23250!/:?]
	at TRANSFORMER/minecraft@1.21.1/net.minecraft.client.gui.screens.worldselection.WorldSelectionList$WorldListEntry.mouseClicked(WorldSelectionList.java:481) ~[client-1.21.1-20240808.144430-srg.jar%23250!/:?]
	at TRANSFORMER/minecraft@1.21.1/net.minecraft.client.gui.components.AbstractSelectionList.mouseClicked(AbstractSelectionList.java:315) ~[client-1.21.1-20240808.144430-srg.jar%23250!/:?]
	at TRANSFORMER/minecraft@1.21.1/net.minecraft.client.gui.components.events.ContainerEventHandler.mouseClicked(ContainerEventHandler.java:38) ~[client-1.21.1-20240808.144430-srg.jar%23250!/:?]
	at TRANSFORMER/minecraft@1.21.1/net.minecraft.client.MouseHandler.lambda$onPress$0(MouseHandler.java:98) ~[client-1.21.1-20240808.144430-srg.jar%23250!/:?]
	at TRANSFORMER/minecraft@1.21.1/net.minecraft.client.gui.screens.Screen.wrapScreenError(Screen.java:451) ~[client-1.21.1-20240808.144430-srg.jar%23250!/:?]
	at TRANSFORMER/minecraft@1.21.1/net.minecraft.client.MouseHandler.onPress(MouseHandler.java:95) ~[client-1.21.1-20240808.144430-srg.jar%23250!/:?]
	at TRANSFORMER/minecraft@1.21.1/net.minecraft.client.MouseHandler.lambda$setup$4(MouseHandler.java:202) ~[client-1.21.1-20240808.144430-srg.jar%23250!/:?]
	at TRANSFORMER/minecraft@1.21.1/net.minecraft.util.thread.BlockableEventLoop.execute(BlockableEventLoop.java:98) ~[client-1.21.1-20240808.144430-srg.jar%23250!/:?]
	at TRANSFORMER/minecraft@1.21.1/net.minecraft.client.MouseHandler.lambda$setup$5(MouseHandler.java:202) ~[client-1.21.1-20240808.144430-srg.jar%23250!/:?]
	at MC-BOOTSTRAP/org.lwjgl.glfw@3.3.3+5/org.lwjgl.glfw.GLFWMouseButtonCallbackI.callback(GLFWMouseButtonCallbackI.java:43) ~[lwjgl-glfw-3.3.3.jar%2395!/:build 5]
	at MC-BOOTSTRAP/org.lwjgl@3.3.3+5/org.lwjgl.system.JNI.invokeV(Native Method) ~[lwjgl-3.3.3.jar%23107!/:build 5]
	at MC-BOOTSTRAP/org.lwjgl.glfw@3.3.3+5/org.lwjgl.glfw.GLFW.glfwWaitEventsTimeout(GLFW.java:3509) ~[lwjgl-glfw-3.3.3.jar%2395!/:build 5]
	at TRANSFORMER/minecraft@1.21.1/com.mojang.blaze3d.systems.RenderSystem.limitDisplayFPS(RenderSystem.java:162) ~[client-1.21.1-20240808.144430-srg.jar%23250!/:?]
	at TRANSFORMER/minecraft@1.21.1/net.minecraft.client.Minecraft.runTick(Minecraft.java:1220) ~[client-1.21.1-20240808.144430-srg.jar%23250!/:?]
	at TRANSFORMER/minecraft@1.21.1/net.minecraft.client.Minecraft.run(Minecraft.java:807) ~[client-1.21.1-20240808.144430-srg.jar%23250!/:?]
	at TRANSFORMER/minecraft@1.21.1/net.minecraft.client.main.Main.main(Main.java:230) ~[client-1.21.1-20240808.144430-srg.jar%23250!/:?]
	at java.base/jdk.internal.reflect.DirectMethodHandleAccessor.invoke(DirectMethodHandleAccessor.java:103) ~[?:?]
	at java.base/java.lang.reflect.Method.invoke(Method.java:580) ~[?:?]
	at MC-BOOTSTRAP/fml_loader@4.0.44/net.neoforged.fml.loading.targets.CommonLaunchHandler.runTarget(CommonLaunchHandler.java:136) ~[loader-4.0.44.jar%23149!/:4.0]
	at MC-BOOTSTRAP/fml_loader@4.0.44/net.neoforged.fml.loading.targets.CommonLaunchHandler.clientService(CommonLaunchHandler.java:124) ~[loader-4.0.44.jar%23149!/:4.0]
	at MC-BOOTSTRAP/fml_loader@4.0.44/net.neoforged.fml.loading.targets.CommonClientLaunchHandler.runService(CommonClientLaunchHandler.java:32) ~[loader-4.0.44.jar%23149!/:4.0]
	at MC-BOOTSTRAP/fml_loader@4.0.44/net.neoforged.fml.loading.targets.CommonLaunchHandler.lambda$launchService$4(CommonLaunchHandler.java:118) ~[loader-4.0.44.jar%23149!/:4.0]
	at MC-BOOTSTRAP/cpw.mods.modlauncher@11.0.5/cpw.mods.modlauncher.LaunchServiceHandlerDecorator.launch(LaunchServiceHandlerDecorator.java:30) [modlauncher-11.0.5.jar%23154!/:?]
	at MC-BOOTSTRAP/cpw.mods.modlauncher@11.0.5/cpw.mods.modlauncher.LaunchServiceHandler.launch(LaunchServiceHandler.java:53) [modlauncher-11.0.5.jar%23154!/:?]
	at MC-BOOTSTRAP/cpw.mods.modlauncher@11.0.5/cpw.mods.modlauncher.LaunchServiceHandler.launch(LaunchServiceHandler.java:71) [modlauncher-11.0.5.jar%23154!/:?]
	at MC-BOOTSTRAP/cpw.mods.modlauncher@11.0.5/cpw.mods.modlauncher.Launcher.run(Launcher.java:103) [modlauncher-11.0.5.jar%23154!/:?]
	at MC-BOOTSTRAP/cpw.mods.modlauncher@11.0.5/cpw.mods.modlauncher.Launcher.main(Launcher.java:74) [modlauncher-11.0.5.jar%23154!/:?]
	at MC-BOOTSTRAP/cpw.mods.modlauncher@11.0.5/cpw.mods.modlauncher.BootstrapLaunchConsumer.accept(BootstrapLaunchConsumer.java:26) [modlauncher-11.0.5.jar%23154!/:?]
	at MC-BOOTSTRAP/cpw.mods.modlauncher@11.0.5/cpw.mods.modlauncher.BootstrapLaunchConsumer.accept(BootstrapLaunchConsumer.java:23) [modlauncher-11.0.5.jar%23154!/:?]
	at cpw.mods.bootstraplauncher@2.0.2/cpw.mods.bootstraplauncher.BootstrapLauncher.run(BootstrapLauncher.java:210) [bootstraplauncher-2.0.2.jar:?]
	at cpw.mods.bootstraplauncher@2.0.2/cpw.mods.bootstraplauncher.BootstrapLauncher.main(BootstrapLauncher.java:69) [bootstraplauncher-2.0.2.jar:?]
	at java.base/jdk.internal.reflect.DirectMethodHandleAccessor.invoke(DirectMethodHandleAccessor.java:103) ~[?:?]
	at java.base/java.lang.reflect.Method.invoke(Method.java:580) ~[?:?]
	at io.github.zekerzhayard.forgewrapper.installer.Main.main(Main.java:67) [ForgeWrapper-prism-2026-08-01.jar:prism-2026-08-01]
	at org.prismlauncher.launcher.impl.StandardLauncher.launch(StandardLauncher.java:115) [NewLaunch.jar:?]
	at org.prismlauncher.EntryPoint.listen(EntryPoint.java:129) [NewLaunch.jar:?]
	at org.prismlauncher.EntryPoint.main(EntryPoint.java:70) [NewLaunch.jar:?]
[26Sep2026 13:00:05.857] [Render thread/INFO] [net.minecraft.world.item.crafting.RecipeManager/]: Loaded 4829 recipes
[26Sep2026 13:00:05.858] [Render thread/INFO] [KubeJS Server/]: Added 1 recipes, removed 0 recipes, modified 0 recipes, with 0 failed recipes taking 322 ms in total
[26Sep2026 13:00:05.974] [Render thread/INFO] [net.minecraft.advancements.AdvancementTree/]: Loaded 4147 advancements
[26Sep2026 13:00:05.980] [Render thread/INFO] [Curios API/]: Loaded 13 curio slots
[26Sep2026 13:00:05.981] [Render thread/INFO] [Curios API/]: Loaded 1 curio entities
[26Sep2026 13:00:05.983] [Render thread/INFO] [com.b1n_ry.yigd.Yigd/]: Reloading grave shape (server)
[26Sep2026 13:00:05.983] [Render thread/INFO] [com.b1n_ry.yigd.Yigd/]: Grave model and shape reload successful (server)
[26Sep2026 13:00:05.983] [Render thread/INFO] [com.b1n_ry.yigd.Yigd/]: Reloading YIGD graveyard data (server)
[26Sep2026 13:00:05.985] [Render thread/INFO] [com.b1n_ry.yigd.Yigd/]: Graveyard data successfully reloaded (server)
[26Sep2026 13:00:05.985] [Render thread/INFO] [com.b1n_ry.yigd.Yigd/]: Reloading YIGD grave area overrides (server)
[26Sep2026 13:00:05.985] [Render thread/INFO] [com.b1n_ry.yigd.Yigd/]: Grave area overrides successfully reloaded (server)
[26Sep2026 13:00:05.986] [Render thread/INFO] [com.sammy.malum.MalumMod/]: Added spirit drops for entity with registry name: minecraft:panda
[26Sep2026 13:00:05.986] [Render thread/INFO] [com.sammy.malum.MalumMod/]: Removed spirit drops for entity with registry name: minecraft:ender_dragon
[26Sep2026 13:00:05.986] [Render thread/INFO] [com.sammy.malum.MalumMod/]: Added spirit drops for entity with registry name: minecraft:stray
[26Sep2026 13:00:05.986] [Render thread/INFO] [com.sammy.malum.MalumMod/]: Added spirit drops for entity with registry name: minecraft:shulker
[26Sep2026 13:00:05.986] [Render thread/INFO] [com.sammy.malum.MalumMod/]: Added spirit drops for entity with registry name: minecraft:vex
[26Sep2026 13:00:05.986] [Render thread/INFO] [com.sammy.malum.MalumMod/]: Added spirit drops for entity with registry name: minecraft:skeleton
[26Sep2026 13:00:05.986] [Render thread/INFO] [com.sammy.malum.MalumMod/]: Added spirit drops for entity with registry name: minecraft:zombie
[26Sep2026 13:00:05.986] [Render thread/INFO] [com.sammy.malum.MalumMod/]: Added spirit drops for entity with registry name: minecraft:zombified_piglin
[26Sep2026 13:00:05.986] [Render thread/INFO] [com.sammy.malum.MalumMod/]: Added spirit drops for entity with registry name: minecraft:glow_squid
[26Sep2026 13:00:05.986] [Render thread/INFO] [com.sammy.malum.MalumMod/]: Added spirit drops for entity with registry name: minecraft:phantom
[26Sep2026 13:00:05.986] [Render thread/INFO] [com.sammy.malum.MalumMod/]: Added spirit drops for entity with registry name: minecraft:cat
[26Sep2026 13:00:05.986] [Render thread/INFO] [com.sammy.malum.MalumMod/]: Added spirit drops for entity with registry name: minecraft:goat
[26Sep2026 13:00:05.986] [Render thread/INFO] [com.sammy.malum.MalumMod/]: Added spirit drops for entity with registry name: minecraft:vindicator
[26Sep2026 13:00:05.986] [Render thread/INFO] [com.sammy.malum.MalumMod/]: Added spirit drops for entity with registry name: minecraft:wither
[26Sep2026 13:00:05.986] [Render thread/INFO] [com.sammy.malum.MalumMod/]: Added spirit drops for entity with registry name: minecraft:zombie_villager
[26Sep2026 13:00:05.986] [Render thread/INFO] [com.sammy.malum.MalumMod/]: Added spirit drops for entity with registry name: minecraft:drowned
[26Sep2026 13:00:05.986] [Render thread/INFO] [com.sammy.malum.MalumMod/]: Added spirit drops for entity with registry name: minecraft:tadpole
[26Sep2026 13:00:05.986] [Render thread/INFO] [com.sammy.malum.MalumMod/]: Added spirit drops for entity with registry name: minecraft:slime
[26Sep2026 13:00:05.986] [Render thread/INFO] [com.sammy.malum.MalumMod/]: Added spirit drops for entity with registry name: minecraft:spider
[26Sep2026 13:00:05.986] [Render thread/INFO] [com.sammy.malum.MalumMod/]: Added spirit drops for entity with registry name: minecraft:cave_spider
[26Sep2026 13:00:05.986] [Render thread/INFO] [com.sammy.malum.MalumMod/]: Added spirit drops for entity with registry name: minecraft:dolphin
[26Sep2026 13:00:05.986] [Render thread/INFO] [com.sammy.malum.MalumMod/]: Added spirit drops for entity with registry name: minecraft:armadillo
[26Sep2026 13:00:05.987] [Render thread/INFO] [com.sammy.malum.MalumMod/]: Added spirit drops for entity with registry name: minecraft:piglin_brute
[26Sep2026 13:00:05.987] [Render thread/INFO] [com.sammy.malum.MalumMod/]: Added spirit drops for entity with registry name: minecraft:breeze
[26Sep2026 13:00:05.987] [Render thread/INFO] [com.sammy.malum.MalumMod/]: Added spirit drops for entity with registry name: minecraft:snow_golem
[26Sep2026 13:00:05.987] [Render thread/INFO] [com.sammy.malum.MalumMod/]: Added spirit drops for entity with registry name: minecraft:hoglin
[26Sep2026 13:00:05.987] [Render thread/INFO] [com.sammy.malum.MalumMod/]: Added spirit drops for entity with registry name: minecraft:evoker
[26Sep2026 13:00:05.987] [Render thread/INFO] [com.sammy.malum.MalumMod/]: Added spirit drops for entity with registry name: minecraft:turtle
[26Sep2026 13:00:05.987] [Render thread/INFO] [com.sammy.malum.MalumMod/]: Added spirit drops for entity with registry name: minecraft:parrot
[26Sep2026 13:00:05.987] [Render thread/INFO] [com.sammy.malum.MalumMod/]: Added spirit drops for entity with registry name: minecraft:zombie_horse
[26Sep2026 13:00:05.987] [Render thread/INFO] [com.sammy.malum.MalumMod/]: Added spirit drops for entity with registry name: minecraft:witch
[26Sep2026 13:00:05.987] [Render thread/INFO] [com.sammy.malum.MalumMod/]: Added spirit drops for entity with registry name: minecraft:wolf
[26Sep2026 13:00:05.987] [Render thread/INFO] [com.sammy.malum.MalumMod/]: Added spirit drops for entity with registry name: minecraft:creeper
[26Sep2026 13:00:05.987] [Render thread/INFO] [com.sammy.malum.MalumMod/]: Added spirit drops for entity with registry name: minecraft:chicken
[26Sep2026 13:00:05.987] [Render thread/INFO] [com.sammy.malum.MalumMod/]: Added spirit drops for entity with registry name: minecraft:tropical_fish
[26Sep2026 13:00:05.987] [Render thread/INFO] [com.sammy.malum.MalumMod/]: Added spirit drops for entity with registry name: minecraft:elder_guardian
[26Sep2026 13:00:05.987] [Render thread/INFO] [com.sammy.malum.MalumMod/]: Added spirit drops for entity with registry name: minecraft:endermite
[26Sep2026 13:00:05.987] [Render thread/INFO] [com.sammy.malum.MalumMod/]: Added spirit drops for entity with registry name: minecraft:llama
[26Sep2026 13:00:05.987] [Render thread/INFO] [com.sammy.malum.MalumMod/]: Added spirit drops for entity with registry name: minecraft:guardian
[26Sep2026 13:00:05.987] [Render thread/INFO] [com.sammy.malum.MalumMod/]: Added spirit drops for entity with registry name: minecraft:cod
[26Sep2026 13:00:05.987] [Render thread/INFO] [com.sammy.malum.MalumMod/]: Added spirit drops for entity with registry name: minecraft:cow
[26Sep2026 13:00:05.987] [Render thread/INFO] [com.sammy.malum.MalumMod/]: Added spirit drops for entity with registry name: minecraft:magma_cube
[26Sep2026 13:00:05.987] [Render thread/INFO] [com.sammy.malum.MalumMod/]: Added spirit drops for entity with registry name: minecraft:wither_skeleton
[26Sep2026 13:00:05.987] [Render thread/INFO] [com.sammy.malum.MalumMod/]: Added spirit drops for entity with registry name: minecraft:pig
[26Sep2026 13:00:05.987] [Render thread/INFO] [com.sammy.malum.MalumMod/]: Added spirit drops for entity with registry name: minecraft:ocelot
[26Sep2026 13:00:05.987] [Render thread/INFO] [com.sammy.malum.MalumMod/]: Added spirit drops for entity with registry name: minecraft:donkey
[26Sep2026 13:00:05.987] [Render thread/INFO] [com.sammy.malum.MalumMod/]: Added spirit drops for entity with registry name: minecraft:ravager
[26Sep2026 13:00:05.987] [Render thread/INFO] [com.sammy.malum.MalumMod/]: Added spirit drops for entity with registry name: minecraft:bogged
[26Sep2026 13:00:05.987] [Render thread/INFO] [com.sammy.malum.MalumMod/]: Added spirit drops for entity with registry name: minecraft:silverfish
[26Sep2026 13:00:05.987] [Render thread/INFO] [com.sammy.malum.MalumMod/]: Added spirit drops for entity with registry name: minecraft:mule
[26Sep2026 13:00:05.987] [Render thread/INFO] [com.sammy.malum.MalumMod/]: Added spirit drops for entity with registry name: minecraft:horse
[26Sep2026 13:00:05.987] [Render thread/INFO] [com.sammy.malum.MalumMod/]: Added spirit drops for entity with registry name: minecraft:piglin
[26Sep2026 13:00:05.987] [Render thread/INFO] [com.sammy.malum.MalumMod/]: Added spirit drops for entity with registry name: minecraft:pillager
[26Sep2026 13:00:05.987] [Render thread/INFO] [com.sammy.malum.MalumMod/]: Added spirit drops for entity with registry name: minecraft:enderman
[26Sep2026 13:00:05.987] [Render thread/INFO] [com.sammy.malum.MalumMod/]: Added spirit drops for entity with registry name: minecraft:bee
[26Sep2026 13:00:05.987] [Render thread/INFO] [com.sammy.malum.MalumMod/]: Added spirit drops for entity with registry name: minecraft:salmon
[26Sep2026 13:00:05.987] [Render thread/INFO] [com.sammy.malum.MalumMod/]: Added spirit drops for entity with registry name: minecraft:mooshroom
[26Sep2026 13:00:05.987] [Render thread/INFO] [com.sammy.malum.MalumMod/]: Added spirit drops for entity with registry name: minecraft:squid
[26Sep2026 13:00:05.987] [Render thread/INFO] [com.sammy.malum.MalumMod/]: Added spirit drops for entity with registry name: minecraft:fox
[26Sep2026 13:00:05.987] [Render thread/INFO] [com.sammy.malum.MalumMod/]: Added spirit drops for entity with registry name: minecraft:trader_llama
[26Sep2026 13:00:05.987] [Render thread/INFO] [com.sammy.malum.MalumMod/]: Added spirit drops for entity with registry name: minecraft:sheep
[26Sep2026 13:00:05.987] [Render thread/INFO] [com.sammy.malum.MalumMod/]: Added spirit drops for entity with registry name: minecraft:skeleton_horse
[26Sep2026 13:00:05.987] [Render thread/INFO] [com.sammy.malum.MalumMod/]: Added spirit drops for entity with registry name: minecraft:pufferfish
[26Sep2026 13:00:05.987] [Render thread/INFO] [com.sammy.malum.MalumMod/]: Added spirit drops for entity with registry name: minecraft:ghast
[26Sep2026 13:00:05.987] [Render thread/INFO] [com.sammy.malum.MalumMod/]: Added spirit drops for entity with registry name: minecraft:villager
[26Sep2026 13:00:05.987] [Render thread/INFO] [com.sammy.malum.MalumMod/]: Added spirit drops for entity with registry name: minecraft:zoglin
[26Sep2026 13:00:05.987] [Render thread/INFO] [com.sammy.malum.MalumMod/]: Added spirit drops for entity with registry name: minecraft:husk
[26Sep2026 13:00:05.987] [Render thread/INFO] [com.sammy.malum.MalumMod/]: Added spirit drops for entity with registry name: minecraft:polar_bear
[26Sep2026 13:00:05.987] [Render thread/INFO] [com.sammy.malum.MalumMod/]: Added spirit drops for entity with registry name: minecraft:strider
[26Sep2026 13:00:05.987] [Render thread/INFO] [com.sammy.malum.MalumMod/]: Added spirit drops for entity with registry name: minecraft:iron_golem
[26Sep2026 13:00:05.987] [Render thread/INFO] [com.sammy.malum.MalumMod/]: Added spirit drops for entity with registry name: minecraft:bat
[26Sep2026 13:00:05.987] [Render thread/INFO] [com.sammy.malum.MalumMod/]: Added spirit drops for entity with registry name: minecraft:axolotl
[26Sep2026 13:00:05.987] [Render thread/INFO] [com.sammy.malum.MalumMod/]: Added spirit drops for entity with registry name: minecraft:rabbit
[26Sep2026 13:00:05.987] [Render thread/INFO] [com.sammy.malum.MalumMod/]: Added spirit drops for entity with registry name: minecraft:wandering_trader
[26Sep2026 13:00:05.988] [Render thread/INFO] [com.sammy.malum.MalumMod/]: Added spirit drops for entity with registry name: minecraft:illusioner
[26Sep2026 13:00:05.988] [Render thread/INFO] [com.sammy.malum.MalumMod/]: Added spirit drops for entity with registry name: minecraft:blaze
[26Sep2026 13:00:05.989] [Render thread/WARN] [com.sammy.malum.MalumMod/]: Malignant conversion data references an attribute that does not exist: irons_spellbooks:max_mana
[26Sep2026 13:00:05.989] [Render thread/WARN] [com.sammy.malum.MalumMod/]: Malignant conversion data references an attribute that does not exist: irons_spellbooks:spell_power
[26Sep2026 13:00:05.989] [Render thread/WARN] [com.sammy.malum.MalumMod/]: Malignant conversion data references an attribute that does not exist: irons_spellbooks:fire_spell_power
[26Sep2026 13:00:05.989] [Render thread/WARN] [com.sammy.malum.MalumMod/]: Malignant conversion data references an attribute that does not exist: irons_spellbooks:ice_spell_power
[26Sep2026 13:00:05.989] [Render thread/WARN] [com.sammy.malum.MalumMod/]: Malignant conversion data references an attribute that does not exist: irons_spellbooks:lightning_spell_power
[26Sep2026 13:00:05.989] [Render thread/WARN] [com.sammy.malum.MalumMod/]: Malignant conversion data references an attribute that does not exist: irons_spellbooks:holy_spell_power
[26Sep2026 13:00:05.989] [Render thread/WARN] [com.sammy.malum.MalumMod/]: Malignant conversion data references an attribute that does not exist: irons_spellbooks:ender_spell_power
[26Sep2026 13:00:05.989] [Render thread/WARN] [com.sammy.malum.MalumMod/]: Malignant conversion data references an attribute that does not exist: irons_spellbooks:blood_spell_power
[26Sep2026 13:00:05.989] [Render thread/WARN] [com.sammy.malum.MalumMod/]: Malignant conversion data references an attribute that does not exist: irons_spellbooks:evocation_spell_power
[26Sep2026 13:00:05.989] [Render thread/WARN] [com.sammy.malum.MalumMod/]: Malignant conversion data references an attribute that does not exist: irons_spellbooks:nature_spell_power
[26Sep2026 13:00:05.989] [Render thread/WARN] [com.sammy.malum.MalumMod/]: Malignant conversion data references an attribute that does not exist: irons_spellbooks:eldritch_spell_power
[26Sep2026 13:00:05.989] [Render thread/WARN] [com.sammy.malum.MalumMod/]: Malignant conversion data references an attribute that does not exist: irons_spellbooks:mana_regen
[26Sep2026 13:00:05.989] [Render thread/WARN] [com.sammy.malum.MalumMod/]: Malignant conversion data references an attribute that does not exist: irons_spellbooks:cooldown_reduction
[26Sep2026 13:00:05.989] [Render thread/WARN] [com.sammy.malum.MalumMod/]: Malignant conversion data references an attribute that does not exist: irons_spellbooks:cast_time_reduction
[26Sep2026 13:00:05.989] [Render thread/WARN] [com.sammy.malum.MalumMod/]: Malignant conversion data references an attribute that does not exist: irons_spellbooks:summon_damage
[26Sep2026 13:00:05.999] [Render thread/INFO] [placebo/]: Registered 0 gear_sets.
[26Sep2026 13:00:06.000] [Render thread/INFO] [placebo/]: Registered 0 wanderer_trades.
[26Sep2026 13:00:06.002] [Render thread/INFO] [Apotheosis : Enchantment/]: Registered 26 enchanting_stats.
[26Sep2026 13:00:06.006] [Render thread/INFO] [placebo/]: Registered 37 brewing_mixes.
[26Sep2026 13:00:06.014] [Render thread/WARN] [net.minecraft.core.MappedRegistry/]: Not all defined tags for registry ResourceKey[minecraft:root / minecraft:enchantment] are present in data pack: minecraft:exclusive_set/helmet
[26Sep2026 13:00:06.820] [Render thread/INFO] [net.neoforged.coremod.CoreMod.apothic_enchanting/COREMODLOG]: Replaced 1 calls to Enchantment#getMaxLevel() in net/minecraft/world/entity/npc/VillagerTrades$EnchantBookForEmeralds
[26Sep2026 13:00:06.914] [Server thread/INFO] [net.minecraft.client.server.IntegratedServer/]: Starting integrated minecraft server version 1.21.1
[26Sep2026 13:00:06.914] [Server thread/INFO] [net.minecraft.server.MinecraftServer/]: Generating keypair
[26Sep2026 13:00:06.947] [Server thread/INFO] [com.tom.storagemod.StorageMod/]: Loaded Tom's Simple Storage config file toms_storage-server.toml
[26Sep2026 13:00:06.967] [Server thread/WARN] [net.neoforged.neoforge.server.ServerLifecycleHooks/]: Detected aquamirae:scuttler that was registered with AMBIENT mob category but was added under CREATURE mob category for minecraft:deep_cold_ocean biome! Mobs should be added to biomes under the same mob category that the mob was registered as to prevent mob cap spawning issues.
[26Sep2026 13:00:06.968] [Server thread/WARN] [net.neoforged.neoforge.server.ServerLifecycleHooks/]: Detected aquamirae:scuttler that was registered with AMBIENT mob category but was added under CREATURE mob category for minecraft:deep_frozen_ocean biome! Mobs should be added to biomes under the same mob category that the mob was registered as to prevent mob cap spawning issues.
[26Sep2026 13:00:07.013] [Server thread/INFO] [dev.ryanhcode.sable.Sable/]: Creating physics pipeline for ResourceKey[minecraft:dimension / minecraft:overworld] using RapierPhysicsPipelineProvider
[26Sep2026 13:00:07.019] [Server thread/INFO] [dev.ryanhcode.sable.Sable/]: Using game directory relative Sable Rapier native directory /home/MonadoMaster0/.var/app/org.prismlauncher.PrismLauncher/data/PrismLauncher/instances/1.21.1/minecraft/.sable/natives
[26Sep2026 13:00:07.114] [Server thread/ERROR] [dev.ryanhcode.sable.Sable/]: Failed to apply tag physics properties. Unknown block: copycats:copycat_catwalk
[26Sep2026 13:00:07.388] [Server thread/INFO] [dev.ryanhcode.sable.Sable/]: Creating physics pipeline for ResourceKey[minecraft:dimension / minecraft:the_nether] using RapierPhysicsPipelineProvider
[26Sep2026 13:00:07.399] [Server thread/ERROR] [dev.ryanhcode.sable.Sable/]: Failed to apply tag physics properties. Unknown block: copycats:copycat_catwalk
[26Sep2026 13:00:08.543] [Server thread/INFO] [dev.ryanhcode.sable.Sable/]: Creating physics pipeline for ResourceKey[minecraft:dimension / minecraft:the_end] using RapierPhysicsPipelineProvider
[26Sep2026 13:00:08.551] [Server thread/ERROR] [dev.ryanhcode.sable.Sable/]: Failed to apply tag physics properties. Unknown block: copycats:copycat_catwalk
[26Sep2026 13:00:08.576] [Server thread/INFO] [surveyor/]: [Surveyor] Loading data for minecraft:overworld
[26Sep2026 13:00:08.721] [Server thread/INFO] [surveyor/]: [Surveyor] Finished loading data for minecraft:overworld
[26Sep2026 13:00:08.722] [Server thread/INFO] [surveyor/]: [Surveyor] Loading data for minecraft:the_nether
[26Sep2026 13:00:08.723] [Server thread/INFO] [surveyor/]: [Surveyor] Finished loading data for minecraft:the_nether
[26Sep2026 13:00:08.723] [Server thread/INFO] [surveyor/]: [Surveyor] Loading data for minecraft:the_end
[26Sep2026 13:00:08.723] [Server thread/INFO] [surveyor/]: [Surveyor] Finished loading data for minecraft:the_end
[26Sep2026 13:00:08.723] [Server thread/INFO] [net.minecraft.server.MinecraftServer/]: Preparing start region for dimension minecraft:overworld
[26Sep2026 13:00:08.728] [Server thread/INFO] [KubeJS Server/]: Server resource reload complete!
[26Sep2026 13:00:08.847] [Render thread/INFO] [net.minecraft.server.level.progress.LoggerChunkProgressListener/]: Preparing spawn area: 0%
[26Sep2026 13:00:09.032] [Server thread/INFO] [net.neoforged.neoforge.server.permission.PermissionAPI/]: Successfully initialized permission handler neoforge:default_handler
[26Sep2026 13:00:09.033] [Render thread/INFO] [net.minecraft.server.level.progress.LoggerChunkProgressListener/]: Time elapsed: 303 ms
[26Sep2026 13:00:09.047] [Server thread/INFO] [net.minecraft.server.MinecraftServer/]: Saving chunks for level 'ServerLevel[worldGenTest1]'/minecraft:overworld
[26Sep2026 13:00:09.048] [Server thread/INFO] [dev.ryanhcode.sable.Sable/]: Saving sub-levels for level 'ServerLevel[worldGenTest1]'/minecraft:overworld
[26Sep2026 13:00:09.139] [Server thread/INFO] [net.minecraft.server.MinecraftServer/]: Saving chunks for level 'ServerLevel[worldGenTest1]'/minecraft:the_nether
[26Sep2026 13:00:09.139] [Server thread/INFO] [dev.ryanhcode.sable.Sable/]: Saving sub-levels for level 'ServerLevel[worldGenTest1]'/minecraft:the_nether
[26Sep2026 13:00:09.143] [Server thread/INFO] [net.minecraft.server.MinecraftServer/]: Saving chunks for level 'ServerLevel[worldGenTest1]'/minecraft:the_end
[26Sep2026 13:00:09.143] [Server thread/INFO] [dev.ryanhcode.sable.Sable/]: Saving sub-levels for level 'ServerLevel[worldGenTest1]'/minecraft:the_end
[26Sep2026 13:00:09.147] [Server thread/INFO] [surveyor/]: [Surveyor] Saving server data...
[26Sep2026 13:00:09.154] [Server thread/INFO] [surveyor/]: [Surveyor] Finished saving data for ResourceKey[minecraft:dimension / minecraft:overworld] | cleaned 2 terrain regions, 0 structure regions, 0 landmarks
[26Sep2026 13:00:09.154] [Server thread/INFO] [surveyor/]: [Surveyor] Finished saving server data.
[26Sep2026 13:00:09.158] [Server thread/INFO] [net.minecraft.server.MinecraftServer/]: ThreadedAnvilChunkStorage (worldGenTest1): All chunks are saved
[26Sep2026 13:00:09.158] [Server thread/INFO] [net.minecraft.server.MinecraftServer/]: ThreadedAnvilChunkStorage (DIM-1): All chunks are saved
[26Sep2026 13:00:09.158] [Server thread/INFO] [net.minecraft.server.MinecraftServer/]: ThreadedAnvilChunkStorage (DIM1): All chunks are saved
[26Sep2026 13:00:09.158] [Server thread/INFO] [net.minecraft.server.MinecraftServer/]: ThreadedAnvilChunkStorage: All dimensions are saved
[26Sep2026 13:00:09.158] [BlueMap-Plugin-Loading/INFO] [BlueMap/]: Loading...
[26Sep2026 13:00:09.159] [Server thread/INFO] [patchouli/]: Sending reload packet to clients
[26Sep2026 13:00:09.244] [Server thread/INFO] [net.minecraft.client.server.IntegratedServer/]: Changing view distance to 20, from 10
[26Sep2026 13:00:09.244] [Server thread/INFO] [net.minecraft.client.server.IntegratedServer/]: Changing simulation distance to 12, from 0
[26Sep2026 13:00:09.264] [Server thread/INFO] [net.neoforged.coremod.CoreMod.apothic_enchanting/COREMODLOG]: Replaced 1 calls to Enchantment#getMaxLevel() in net/minecraft/world/item/enchantment/EnchantmentHelper
[26Sep2026 13:00:09.289] [Render thread/INFO] [dev.ryanhcode.sable.Sable/]: Adding local UDP server channel future
[26Sep2026 13:00:09.293] [Render thread/WARN] [io.netty.bootstrap.Bootstrap/]: Unknown channel option 'SO_BROADCAST' for channel '[id: 0x09f896bc]'
[26Sep2026 13:00:09.297] [Netty Server IO #1/INFO] [dev.ryanhcode.sable.Sable/]: Server UDP channel active
[26Sep2026 13:00:09.308] [Render thread/INFO] [dev.ryanhcode.sable.Sable/]: Starting local client UDP channel future
[26Sep2026 13:00:09.309] [Netty Local Client IO #1/INFO] [dev.ryanhcode.sable.Sable/]: Client UDP channel active
[26Sep2026 13:00:09.356] [BlueMap-Plugin-Loading/WARN] [BlueMap/]: BlueMap is missing important resources!
[26Sep2026 13:00:09.356] [BlueMap-Plugin-Loading/WARN] [BlueMap/]: You must accept the required file download in order for BlueMap to work!
[26Sep2026 13:00:09.356] [BlueMap-Plugin-Loading/WARN] [BlueMap/]: Please check: /home/MonadoMaster0/.var/app/org.prismlauncher.PrismLauncher/data/PrismLauncher/instances/1.21.1/minecraft/config/bluemap/core.conf
[26Sep2026 13:00:09.357] [BlueMap-Plugin-Loading/INFO] [BlueMap/]: If you have changed the config you can simply reload the plugin using: /bluemap reload
[26Sep2026 13:00:09.623] [Server thread/INFO] [net.minecraft.server.players.PlayerList/]: MonadoMaster0[local:E:62466da9] logged in with entity id 9 at (1217.895059071598, 65.83957164698054, 71.71576740321267)
[26Sep2026 13:00:09.627] [Server thread/INFO] [dev.ryanhcode.sable.Sable/]: Beginning attempted authentication with player MonadoMaster0
[26Sep2026 13:00:09.661] [Server thread/INFO] [net.minecraft.server.MinecraftServer/]: MonadoMaster0 joined the game
[26Sep2026 13:00:09.663] [Render thread/INFO] [xaero.map.WorldMap/]: Fullscreen map required item set to nothing.
[26Sep2026 13:00:09.668] [Render thread/INFO] [xaero.map.WorldMap/]: New world map session initialized!
[26Sep2026 13:00:09.686] [Render thread/INFO] [xaero.hud.minimap.MinimapLogs/]: Minimap required item set to nothing.
[26Sep2026 13:00:09.686] [Render thread/INFO] [xaero.hud.minimap.MinimapLogs/]: New Xaero hud session initialized!
[26Sep2026 13:00:09.701] [Server thread/ERROR] [KubeJS Server/]: death_recall.js#4: Error in 'PlayerEvents.loggedIn': dev.latvian.mods.rhino.EcmaError: TypeError: Cannot find function getTag in object 0 minecraft:air.
[26Sep2026 13:00:09.835] [Render thread/INFO] [ChunkBuilder/]: Started 6 worker threads
[26Sep2026 13:00:09.875] [Render thread/INFO] [flywheel/]: Started 6 worker threads
[26Sep2026 13:00:09.900] [Render thread/INFO] [placebo/]: Starting sync for enchanting_stats
[26Sep2026 13:00:09.902] [Render thread/INFO] [Apotheosis : Enchantment/]: Registered 26 enchanting_stats.
[26Sep2026 13:00:09.902] [Render thread/INFO] [placebo/]: Completed sync for enchanting_stats
[26Sep2026 13:00:09.902] [Render thread/INFO] [placebo/]: Starting sync for brewing_mixes
[26Sep2026 13:00:09.904] [Render thread/INFO] [placebo/]: Registered 37 brewing_mixes.
[26Sep2026 13:00:09.904] [Render thread/INFO] [placebo/]: Completed sync for brewing_mixes
[26Sep2026 13:00:09.938] [Render thread/INFO] [mezz.jei.common.util.LoggedTimer/]: Starting JEI...
[26Sep2026 13:00:09.938] [Render thread/INFO] [mezz.jei.library.load.PluginCaller/]: Configuring JEI...
[26Sep2026 13:00:09.939] [Render thread/INFO] [mezz.jei.library.load.PluginCaller/]: Configuring JEI took 723.2 microseconds
[26Sep2026 13:00:09.942] [Render thread/INFO] [mezz.jei.library.load.PluginCaller/]: Registering item subtypes...
[26Sep2026 13:00:09.949] [Render thread/INFO] [mezz.jei.library.load.PluginCaller/]: Registering item subtypes took 7.000 milliseconds
[26Sep2026 13:00:09.949] [Render thread/INFO] [mezz.jei.library.load.PluginCaller/]: Registering fluid subtypes...
[26Sep2026 13:00:09.950] [Render thread/INFO] [mezz.jei.library.load.PluginCaller/]: Registering fluid subtypes took 1.002 milliseconds
[26Sep2026 13:00:09.951] [Render thread/INFO] [mezz.jei.library.load.PluginCaller/]: Registering ingredients...
[26Sep2026 13:00:09.977] [Server thread/INFO] [com.b1n_ry.yigd.Yigd/]: Priority overwritten for player MonadoMaster0. Claiming: GRAVE / Robbing: INVENTORY
[26Sep2026 13:00:10.120] [Render thread/INFO] [mezz.jei.library.load.PluginCallerTimerRunnable/]: Registering ingredients: jei:minecraft took 168.5 milliseconds
[26Sep2026 13:00:10.120] [Render thread/INFO] [mezz.jei.library.load.PluginCaller/]: Registering ingredients took 169.1 milliseconds
[26Sep2026 13:00:10.120] [Render thread/INFO] [mezz.jei.library.load.PluginCaller/]: Registering extra ingredients...
[26Sep2026 13:00:10.123] [Render thread/INFO] [mezz.jei.library.load.PluginCaller/]: Registering extra ingredients took 2.667 milliseconds
[26Sep2026 13:00:10.123] [Render thread/INFO] [mezz.jei.library.load.PluginCaller/]: Registering search ingredient aliases...
[26Sep2026 13:00:10.124] [Render thread/INFO] [mezz.jei.library.load.PluginCaller/]: Registering search ingredient aliases took 591.4 microseconds
[26Sep2026 13:00:10.131] [Render thread/INFO] [mezz.jei.library.load.PluginCaller/]: Registering Mod Info...
[26Sep2026 13:00:10.131] [Render thread/INFO] [mezz.jei.library.load.PluginCaller/]: Registering Mod Info took 378.6 microseconds
[26Sep2026 13:00:10.145] [Render thread/INFO] [mezz.jei.library.load.PluginCaller/]: Registering advanced search...
[26Sep2026 13:00:10.145] [Render thread/INFO] [mezz.jei.library.load.PluginCaller/]: Registering advanced search took 408.6 microseconds
[26Sep2026 13:00:10.147] [Render thread/INFO] [mezz.jei.library.load.PluginCaller/]: Registering categories...
[26Sep2026 13:00:10.177] [Render thread/INFO] [mezz.jei.library.load.PluginCallerTimerRunnable/]: Registering categories: jei:minecraft took 30.19 milliseconds
[26Sep2026 13:00:10.218] [Render thread/INFO] [mezz.jei.library.load.PluginCallerTimerRunnable/]: Registering categories: create:jei_plugin took 39.55 milliseconds
[26Sep2026 13:00:10.229] [Render thread/INFO] [mezz.jei.library.load.PluginCaller/]: Registering categories took 82.57 milliseconds
[26Sep2026 13:00:10.230] [Render thread/INFO] [mezz.jei.library.load.PluginCaller/]: Registering vanilla category extensions...
[26Sep2026 13:00:10.249] [Render thread/INFO] [mezz.jei.library.load.PluginCallerTimerRunnable/]: Registering vanilla category extensions: sophisticatedbackpacks:default took 15.60 milliseconds
[26Sep2026 13:00:10.315] [Render thread/INFO] [mezz.jei.library.load.PluginCallerTimerRunnable/]: Registering vanilla category extensions: sophisticatedstorage:default took 65.56 milliseconds
[26Sep2026 13:00:10.315] [Render thread/INFO] [mezz.jei.library.load.PluginCaller/]: Registering vanilla category extensions took 85.31 milliseconds
[26Sep2026 13:00:10.315] [Render thread/INFO] [mezz.jei.library.load.PluginCaller/]: Registering recipe catalysts...
[26Sep2026 13:00:10.318] [Render thread/INFO] [mezz.jei.library.load.PluginCaller/]: Registering recipe catalysts took 2.589 milliseconds
[26Sep2026 13:00:10.318] [Render thread/INFO] [mezz.jei.common.util.LoggedTimer/]: Building recipe registry...
[26Sep2026 13:00:10.329] [Render thread/INFO] [mezz.jei.common.util.LoggedTimer/]: Building recipe registry took 10.24 milliseconds
[26Sep2026 13:00:10.329] [Render thread/INFO] [mezz.jei.library.load.PluginCaller/]: Registering advanced plugins...
[26Sep2026 13:00:10.347] [Render thread/INFO] [mezz.jei.library.load.registration.AdvancedRegistration/]: Added typed recipe manager plugin: class mezz.jei.library.plugins.vanilla.crafting.FireworkStarRecipeManagerPlugin
[26Sep2026 13:00:10.348] [Render thread/INFO] [mezz.jei.library.load.registration.AdvancedRegistration/]: Added typed recipe manager plugin: class mezz.jei.library.plugins.vanilla.crafting.FireworkRocketRecipeManagerPlugin
[26Sep2026 13:00:10.348] [Render thread/INFO] [mezz.jei.library.load.PluginCallerTimerRunnable/]: Registering advanced plugins: jei:minecraft took 18.32 milliseconds
[26Sep2026 13:00:10.348] [Render thread/INFO] [mezz.jei.library.load.registration.AdvancedRegistration/]: Added typed recipe manager plugin: class net.p3pp3rf1y.sophisticatedcore.compat.recipeviewers.jei.GroupedCraftingRecipeManagerPlugin
[26Sep2026 13:00:10.349] [Render thread/INFO] [mezz.jei.library.load.registration.AdvancedRegistration/]: Added typed recipe manager plugin: class net.p3pp3rf1y.sophisticatedcore.compat.recipeviewers.jei.CraftingDisplayCatalogRecipeManagerPlugin
[26Sep2026 13:00:10.349] [Render thread/INFO] [mezz.jei.library.load.registration.AdvancedRegistration/]: Added typed recipe manager plugin: class net.p3pp3rf1y.sophisticatedcore.compat.recipeviewers.jei.SmithingSpecRecipeManagerPlugin
[26Sep2026 13:00:10.350] [Render thread/INFO] [mezz.jei.library.load.registration.AdvancedRegistration/]: Added typed recipe manager plugin: class net.p3pp3rf1y.sophisticatedcore.compat.recipeviewers.jei.GroupedCraftingRecipeManagerPlugin
[26Sep2026 13:00:10.350] [Render thread/INFO] [mezz.jei.library.load.registration.AdvancedRegistration/]: Added typed recipe manager plugin: class net.p3pp3rf1y.sophisticatedcore.compat.recipeviewers.jei.CraftingDisplayCatalogRecipeManagerPlugin
[26Sep2026 13:00:10.350] [Render thread/INFO] [mezz.jei.library.load.PluginCaller/]: Registering advanced plugins took 20.86 milliseconds
[26Sep2026 13:00:10.350] [Render thread/INFO] [mezz.jei.library.load.PluginCaller/]: Registering recipes...
[26Sep2026 13:00:10.482] [Render thread/INFO] [net.neoforged.coremod.CoreMod.apothic_enchanting/COREMODLOG]: Replaced 1 calls to Enchantment#getMaxLevel() in mezz/jei/library/plugins/vanilla/anvil/AnvilRecipeMaker$EnchantmentData
[26Sep2026 13:00:10.879] [Render thread/INFO] [mezz.jei.library.load.PluginCallerTimerRunnable/]: Registering recipes: jei:minecraft took 528.4 milliseconds
[26Sep2026 13:00:11.041] [Render thread/INFO] [mezz.jei.library.load.PluginCallerTimerRunnable/]: Registering recipes: create:jei_plugin took 149.2 milliseconds
[26Sep2026 13:00:11.106] [Render thread/INFO] [mezz.jei.library.load.PluginCallerTimerRunnable/]: Registering recipes: create_dragons_plus:jei_plugin took 63.00 milliseconds
[26Sep2026 13:00:11.118] [Render thread/INFO] [mezz.jei.library.load.PluginCallerTimerRunnable/]: Registering recipes: malum:main took 11.20 milliseconds
[26Sep2026 13:00:11.151] [Render thread/INFO] [mezz.jei.library.load.PluginCallerTimerRunnable/]: Registering recipes: create_enchantment_industry:jei took 31.13 milliseconds
[26Sep2026 13:00:11.254] [Render thread/INFO] [mezz.jei.library.load.PluginCallerTimerRunnable/]: Registering recipes: jei:internal took 99.82 milliseconds
[26Sep2026 13:00:11.254] [Render thread/INFO] [mezz.jei.library.load.PluginCaller/]: Registering recipes took 903.6 milliseconds
[26Sep2026 13:00:11.266] [Render thread/INFO] [mezz.jei.library.load.PluginCaller/]: Registering recipes transfer handlers...
[26Sep2026 13:00:11.278] [Render thread/INFO] [mezz.jei.library.load.PluginCallerTimerRunnable/]: Registering recipes transfer handlers: jei:minecraft took 12.22 milliseconds
[26Sep2026 13:00:11.282] [Render thread/INFO] [mezz.jei.library.load.PluginCaller/]: Registering recipes transfer handlers took 16.35 milliseconds
[26Sep2026 13:00:11.286] [Render thread/INFO] [mezz.jei.common.util.LoggedTimer/]: Building runtime...
[26Sep2026 13:00:11.287] [Render thread/INFO] [mezz.jei.library.load.PluginCaller/]: Registering gui handlers...
[26Sep2026 13:00:11.292] [Render thread/INFO] [mezz.jei.library.load.PluginCaller/]: Registering gui handlers took 4.853 milliseconds
[26Sep2026 13:00:11.293] [Render thread/INFO] [mezz.jei.library.load.PluginCaller/]: Registering Runtime...
[26Sep2026 13:00:11.294] [Render thread/INFO] [mezz.jei.gui.startup.JeiGuiStarter/]: Starting JEI GUI
[26Sep2026 13:00:11.295] [Render thread/INFO] [mezz.jei.common.util.LoggedTimer/]: Building ingredient list...
[26Sep2026 13:00:11.328] [Render thread/INFO] [mezz.jei.common.util.LoggedTimer/]: Building ingredient list took 32.61 milliseconds
[26Sep2026 13:00:11.328] [Render thread/INFO] [mezz.jei.common.util.LoggedTimer/]: Building ingredient filter...
[26Sep2026 13:00:11.745] [Render thread/INFO] [mezz.jei.gui.ingredients.IngredientFilter/]: Adding 4554 ingredients
[26Sep2026 13:00:11.761] [Render thread/INFO] [mezz.jei.gui.ingredients.IngredientFilter/]: Added 4554 ingredients
[26Sep2026 13:00:11.762] [Render thread/INFO] [mezz.jei.common.util.LoggedTimer/]: Building ingredient filter took 433.7 milliseconds
[26Sep2026 13:00:11.893] [Render thread/INFO] [mezz.jei.library.load.PluginCallerTimerRunnable/]: Registering Runtime: jei:neoforge_gui took 599.5 milliseconds
[26Sep2026 13:00:11.893] [Render thread/INFO] [mezz.jei.library.load.PluginCaller/]: Registering Runtime took 600.0 milliseconds
[26Sep2026 13:00:11.893] [Render thread/INFO] [mezz.jei.common.util.LoggedTimer/]: Building runtime took 607.4 milliseconds
[26Sep2026 13:00:11.894] [Render thread/INFO] [mezz.jei.library.load.PluginCaller/]: Sending Runtime...
[26Sep2026 13:00:11.899] [Render thread/INFO] [mezz.jei.library.ingredients.IngredientManager/]: Ingredients are being removed at runtime: 45 net.minecraft.world.item.ItemStack
[26Sep2026 13:00:12.015] [Render thread/INFO] [mezz.jei.library.load.PluginCallerTimerRunnable/]: Sending Runtime: malum:main took 121.3 milliseconds
[26Sep2026 13:00:12.045] [Render thread/INFO] [mezz.jei.library.load.PluginCallerTimerRunnable/]: Sending Runtime: kubejs:jei took 29.17 milliseconds
[26Sep2026 13:00:12.045] [Render thread/INFO] [mezz.jei.library.load.PluginCaller/]: Sending Runtime took 151.3 milliseconds
[26Sep2026 13:00:12.045] [Render thread/INFO] [mezz.jei.common.util.LoggedTimer/]: Starting JEI took 2.107 seconds
[26Sep2026 13:00:12.056] [Render thread/INFO] [xaero.hud.minimap.MinimapLogs/]: Minimap updated server level id: -1822830117 for world ResourceKey[minecraft:dimension / minecraft:overworld]
[26Sep2026 13:00:12.060] [Render thread/INFO] [snownee.jade.Jade/]: Received config from the server: 
[26Sep2026 13:00:12.065] [Render thread/ERROR] [dev.ryanhcode.sable.Sable/]: Failed to apply tag physics properties. Unknown block: copycats:copycat_catwalk
[26Sep2026 13:00:12.076] [Render thread/INFO] [net.minecraft.advancements.AdvancementTree/]: Loaded 63 advancements
[26Sep2026 13:00:12.134] [Render thread/INFO] [mezz.jei.library.ingredients.IngredientManager/]: Ingredients are being removed at runtime: 27 net.minecraft.world.item.ItemStack
[26Sep2026 13:00:12.135] [Render thread/INFO] [mezz.jei.library.ingredients.IngredientManager/]: Ingredients are being removed at runtime: 18 net.minecraft.world.item.ItemStack
[26Sep2026 13:00:12.136] [Render thread/INFO] [mezz.jei.library.ingredients.IngredientManager/]: Ingredients are being added at runtime: 27 net.minecraft.world.item.ItemStack
[26Sep2026 13:00:12.136] [Render thread/INFO] [mezz.jei.library.ingredients.IngredientManager/]: Ingredients are being added at runtime: 18 net.minecraft.world.item.ItemStack
[26Sep2026 13:00:12.137] [Render thread/INFO] [mezz.jei.library.ingredients.IngredientManager/]: Ingredients are being removed at runtime: 27 net.minecraft.world.item.ItemStack
[26Sep2026 13:00:12.137] [Render thread/INFO] [mezz.jei.library.ingredients.IngredientManager/]: Ingredients are being removed at runtime: 18 net.minecraft.world.item.ItemStack
[26Sep2026 13:00:12.137] [Render thread/INFO] [mezz.jei.library.ingredients.IngredientManager/]: Ingredients are being added at runtime: 27 net.minecraft.world.item.ItemStack
[26Sep2026 13:00:12.138] [Render thread/INFO] [mezz.jei.library.ingredients.IngredientManager/]: Ingredients are being added at runtime: 18 net.minecraft.world.item.ItemStack
[26Sep2026 13:00:12.294] [Render thread/INFO] [Veil/]: Multi-Bind supported, using core
[26Sep2026 13:00:12.345] [Render thread/INFO] [xaero.hud.minimap.MinimapLogs/]: Reloading radar icon resources...
[26Sep2026 13:00:12.354] [Render thread/INFO] [xaero.hud.minimap.MinimapLogs/]: Reloaded radar icon resources!
[26Sep2026 13:00:12.404] [Render thread/INFO] [Antique Atlas/]: [Antique Atlas] Finished loading terrain for ResourceKey[minecraft:dimension / minecraft:the_nether] - 0 tiles.
[26Sep2026 13:00:12.441] [Render thread/INFO] [Antique Atlas/]: [Antique Atlas] Finished loading terrain for ResourceKey[minecraft:dimension / minecraft:the_end] - 0 tiles.
[26Sep2026 13:00:14.877] [Render thread/INFO] [Antique Atlas/]: [Antique Atlas] Finished loading terrain for ResourceKey[minecraft:dimension / minecraft:overworld] - 5940 tiles.
[26Sep2026 13:00:23.545] [Server thread/INFO] [net.minecraft.server.MinecraftServer/]: [MonadoMaster0: Set the time to 1000]
[26Sep2026 13:00:23.552] [Render thread/INFO] [net.minecraft.client.gui.components.ChatComponent/]: [System] [CHAT] Set the time to 1000
[26Sep2026 13:00:41.045] [Render thread/INFO] [net.minecraft.client.gui.components.ChatComponent/]: [System] [CHAT] 
❌ BlueMap is not loaded!
Check your server-console for errors or warnings and try using /bluemap reload.

[26Sep2026 13:00:52.224] [Render thread/INFO] [net.minecraft.client.gui.components.ChatComponent/]: [System] [CHAT] Reloading BlueMap...
[26Sep2026 13:00:52.235] [BlueMap-FJP-0/WARN] [BlueMap/]: BlueMap is missing important resources!
[26Sep2026 13:00:52.235] [BlueMap-FJP-0/WARN] [BlueMap/]: You must accept the required file download in order for BlueMap to work!
[26Sep2026 13:00:52.235] [BlueMap-FJP-0/WARN] [BlueMap/]: Please check: /home/MonadoMaster0/.var/app/org.prismlauncher.PrismLauncher/data/PrismLauncher/instances/1.21.1/minecraft/config/bluemap/core.conf
[26Sep2026 13:00:52.235] [BlueMap-FJP-0/INFO] [BlueMap/]: If you have changed the config you can simply reload the plugin using: /bluemap reload
[26Sep2026 13:00:52.241] [Render thread/INFO] [net.minecraft.client.gui.components.ChatComponent/]: [System] [CHAT] Could not load BlueMap! See logs or console for details!
[26Sep2026 13:01:39.553] [Render thread/INFO] [net.minecraft.client.gui.components.ChatComponent/]: [System] [CHAT] Reloading BlueMap...
[26Sep2026 13:01:39.645] [BlueMap-FJP-0/INFO] [BlueMap/]: Downloading 'https://piston-data.mojang.com/v1/objects/30c73b1c5da787909b2f73340419fdf13b9def88/client.jar' to 'bluemap/minecraft-client-1.21.1.jar'...
[26Sep2026 13:01:40.102] [BlueMap-FJP-0/INFO] [BlueMap/]: Loading resources...
[26Sep2026 13:01:40.575] [BlueMap-FJP-0/INFO] [BlueMap/]: Loading textures...
[26Sep2026 13:01:41.459] [BlueMap-FJP-0/INFO] [BlueMap/]: Baking resources...
[26Sep2026 13:01:41.486] [BlueMap-FJP-0/INFO] [BlueMap/]: Resources loaded.
[26Sep2026 13:01:41.543] [BlueMap-FJP-0/INFO] [BlueMap/]: Initializing Storage: 'file' (Type: 'bluemap:file')
[26Sep2026 13:01:41.545] [BlueMap-FJP-0/INFO] [BlueMap/]: Loading map 'worldgentest1'...
[26Sep2026 13:01:41.648] [BlueMap-FJP-0/INFO] [BlueMap/]: Loading map 'worldgentest1_the_nether'...
[26Sep2026 13:01:41.734] [BlueMap-FJP-0/INFO] [BlueMap/]: Loading map 'worldgentest1_the_end'...
[26Sep2026 13:01:41.793] [BlueMap-FJP-0/INFO] [BlueMap/]: WebServer bound to all network interfaces on port 8100
[26Sep2026 13:01:41.793] [Thread-26/INFO] [BlueMap/]: WebServer started.
[26Sep2026 13:01:41.834] [Render thread/INFO] [net.minecraft.client.gui.components.ChatComponent/]: [System] [CHAT] BlueMap reloaded!
[26Sep2026 13:05:09.138] [Server thread/INFO] [dev.ryanhcode.sable.Sable/]: Saving sub-levels for level 'ServerLevel[worldGenTest1]'/minecraft:overworld
[26Sep2026 13:05:09.154] [Server thread/INFO] [dev.ryanhcode.sable.Sable/]: Saving sub-levels for level 'ServerLevel[worldGenTest1]'/minecraft:the_nether
[26Sep2026 13:05:09.154] [Server thread/INFO] [dev.ryanhcode.sable.Sable/]: Saving sub-levels for level 'ServerLevel[worldGenTest1]'/minecraft:the_end
[26Sep2026 13:06:00.327] [Render thread/WARN] [net.minecraft.client.sounds.SoundEngine/SOUNDS]: Unable to play empty soundEvent: minecraft:entity.cod.ambient
[26Sep2026 13:07:19.848] [Render thread/INFO] [net.minecraft.client.gui.components.ChatComponent/]: [System] [CHAT] Creating update-tasks ...
[26Sep2026 13:07:19.946] [Server thread/INFO] [dev.ryanhcode.sable.Sable/]: Saving sub-levels for level 'ServerLevel[worldGenTest1]'/minecraft:overworld
[26Sep2026 13:07:20.016] [Render thread/INFO] [net.minecraft.client.gui.components.ChatComponent/]: [System] [CHAT] Created new update-task for map worldgentest1
[26Sep2026 13:07:20.016] [Render thread/INFO] [net.minecraft.client.gui.components.ChatComponent/]: [System] [CHAT] Use /bluemap to see the progress
[26Sep2026 13:07:26.751] [Render thread/INFO] [net.minecraft.client.gui.components.ChatComponent/]: [System] [CHAT] 
BlueMap Status >
 ✔ 3 render-threads are running
 
 ⛏ map worldgentest1 is currently being updated
 ├ progress: 1.976%
 ├ remaining time: 2 minutes
 └ updating region (0, 1)
 
 ✔ 2 maps are updated

[26Sep2026 13:07:32.876] [Render thread/INFO] [net.minecraft.client.gui.components.ChatComponent/]: [System] [CHAT] 
BlueMap Status >
 ✔ 3 render-threads are running
 
 ⛏ map worldgentest1 is currently being updated
 ├ progress: 2.785%
 ├ remaining time: 9 minutes
 └ updating region (0, 0)
 
 ✔ 2 maps are updated

[26Sep2026 13:08:07.548] [Render thread/INFO] [net.minecraft.client.gui.components.ChatComponent/]: [System] [CHAT] 
BlueMap Status >
 ✔ 3 render-threads are running
 
 ⛏ map worldgentest1 is currently being updated
 ├ progress: 10.368%
 ├ remaining time: 8 minutes
 └ updating region (1, 0)
 
 ✔ 2 maps are updated

[26Sep2026 13:10:09.128] [Server thread/INFO] [dev.ryanhcode.sable.Sable/]: Saving sub-levels for level 'ServerLevel[worldGenTest1]'/minecraft:overworld
[26Sep2026 13:10:09.134] [Server thread/INFO] [dev.ryanhcode.sable.Sable/]: Saving sub-levels for level 'ServerLevel[worldGenTest1]'/minecraft:the_nether
[26Sep2026 13:10:09.135] [Server thread/INFO] [dev.ryanhcode.sable.Sable/]: Saving sub-levels for level 'ServerLevel[worldGenTest1]'/minecraft:the_end
[26Sep2026 13:11:12.681] [Render thread/INFO] [net.minecraft.client.gui.components.ChatComponent/]: [System] [CHAT] 
BlueMap Status >
 ✔ 3 render-threads are idle
 └ last active 5 seconds ago
 ✔ 3 maps are updated

[26Sep2026 13:11:54.135] [Render thread/INFO] [net.minecraft.client.gui.components.ChatComponent/]: [System] [CHAT] Reloading BlueMap...
[26Sep2026 13:11:54.187] [BlueMap-FJP-0/INFO] [BlueMap/]: Loading resources...
[26Sep2026 13:11:54.637] [BlueMap-FJP-0/INFO] [BlueMap/]: Loading textures...
[26Sep2026 13:11:55.408] [BlueMap-FJP-0/INFO] [BlueMap/]: Baking resources...
[26Sep2026 13:11:55.454] [BlueMap-FJP-0/INFO] [BlueMap/]: Resources loaded.
[26Sep2026 13:11:55.488] [BlueMap-FJP-0/INFO] [BlueMap/]: Initializing Storage: 'file' (Type: 'bluemap:file')
[26Sep2026 13:11:55.489] [BlueMap-FJP-0/INFO] [BlueMap/]: Loading map 'worldgentest1'...
[26Sep2026 13:11:55.611] [BlueMap-FJP-0/INFO] [BlueMap/]: Loading map 'worldgentest1_the_nether'...
[26Sep2026 13:11:55.722] [BlueMap-FJP-0/INFO] [BlueMap/]: Loading map 'worldgentest1_the_end'...
[26Sep2026 13:11:55.795] [BlueMap-FJP-0/INFO] [BlueMap/]: WebServer bound to all network interfaces on port 8100
[26Sep2026 13:11:55.796] [Thread-48/INFO] [BlueMap/]: WebServer started.
[26Sep2026 13:11:55.811] [Render thread/INFO] [net.minecraft.client.gui.components.ChatComponent/]: [System] [CHAT] BlueMap reloaded!
[26Sep2026 13:12:02.302] [Server thread/INFO] [net.minecraft.server.MinecraftServer/]: [MonadoMaster0: Set the time to 1000]
[26Sep2026 13:12:02.315] [Render thread/INFO] [net.minecraft.client.gui.components.ChatComponent/]: [System] [CHAT] Set the time to 1000
[26Sep2026 13:12:11.363] [Server thread/INFO] [net.minecraft.server.MinecraftServer/]: [MonadoMaster0: Gamerule doDaylightCycle is now set to: false]
[26Sep2026 13:12:11.369] [Render thread/INFO] [net.minecraft.client.gui.components.ChatComponent/]: [System] [CHAT] Gamerule doDaylightCycle is now set to: false
[26Sep2026 13:14:25.909] [Render thread/INFO] [net.minecraft.client.gui.components.ChatComponent/]: [System] [CHAT] [Chunky] Radius changed to 100000.
[26Sep2026 13:14:46.955] [Render thread/INFO] [net.minecraft.client.gui.components.ChatComponent/]: [System] [CHAT] Incorrect argument for command
[26Sep2026 13:14:46.955] [Render thread/INFO] [net.minecraft.client.gui.components.ChatComponent/]: [System] [CHAT] chunky s<--[HERE]
[26Sep2026 13:14:55.407] [Render thread/INFO] [net.minecraft.client.gui.components.ChatComponent/]: [System] [CHAT] [Chunky] Shape changed to rectangle.
[26Sep2026 13:15:09.124] [Server thread/INFO] [dev.ryanhcode.sable.Sable/]: Saving sub-levels for level 'ServerLevel[worldGenTest1]'/minecraft:overworld
[26Sep2026 13:15:09.132] [Server thread/INFO] [dev.ryanhcode.sable.Sable/]: Saving sub-levels for level 'ServerLevel[worldGenTest1]'/minecraft:the_nether
[26Sep2026 13:15:09.133] [Server thread/INFO] [dev.ryanhcode.sable.Sable/]: Saving sub-levels for level 'ServerLevel[worldGenTest1]'/minecraft:the_end
[26Sep2026 13:15:17.562] [Render thread/INFO] [net.minecraft.client.gui.components.ChatComponent/]: [System] [CHAT] [Chunky] Center changed to 409, 336.
[26Sep2026 13:15:22.701] [Render thread/INFO] [net.minecraft.client.gui.components.ChatComponent/]: [System] [CHAT] [Chunky] Task started in minecraft:overworld for the rectangle region centered at 409, 336 with radius 100000, 100000.
[26Sep2026 13:15:29.100] [Worker-Main-2/WARN] [net.minecraft.world.entity.ai.attributes.AttributeMap/]: Ignoring unknown attribute 'forge:entity_gravity'
[26Sep2026 13:15:29.104] [Worker-Main-2/WARN] [net.minecraft.world.entity.ai.attributes.AttributeMap/]: Ignoring unknown attribute 'forge:entity_gravity'
[26Sep2026 13:15:32.629] [Server thread/INFO] [net.minecraft.server.MinecraftServer/]: [Chunky] Task running for minecraft:overworld. Processed: 3 chunks (0.00%), ETA: 3834:31:31, Rate: 11.3 cps, Current: -6225, -6227
[26Sep2026 13:15:34.931] [Server thread/INFO] [net.minecraft.server.MinecraftServer/]: [Chunky] Task running for minecraft:overworld. Processed: 53 chunks (0.00%), ETA: 2104:08:32, Rate: 20.6 cps, Current: -6225, -6177
[26Sep2026 13:15:37.074] [Server thread/INFO] [net.minecraft.server.MinecraftServer/]: [Chunky] Task running for minecraft:overworld. Processed: 56 chunks (0.00%), ETA: 3652:37:00, Rate: 11.9 cps, Current: -6225, -6174
[26Sep2026 13:15:38.078] [Server thread/INFO] [net.minecraft.server.MinecraftServer/]: [Chunky] Task running for minecraft:overworld. Processed: 72 chunks (0.00%), ETA: 3445:38:42, Rate: 12.6 cps, Current: -6225, -6153
[26Sep2026 13:15:39.085] [Server thread/INFO] [net.minecraft.server.MinecraftServer/]: [Chunky] Task running for minecraft:overworld. Processed: 80 chunks (0.00%), ETA: 3648:02:33, Rate: 11.9 cps, Current: -6225, -6162
[26Sep2026 13:15:40.241] [Server thread/INFO] [net.minecraft.server.MinecraftServer/]: [Chunky] Task running for minecraft:overworld. Processed: 94 chunks (0.00%), ETA: 3638:33:49, Rate: 11.9 cps, Current: -6225, -6136
[26Sep2026 13:15:42.160] [Server thread/INFO] [net.minecraft.server.MinecraftServer/]: [Chunky] Task running for minecraft:overworld. Processed: 104 chunks (0.00%), ETA: 4089:41:38, Rate: 10.6 cps, Current: -6225, -6124
[26Sep2026 13:15:43.163] [Server thread/INFO] [net.minecraft.server.MinecraftServer/]: [Chunky] Task running for minecraft:overworld. Processed: 113 chunks (0.00%), ETA: 4149:16:29, Rate: 10.5 cps, Current: -6225, -6120
[26Sep2026 13:15:44.280] [Server thread/INFO] [net.minecraft.server.MinecraftServer/]: [Chunky] Task running for minecraft:overworld. Processed: 132 chunks (0.00%), ETA: 3919:22:06, Rate: 11.1 cps, Current: -6225, -6101
[26Sep2026 13:15:44.366] [Server thread/INFO] [net.minecraft.client.server.IntegratedServer/]: Saving and pausing game...
[26Sep2026 13:15:44.371] [Server thread/INFO] [net.minecraft.server.MinecraftServer/]: Saving chunks for level 'ServerLevel[worldGenTest1]'/minecraft:overworld
[26Sep2026 13:15:44.371] [Server thread/INFO] [dev.ryanhcode.sable.Sable/]: Saving sub-levels for level 'ServerLevel[worldGenTest1]'/minecraft:overworld
[26Sep2026 13:15:44.379] [Server thread/INFO] [net.minecraft.server.MinecraftServer/]: Saving chunks for level 'ServerLevel[worldGenTest1]'/minecraft:the_nether
[26Sep2026 13:15:44.379] [Server thread/INFO] [dev.ryanhcode.sable.Sable/]: Saving sub-levels for level 'ServerLevel[worldGenTest1]'/minecraft:the_nether
[26Sep2026 13:15:44.380] [Server thread/INFO] [net.minecraft.server.MinecraftServer/]: Saving chunks for level 'ServerLevel[worldGenTest1]'/minecraft:the_end
[26Sep2026 13:15:44.380] [Server thread/INFO] [dev.ryanhcode.sable.Sable/]: Saving sub-levels for level 'ServerLevel[worldGenTest1]'/minecraft:the_end
[26Sep2026 13:15:44.380] [Server thread/INFO] [surveyor/]: [Surveyor] Saving server data...
[26Sep2026 13:15:44.385] [Server thread/INFO] [surveyor/]: [Surveyor] Finished saving data for ResourceKey[minecraft:dimension / minecraft:overworld] | cleaned 5 terrain regions, 4 structure regions, 0 landmarks
[26Sep2026 13:15:44.386] [Server thread/INFO] [surveyor/]: [Surveyor] Finished saving server data.
[26Sep2026 13:15:45.385] [Server thread/INFO] [net.minecraft.server.MinecraftServer/]: [Chunky] Task running for minecraft:overworld. Processed: 144 chunks (0.00%), ETA: 3925:33:42, Rate: 11.1 cps, Current: -6225, -6087
[26Sep2026 13:15:45.667] [Server thread/INFO] [net.minecraft.client.server.IntegratedServer/]: Saving and pausing game...
[26Sep2026 13:15:45.672] [Server thread/INFO] [net.minecraft.server.MinecraftServer/]: Saving chunks for level 'ServerLevel[worldGenTest1]'/minecraft:overworld
[26Sep2026 13:15:45.672] [Server thread/INFO] [dev.ryanhcode.sable.Sable/]: Saving sub-levels for level 'ServerLevel[worldGenTest1]'/minecraft:overworld
[26Sep2026 13:15:45.678] [Server thread/INFO] [net.minecraft.server.MinecraftServer/]: Saving chunks for level 'ServerLevel[worldGenTest1]'/minecraft:the_nether
[26Sep2026 13:15:45.678] [Server thread/INFO] [dev.ryanhcode.sable.Sable/]: Saving sub-levels for level 'ServerLevel[worldGenTest1]'/minecraft:the_nether
[26Sep2026 13:15:45.679] [Server thread/INFO] [net.minecraft.server.MinecraftServer/]: Saving chunks for level 'ServerLevel[worldGenTest1]'/minecraft:the_end
[26Sep2026 13:15:45.679] [Server thread/INFO] [dev.ryanhcode.sable.Sable/]: Saving sub-levels for level 'ServerLevel[worldGenTest1]'/minecraft:the_end
[26Sep2026 13:15:45.679] [Server thread/INFO] [surveyor/]: [Surveyor] Saving server data...
[26Sep2026 13:15:45.680] [Server thread/INFO] [surveyor/]: [Surveyor] Finished saving data for ResourceKey[minecraft:dimension / minecraft:overworld] | cleaned 1 terrain regions, 0 structure regions, 0 landmarks
[26Sep2026 13:15:45.680] [Server thread/INFO] [surveyor/]: [Surveyor] Finished saving server data.
[26Sep2026 13:15:46.865] [Server thread/INFO] [net.minecraft.server.MinecraftServer/]: [Chunky] Task running for minecraft:overworld. Processed: 154 chunks (0.00%), ETA: 4088:07:14, Rate: 10.6 cps, Current: -6225, -6076
[26Sep2026 13:15:47.898] [Server thread/INFO] [net.minecraft.server.MinecraftServer/]: [Chunky] Task running for minecraft:overworld. Processed: 168 chunks (0.00%), ETA: 4014:21:41, Rate: 10.8 cps, Current: -6225, -6063
[26Sep2026 13:15:49.079] [Server thread/INFO] [net.minecraft.server.MinecraftServer/]: [Chunky] Task running for minecraft:overworld. Processed: 182 chunks (0.00%), ETA: 3987:14:59, Rate: 10.9 cps, Current: -6225, -6048
[26Sep2026 13:15:50.138] [Server thread/INFO] [net.minecraft.server.MinecraftServer/]: [Chunky] Task running for minecraft:overworld. Processed: 194 chunks (0.00%), ETA: 3977:34:43, Rate: 10.9 cps, Current: -6225, -6036
[26Sep2026 13:15:51.654] [Server thread/INFO] [net.minecraft.server.MinecraftServer/]: [Chunky] Task running for minecraft:overworld. Processed: 204 chunks (0.00%), ETA: 4105:11:33, Rate: 10.6 cps, Current: -6225, -6026
[26Sep2026 13:15:52.699] [Server thread/INFO] [net.minecraft.server.MinecraftServer/]: [Chunky] Task running for minecraft:overworld. Processed: 210 chunks (0.00%), ETA: 4203:54:57, Rate: 10.3 cps, Current: -6225, -6020
[26Sep2026 13:15:53.785] [Server thread/INFO] [net.minecraft.server.MinecraftServer/]: [Chunky] Task running for minecraft:overworld. Processed: 232 chunks (0.00%), ETA: 4008:28:13, Rate: 10.8 cps, Current: -6225, -5998
[26Sep2026 13:15:55.092] [Server thread/INFO] [net.minecraft.server.MinecraftServer/]: [Chunky] Task running for minecraft:overworld. Processed: 244 chunks (0.00%), ETA: 4043:51:30, Rate: 10.7 cps, Current: -6225, -5986
[26Sep2026 13:15:56.316] [Server thread/INFO] [net.minecraft.server.MinecraftServer/]: [Chunky] Task running for minecraft:overworld. Processed: 263 chunks (0.00%), ETA: 3953:44:39, Rate: 11.0 cps, Current: -6225, -5967
[26Sep2026 13:15:57.409] [Server thread/INFO] [net.minecraft.server.MinecraftServer/]: [Chunky] Task running for minecraft:overworld. Processed: 269 chunks (0.00%), ETA: 4041:56:18, Rate: 10.7 cps, Current: -6225, -5961
[26Sep2026 13:15:58.604] [Server thread/INFO] [net.minecraft.server.MinecraftServer/]: [Chunky] Task running for minecraft:overworld. Processed: 286 chunks (0.00%), ETA: 3983:03:44, Rate: 10.9 cps, Current: -6225, -5944
[26Sep2026 13:15:59.623] [Server thread/INFO] [net.minecraft.server.MinecraftServer/]: [Chunky] Task running for minecraft:overworld. Processed: 307 chunks (0.00%), ETA: 3854:41:27, Rate: 11.3 cps, Current: -6225, -5923
[26Sep2026 13:16:00.977] [Server thread/INFO] [net.minecraft.server.MinecraftServer/]: [Chunky] Task running for minecraft:overworld. Processed: 314 chunks (0.00%), ETA: 3955:56:41, Rate: 11.0 cps, Current: -6225, -5916
[26Sep2026 13:16:02.015] [Server thread/INFO] [net.minecraft.server.MinecraftServer/]: [Chunky] Task running for minecraft:overworld. Processed: 333 chunks (0.00%), ETA: 3865:32:34, Rate: 11.2 cps, Current: -6225, -5897
[26Sep2026 13:16:03.264] [Server thread/INFO] [net.minecraft.server.MinecraftServer/]: [Chunky] Task running for minecraft:overworld. Processed: 344 chunks (0.00%), ETA: 4212:04:18, Rate: 10.3 cps, Current: -6225, -5886
[26Sep2026 13:16:04.561] [Server thread/INFO] [net.minecraft.server.MinecraftServer/]: [Chunky] Task running for minecraft:overworld. Processed: 363 chunks (0.00%), ETA: 4135:46:42, Rate: 10.5 cps, Current: -6225, -5867
[26Sep2026 13:16:05.803] [Server thread/INFO] [net.minecraft.server.MinecraftServer/]: [Chunky] Task running for minecraft:overworld. Processed: 368 chunks (0.00%), ETA: 3984:23:34, Rate: 10.9 cps, Current: -6225, -5862
[26Sep2026 13:16:06.804] [Server thread/INFO] [net.minecraft.server.MinecraftServer/]: [Chunky] Task running for minecraft:overworld. Processed: 384 chunks (0.00%), ETA: 3922:41:55, Rate: 11.1 cps, Current: -6225, -5847
[26Sep2026 13:16:07.844] [Server thread/INFO] [net.minecraft.server.MinecraftServer/]: [Chunky] Task running for minecraft:overworld. Processed: 393 chunks (0.00%), ETA: 4012:57:45, Rate: 10.8 cps, Current: -6225, -5837
[26Sep2026 13:16:08.913] [Server thread/INFO] [net.minecraft.server.MinecraftServer/]: [Chunky] Task running for minecraft:overworld. Processed: 405 chunks (0.00%), ETA: 3971:42:46, Rate: 10.9 cps, Current: -6225, -5825
[26Sep2026 13:16:10.424] [Server thread/INFO] [net.minecraft.server.MinecraftServer/]: [Chunky] Task running for minecraft:overworld. Processed: 414 chunks (0.00%), ETA: 3945:06:35, Rate: 11.0 cps, Current: -6225, -5816
[26Sep2026 13:16:11.430] [Server thread/INFO] [net.minecraft.server.MinecraftServer/]: [Chunky] Task running for minecraft:overworld. Processed: 432 chunks (0.00%), ETA: 3862:00:11, Rate: 11.2 cps, Current: -6225, -5798
[26Sep2026 13:16:12.485] [Server thread/INFO] [net.minecraft.server.MinecraftServer/]: [Chunky] Task running for minecraft:overworld. Processed: 437 chunks (0.00%), ETA: 3904:44:00, Rate: 11.1 cps, Current: -6225, -5793
[26Sep2026 13:16:13.495] [Server thread/INFO] [net.minecraft.server.MinecraftServer/]: [Chunky] Task running for minecraft:overworld. Processed: 453 chunks (0.00%), ETA: 3938:32:40, Rate: 11.0 cps, Current: -6225, -5777
[26Sep2026 13:16:14.942] [Server thread/INFO] [net.minecraft.server.MinecraftServer/]: [Chunky] Task running for minecraft:overworld. Processed: 464 chunks (0.00%), ETA: 3997:11:55, Rate: 10.9 cps, Current: -6225, -5766
[26Sep2026 13:16:16.982] [Server thread/INFO] [net.minecraft.server.MinecraftServer/]: [Chunky] Task running for minecraft:overworld. Processed: 470 chunks (0.00%), ETA: 4166:44:51, Rate: 10.4 cps, Current: -6225, -5760
[26Sep2026 13:16:18.028] [Server thread/INFO] [net.minecraft.server.MinecraftServer/]: [Chunky] Task running for minecraft:overworld. Processed: 488 chunks (0.00%), ETA: 4093:22:06, Rate: 10.6 cps, Current: -6225, -5742
[26Sep2026 13:16:19.239] [Server thread/INFO] [net.minecraft.server.MinecraftServer/]: [Chunky] Task running for minecraft:overworld. Processed: 503 chunks (0.00%), ETA: 4075:02:22, Rate: 10.7 cps, Current: -6225, -5727
[26Sep2026 13:16:21.164] [Server thread/INFO] [net.minecraft.server.MinecraftServer/]: [Chunky] Task running for minecraft:overworld. Processed: 512 chunks (0.00%), ETA: 4145:41:06, Rate: 10.5 cps, Current: -6225, -5718
[26Sep2026 13:16:22.483] [Server thread/INFO] [net.minecraft.server.MinecraftServer/]: [Chunky] Task running for minecraft:overworld. Processed: 514 chunks (0.00%), ETA: 4239:03:07, Rate: 10.2 cps, Current: -6225, -5716
[26Sep2026 13:16:23.594] [Server thread/INFO] [net.minecraft.server.MinecraftServer/]: [Chunky] Task running for minecraft:overworld. Processed: 532 chunks (0.00%), ETA: 4298:59:24, Rate: 10.1 cps, Current: -6225, -5698
[26Sep2026 13:16:24.906] [Server thread/INFO] [net.minecraft.server.MinecraftServer/]: [Chunky] Task running for minecraft:overworld. Processed: 542 chunks (0.00%), ETA: 4328:28:17, Rate: 10.0 cps, Current: -6225, -5688
[26Sep2026 13:16:26.178] [Server thread/INFO] [net.minecraft.server.MinecraftServer/]: [Chunky] Task running for minecraft:overworld. Processed: 558 chunks (0.00%), ETA: 4379:14:00, Rate: 9.9 cps, Current: -6225, -5672
[26Sep2026 13:16:27.801] [Server thread/INFO] [net.minecraft.server.MinecraftServer/]: [Chunky] Task running for minecraft:overworld. Processed: 565 chunks (0.00%), ETA: 4526:31:56, Rate: 9.6 cps, Current: -6225, -5665
[26Sep2026 13:16:28.904] [Server thread/INFO] [net.minecraft.server.MinecraftServer/]: [Chunky] Task running for minecraft:overworld. Processed: 582 chunks (0.00%), ETA: 4605:20:43, Rate: 9.4 cps, Current: -6225, -5648
[26Sep2026 13:16:30.083] [Server thread/INFO] [net.minecraft.server.MinecraftServer/]: [Chunky] Task running for minecraft:overworld. Processed: 592 chunks (0.00%), ETA: 4528:35:49, Rate: 9.6 cps, Current: -6225, -5638
[26Sep2026 13:16:31.113] [Server thread/INFO] [net.minecraft.server.MinecraftServer/]: [Chunky] Task running for minecraft:overworld. Processed: 611 chunks (0.00%), ETA: 4527:21:06, Rate: 9.6 cps, Current: -6225, -5619
[26Sep2026 13:16:32.186] [Server thread/INFO] [net.minecraft.server.MinecraftServer/]: [Chunky] Task running for minecraft:overworld. Processed: 615 chunks (0.00%), ETA: 4615:46:33, Rate: 9.4 cps, Current: -6225, -5615
[26Sep2026 13:16:33.330] [Server thread/INFO] [net.minecraft.server.MinecraftServer/]: [Chunky] Task running for minecraft:overworld. Processed: 631 chunks (0.00%), ETA: 4642:33:44, Rate: 9.4 cps, Current: -6225, -5599
[26Sep2026 13:16:34.562] [Server thread/INFO] [net.minecraft.server.MinecraftServer/]: [Chunky] Task running for minecraft:overworld. Processed: 642 chunks (0.00%), ETA: 4651:01:21, Rate: 9.3 cps, Current: -6225, -5588
[26Sep2026 13:16:35.594] [Server thread/INFO] [net.minecraft.server.MinecraftServer/]: [Chunky] Task running for minecraft:overworld. Processed: 662 chunks (0.00%), ETA: 4383:37:39, Rate: 9.9 cps, Current: -6225, -5568
[26Sep2026 13:16:37.261] [Server thread/INFO] [net.minecraft.server.MinecraftServer/]: [Chunky] Task running for minecraft:overworld. Processed: 665 chunks (0.00%), ETA: 4677:34:35, Rate: 9.3 cps, Current: -6225, -5565
[26Sep2026 13:16:38.459] [Server thread/INFO] [net.minecraft.server.MinecraftServer/]: [Chunky] Task running for minecraft:overworld. Processed: 680 chunks (0.00%), ETA: 4647:10:45, Rate: 9.3 cps, Current: -6225, -5550
[26Sep2026 13:16:41.232] [Server thread/INFO] [net.minecraft.server.MinecraftServer/]: [Chunky] Task running for minecraft:overworld. Processed: 692 chunks (0.00%), ETA: 4956:40:11, Rate: 8.8 cps, Current: -6225, -5538
[26Sep2026 13:16:42.284] [Server thread/INFO] [net.minecraft.server.MinecraftServer/]: [Chunky] Task running for minecraft:overworld. Processed: 713 chunks (0.00%), ETA: 4670:02:59, Rate: 9.3 cps, Current: -6225, -5517
[26Sep2026 13:16:43.357] [Server thread/INFO] [net.minecraft.server.MinecraftServer/]: [Chunky] Task running for minecraft:overworld. Processed: 714 chunks (0.00%), ETA: 4947:41:29, Rate: 8.8 cps, Current: -6225, -5516
[26Sep2026 13:16:44.387] [Server thread/INFO] [net.minecraft.server.MinecraftServer/]: [Chunky] Task running for minecraft:overworld. Processed: 739 chunks (0.00%), ETA: 4631:08:05, Rate: 9.4 cps, Current: -6225, -5495
[26Sep2026 13:16:46.178] [Server thread/INFO] [net.minecraft.server.MinecraftServer/]: [Chunky] Task running for minecraft:overworld. Processed: 747 chunks (0.00%), ETA: 4558:56:09, Rate: 9.5 cps, Current: -6225, -5483
[26Sep2026 13:16:47.636] [Server thread/INFO] [net.minecraft.server.MinecraftServer/]: [Chunky] Task running for minecraft:overworld. Processed: 757 chunks (0.00%), ETA: 4760:15:17, Rate: 9.1 cps, Current: -6225, -5473
[26Sep2026 13:16:48.638] [Server thread/INFO] [net.minecraft.server.MinecraftServer/]: [Chunky] Task running for minecraft:overworld. Processed: 767 chunks (0.00%), ETA: 4815:40:14, Rate: 9.0 cps, Current: -6225, -5466
[26Sep2026 13:16:49.762] [Server thread/INFO] [net.minecraft.server.MinecraftServer/]: [Chunky] Task running for minecraft:overworld. Processed: 775 chunks (0.00%), ETA: 4702:22:03, Rate: 9.2 cps, Current: -6225, -5456
[26Sep2026 13:16:51.003] [Server thread/INFO] [net.minecraft.server.MinecraftServer/]: [Chunky] Task running for minecraft:overworld. Processed: 801 chunks (0.00%), ETA: 4466:32:17, Rate: 9.7 cps, Current: -6225, -5429
[26Sep2026 13:16:52.112] [Server thread/INFO] [net.minecraft.server.MinecraftServer/]: [Chunky] Task running for minecraft:overworld. Processed: 808 chunks (0.00%), ETA: 4359:47:06, Rate: 10.0 cps, Current: -6225, -5422
[26Sep2026 13:16:53.151] [Server thread/INFO] [net.minecraft.server.MinecraftServer/]: [Chunky] Task running for minecraft:overworld. Processed: 818 chunks (0.00%), ETA: 4470:34:22, Rate: 9.7 cps, Current: -6225, -5412
[26Sep2026 13:16:54.158] [Server thread/INFO] [net.minecraft.server.MinecraftServer/]: [Chunky] Task running for minecraft:overworld. Processed: 830 chunks (0.00%), ETA: 4393:49:17, Rate: 9.9 cps, Current: -6225, -5400
[26Sep2026 13:16:55.159] [Server thread/INFO] [net.minecraft.server.MinecraftServer/]: [Chunky] Task running for minecraft:overworld. Processed: 851 chunks (0.00%), ETA: 4279:13:49, Rate: 10.1 cps, Current: -6225, -5379
[26Sep2026 13:16:56.329] [Server thread/INFO] [net.minecraft.server.MinecraftServer/]: [Chunky] Task running for minecraft:overworld. Processed: 855 chunks (0.00%), ETA: 4255:37:16, Rate: 10.2 cps, Current: -6225, -5375
[26Sep2026 13:16:57.347] [Server thread/INFO] [net.minecraft.server.MinecraftServer/]: [Chunky] Task running for minecraft:overworld. Processed: 867 chunks (0.00%), ETA: 4232:46:57, Rate: 10.3 cps, Current: -6225, -5363
[26Sep2026 13:16:58.491] [Server thread/INFO] [net.minecraft.server.MinecraftServer/]: [Chunky] Task running for minecraft:overworld. Processed: 875 chunks (0.00%), ETA: 4368:33:31, Rate: 9.9 cps, Current: -6225, -5345
[26Sep2026 13:17:00.540] [Server thread/INFO] [net.minecraft.server.MinecraftServer/]: [Chunky] Task running for minecraft:overworld. Processed: 902 chunks (0.00%), ETA: 4374:41:36, Rate: 9.9 cps, Current: -6225, -5328
[26Sep2026 13:17:01.602] [Server thread/INFO] [net.minecraft.server.MinecraftServer/]: [Chunky] Task running for minecraft:overworld. Processed: 905 chunks (0.00%), ETA: 4388:05:09, Rate: 9.9 cps, Current: -6225, -5325
[26Sep2026 13:17:02.716] [Server thread/INFO] [net.minecraft.server.MinecraftServer/]: [Chunky] Task running for minecraft:overworld. Processed: 920 chunks (0.00%), ETA: 4398:43:34, Rate: 9.9 cps, Current: -6225, -5305
[26Sep2026 13:17:03.756] [Server thread/INFO] [net.minecraft.server.MinecraftServer/]: [Chunky] Task running for minecraft:overworld. Processed: 936 chunks (0.00%), ETA: 4295:55:05, Rate: 10.1 cps, Current: -6225, -5294
[26Sep2026 13:17:04.832] [Server thread/INFO] [net.minecraft.server.MinecraftServer/]: [Chunky] Task running for minecraft:overworld. Processed: 950 chunks (0.00%), ETA: 4391:51:56, Rate: 9.9 cps, Current: -6225, -5280
[26Sep2026 13:17:06.198] [Server thread/INFO] [net.minecraft.server.MinecraftServer/]: [Chunky] Task running for minecraft:overworld. Processed: 954 chunks (0.00%), ETA: 4331:30:55, Rate: 10.0 cps, Current: -6225, -5276
[26Sep2026 13:17:07.339] [Server thread/INFO] [net.minecraft.server.MinecraftServer/]: [Chunky] Task running for minecraft:overworld. Processed: 976 chunks (0.00%), ETA: 4220:56:52, Rate: 10.3 cps, Current: -6225, -5254
[26Sep2026 13:17:08.341] [Server thread/INFO] [net.minecraft.server.MinecraftServer/]: [Chunky] Task running for minecraft:overworld. Processed: 988 chunks (0.00%), ETA: 4197:55:56, Rate: 10.3 cps, Current: -6225, -5242
[26Sep2026 13:17:09.795] [Server thread/INFO] [net.minecraft.server.MinecraftServer/]: [Chunky] Task running for minecraft:overworld. Processed: 1003 chunks (0.00%), ETA: 3974:03:03, Rate: 10.9 cps, Current: -6225, -5224
[26Sep2026 13:17:10.819] [Server thread/INFO] [net.minecraft.server.MinecraftServer/]: [Chunky] Task running for minecraft:overworld. Processed: 1010 chunks (0.00%), ETA: 4026:11:30, Rate: 10.8 cps, Current: -6225, -5221
[26Sep2026 13:17:11.835] [Server thread/INFO] [net.minecraft.server.MinecraftServer/]: [Chunky] Task running for minecraft:overworld. Processed: 1031 chunks (0.00%), ETA: 4021:17:32, Rate: 10.8 cps, Current: -6225, -5199
[26Sep2026 13:17:12.904] [Server thread/INFO] [net.minecraft.server.MinecraftServer/]: [Chunky] Task running for minecraft:overworld. Processed: 1041 chunks (0.00%), ETA: 3910:17:23, Rate: 11.1 cps, Current: -6225, -5189
[26Sep2026 13:17:14.686] [Server thread/INFO] [net.minecraft.server.MinecraftServer/]: [Chunky] Task running for minecraft:overworld. Processed: 1053 chunks (0.00%), ETA: 4030:59:48, Rate: 10.8 cps, Current: -6225, -5177
[26Sep2026 13:17:15.689] [Server thread/INFO] [net.minecraft.server.MinecraftServer/]: [Chunky] Task running for minecraft:overworld. Processed: 1061 chunks (0.00%), ETA: 4066:50:35, Rate: 10.7 cps, Current: -6225, -5169
[26Sep2026 13:17:16.806] [Server thread/INFO] [net.minecraft.server.MinecraftServer/]: [Chunky] Task running for minecraft:overworld. Processed: 1084 chunks (0.00%), ETA: 3860:31:36, Rate: 11.2 cps, Current: -6225, -5146
[26Sep2026 13:17:17.899] [Server thread/INFO] [net.minecraft.server.MinecraftServer/]: [Chunky] Task running for minecraft:overworld. Processed: 1093 chunks (0.00%), ETA: 3884:32:44, Rate: 11.2 cps, Current: -6225, -5137
[26Sep2026 13:17:19.630] [Server thread/INFO] [net.minecraft.server.MinecraftServer/]: [Chunky] Task running for minecraft:overworld. Processed: 1103 chunks (0.00%), ETA: 3940:53:19, Rate: 11.0 cps, Current: -6225, -5127
[26Sep2026 13:17:20.732] [Server thread/INFO] [net.minecraft.server.MinecraftServer/]: [Chunky] Task running for minecraft:overworld. Processed: 1106 chunks (0.00%), ETA: 4217:14:19, Rate: 10.3 cps, Current: -6225, -5124
[26Sep2026 13:17:21.754] [Server thread/INFO] [net.minecraft.server.MinecraftServer/]: [Chunky] Task running for minecraft:overworld. Processed: 1133 chunks (0.00%), ETA: 3947:11:36, Rate: 11.0 cps, Current: -6225, -5097
[26Sep2026 13:17:22.939] [Server thread/INFO] [net.minecraft.server.MinecraftServer/]: [Chunky] Task running for minecraft:overworld. Processed: 1139 chunks (0.00%), ETA: 4015:46:28, Rate: 10.8 cps, Current: -6225, -5091
[26Sep2026 13:17:24.016] [Server thread/INFO] [net.minecraft.server.MinecraftServer/]: [Chunky] Task running for minecraft:overworld. Processed: 1151 chunks (0.00%), ETA: 4025:12:39, Rate: 10.8 cps, Current: -6225, -5081
[26Sep2026 13:17:25.552] [Server thread/INFO] [net.minecraft.server.MinecraftServer/]: [Chunky] Task running for minecraft:overworld. Processed: 1155 chunks (0.00%), ETA: 4214:27:41, Rate: 10.3 cps, Current: -6225, -5075
[26Sep2026 13:17:26.589] [Server thread/INFO] [net.minecraft.server.MinecraftServer/]: [Chunky] Task running for minecraft:overworld. Processed: 1182 chunks (0.00%), ETA: 4017:09:17, Rate: 10.8 cps, Current: -6225, -5048
[26Sep2026 13:17:27.697] [Server thread/INFO] [net.minecraft.server.MinecraftServer/]: [Chunky] Task running for minecraft:overworld. Processed: 1190 chunks (0.00%), ETA: 4012:04:18, Rate: 10.8 cps, Current: -6225, -5041
[26Sep2026 13:17:28.720] [Server thread/INFO] [net.minecraft.server.MinecraftServer/]: [Chunky] Task running for minecraft:overworld. Processed: 1199 chunks (0.00%), ETA: 4104:48:33, Rate: 10.6 cps, Current: -6225, -5031
[26Sep2026 13:17:30.788] [Server thread/INFO] [net.minecraft.server.MinecraftServer/]: [Chunky] Task running for minecraft:overworld. Processed: 1205 chunks (0.00%), ETA: 4209:07:27, Rate: 10.3 cps, Current: -6225, -5025
[26Sep2026 13:17:31.793] [Server thread/INFO] [net.minecraft.server.MinecraftServer/]: [Chunky] Task running for minecraft:overworld. Processed: 1236 chunks (0.00%), ETA: 3981:44:57, Rate: 10.9 cps, Current: -6225, -4994
[26Sep2026 13:17:33.052] [Server thread/INFO] [net.minecraft.server.MinecraftServer/]: [Chunky] Task running for minecraft:overworld. Processed: 1240 chunks (0.00%), ETA: 4169:34:39, Rate: 10.4 cps, Current: -6225, -4990
[26Sep2026 13:17:34.067] [Server thread/INFO] [net.minecraft.server.MinecraftServer/]: [Chunky] Task running for minecraft:overworld. Processed: 1252 chunks (0.00%), ETA: 4188:21:35, Rate: 10.4 cps, Current: -6225, -4978
[26Sep2026 13:17:35.658] [Server thread/INFO] [net.minecraft.server.MinecraftServer/]: [Chunky] Task running for minecraft:overworld. Processed: 1255 chunks (0.00%), ETA: 4234:34:12, Rate: 10.3 cps, Current: -6225, -4975
[26Sep2026 13:17:36.789] [Server thread/INFO] [net.minecraft.server.MinecraftServer/]: [Chunky] Task running for minecraft:overworld. Processed: 1284 chunks (0.00%), ETA: 4137:22:34, Rate: 10.5 cps, Current: -6225, -4946
[26Sep2026 13:17:37.845] [Server thread/INFO] [net.minecraft.server.MinecraftServer/]: [Chunky] Task running for minecraft:overworld. Processed: 1289 chunks (0.00%), ETA: 4240:53:37, Rate: 10.2 cps, Current: -6225, -4941
[26Sep2026 13:17:38.962] [Server thread/INFO] [net.minecraft.server.MinecraftServer/]: [Chunky] Task running for minecraft:overworld. Processed: 1301 chunks (0.00%), ETA: 4234:31:04, Rate: 10.3 cps, Current: -6225, -4929
[26Sep2026 13:17:40.640] [Server thread/INFO] [net.minecraft.server.MinecraftServer/]: [Chunky] Task running for minecraft:overworld. Processed: 1305 chunks (0.00%), ETA: 4373:20:46, Rate: 9.9 cps, Current: -6225, -4925
[26Sep2026 13:17:41.706] [Server thread/INFO] [net.minecraft.server.MinecraftServer/]: [Chunky] Task running for minecraft:overworld. Processed: 1334 chunks (0.00%), ETA: 4265:23:49, Rate: 10.2 cps, Current: -6225, -4896
[26Sep2026 13:17:43.033] [Server thread/INFO] [net.minecraft.server.MinecraftServer/]: [Chunky] Task running for minecraft:overworld. Processed: 1339 chunks (0.00%), ETA: 4287:32:35, Rate: 10.1 cps, Current: -6225, -4877
[26Sep2026 13:17:44.356] [Server thread/INFO] [net.minecraft.server.MinecraftServer/]: [Chunky] Task running for minecraft:overworld. Processed: 1355 chunks (0.00%), ETA: 4250:32:03, Rate: 10.2 cps, Current: -6225, -4875
[26Sep2026 13:17:45.754] [Server thread/INFO] [net.minecraft.server.MinecraftServer/]: [Chunky] Task running for minecraft:overworld. Processed: 1359 chunks (0.00%), ETA: 4552:47:27, Rate: 9.5 cps, Current: -6225, -4871
[26Sep2026 13:17:46.834] [Server thread/INFO] [net.minecraft.server.MinecraftServer/]: [Chunky] Task running for minecraft:overworld. Processed: 1386 chunks (0.00%), ETA: 4272:16:34, Rate: 10.2 cps, Current: -6225, -4844
[26Sep2026 13:17:48.654] [Server thread/INFO] [net.minecraft.server.MinecraftServer/]: [Chunky] Task running for minecraft:overworld. Processed: 1389 chunks (0.00%), ETA: 4389:47:17, Rate: 9.9 cps, Current: -6225, -4841
[26Sep2026 13:17:50.086] [Server thread/INFO] [net.minecraft.server.MinecraftServer/]: [Chunky] Task running for minecraft:overworld. Processed: 1405 chunks (0.00%), ETA: 4247:36:11, Rate: 10.2 cps, Current: -6225, -4825
[26Sep2026 13:17:51.280] [Server thread/INFO] [net.minecraft.server.MinecraftServer/]: [Chunky] Task running for minecraft:overworld. Processed: 1409 chunks (0.00%), ETA: 4627:05:23, Rate: 9.4 cps, Current: -6225, -4821
[26Sep2026 13:17:52.635] [Server thread/INFO] [net.minecraft.server.MinecraftServer/]: [Chunky] Task running for minecraft:overworld. Processed: 1439 chunks (0.00%), ETA: 4282:40:06, Rate: 10.1 cps, Current: -6225, -4791
[26Sep2026 13:17:53.637] [Server thread/INFO] [net.minecraft.server.MinecraftServer/]: [Chunky] Task running for minecraft:overworld. Processed: 1450 chunks (0.00%), ETA: 4286:05:29, Rate: 10.1 cps, Current: -6225, -4782
[26Sep2026 13:17:53.827] [Worker-Main-10/WARN] [net.minecraft.world.entity.ai.attributes.AttributeMap/]: Ignoring unknown attribute 'forge:entity_gravity'
[26Sep2026 13:17:53.828] [Worker-Main-10/WARN] [net.minecraft.world.entity.ai.attributes.AttributeMap/]: Ignoring unknown attribute 'forge:entity_gravity'
[26Sep2026 13:17:53.828] [Worker-Main-10/WARN] [net.minecraft.world.entity.ai.attributes.AttributeMap/]: Ignoring unknown attribute 'forge:entity_gravity'
[26Sep2026 13:17:53.829] [Worker-Main-10/WARN] [net.minecraft.world.entity.ai.attributes.AttributeMap/]: Ignoring unknown attribute 'forge:entity_gravity'
[26Sep2026 13:17:53.829] [Worker-Main-10/WARN] [net.minecraft.world.entity.ai.attributes.AttributeMap/]: Ignoring unknown attribute 'forge:entity_gravity'
[26Sep2026 13:17:53.830] [Worker-Main-10/WARN] [net.minecraft.world.entity.ai.attributes.AttributeMap/]: Ignoring unknown attribute 'forge:entity_gravity'
[26Sep2026 13:17:53.830] [Worker-Main-10/WARN] [net.minecraft.world.entity.ai.attributes.AttributeMap/]: Ignoring unknown attribute 'forge:entity_gravity'
[26Sep2026 13:17:53.830] [Worker-Main-10/WARN] [net.minecraft.world.entity.ai.attributes.AttributeMap/]: Ignoring unknown attribute 'forge:entity_gravity'
[26Sep2026 13:17:53.830] [Worker-Main-10/WARN] [net.minecraft.world.entity.ai.attributes.AttributeMap/]: Ignoring unknown attribute 'forge:entity_gravity'
[26Sep2026 13:17:53.830] [Worker-Main-10/WARN] [net.minecraft.world.entity.ai.attributes.AttributeMap/]: Ignoring unknown attribute 'forge:entity_gravity'
[26Sep2026 13:17:53.830] [Worker-Main-10/WARN] [net.minecraft.world.entity.ai.attributes.AttributeMap/]: Ignoring unknown attribute 'forge:entity_gravity'
[26Sep2026 13:17:53.837] [Worker-Main-10/ERROR] [net.minecraft.world.entity.decoration.BlockAttachedEntity/]: Block-attached entity at invalid position: BlockPos{x=-1329, y=109, z=1363}
[26Sep2026 13:17:53.838] [Worker-Main-10/WARN] [net.minecraft.world.entity.ai.attributes.AttributeMap/]: Ignoring unknown attribute 'forge:entity_gravity'
[26Sep2026 13:17:53.838] [Worker-Main-10/WARN] [net.minecraft.world.entity.ai.attributes.AttributeMap/]: Ignoring unknown attribute 'forge:entity_gravity'
[26Sep2026 13:17:53.838] [Worker-Main-10/WARN] [net.minecraft.world.entity.ai.attributes.AttributeMap/]: Ignoring unknown attribute 'forge:entity_gravity'
[26Sep2026 13:17:53.838] [Worker-Main-10/WARN] [net.minecraft.world.entity.ai.attributes.AttributeMap/]: Ignoring unknown attribute 'forge:entity_gravity'
[26Sep2026 13:17:54.733] [Server thread/INFO] [net.minecraft.server.MinecraftServer/]: [Chunky] Task running for minecraft:overworld. Processed: 1457 chunks (0.00%), ETA: 4180:37:05, Rate: 10.4 cps, Current: -6225, -4771
[26Sep2026 13:17:55.356] [Worker-Main-9/WARN] [net.minecraft.world.entity.ai.attributes.AttributeMap/]: Ignoring unknown attribute 'forge:entity_gravity'
[26Sep2026 13:17:55.356] [Worker-Main-9/WARN] [net.minecraft.world.entity.ai.attributes.AttributeMap/]: Ignoring unknown attribute 'forge:entity_gravity'
[26Sep2026 13:17:55.357] [Worker-Main-9/WARN] [net.minecraft.world.entity.ai.attributes.AttributeMap/]: Ignoring unknown attribute 'forge:entity_gravity'
[26Sep2026 13:17:55.357] [Worker-Main-9/WARN] [net.minecraft.world.entity.ai.attributes.AttributeMap/]: Ignoring unknown attribute 'forge:entity_gravity'
[26Sep2026 13:17:55.357] [Worker-Main-9/WARN] [net.minecraft.world.entity.ai.attributes.AttributeMap/]: Ignoring unknown attribute 'forge:entity_gravity'
[26Sep2026 13:17:55.357] [Worker-Main-9/WARN] [net.minecraft.world.entity.ai.attributes.AttributeMap/]: Ignoring unknown attribute 'forge:entity_gravity'
[26Sep2026 13:17:55.357] [Worker-Main-9/WARN] [net.minecraft.world.entity.ai.attributes.AttributeMap/]: Ignoring unknown attribute 'forge:entity_gravity'
[26Sep2026 13:17:55.358] [Worker-Main-9/WARN] [net.minecraft.world.entity.ai.attributes.AttributeMap/]: Ignoring unknown attribute 'forge:entity_gravity'
[26Sep2026 13:17:55.358] [Worker-Main-9/WARN] [net.minecraft.world.entity.ai.attributes.AttributeMap/]: Ignoring unknown attribute 'forge:entity_gravity'
[26Sep2026 13:17:55.358] [Worker-Main-9/WARN] [net.minecraft.world.entity.ai.attributes.AttributeMap/]: Ignoring unknown attribute 'forge:entity_gravity'
[26Sep2026 13:17:55.358] [Worker-Main-9/WARN] [net.minecraft.world.entity.ai.attributes.AttributeMap/]: Ignoring unknown attribute 'forge:entity_gravity'
[26Sep2026 13:17:55.358] [Worker-Main-9/ERROR] [net.minecraft.world.entity.decoration.BlockAttachedEntity/]: Block-attached entity at invalid position: BlockPos{x=-1329, y=109, z=1363}
[26Sep2026 13:17:55.358] [Worker-Main-9/WARN] [net.minecraft.world.entity.ai.attributes.AttributeMap/]: Ignoring unknown attribute 'forge:entity_gravity'
[26Sep2026 13:17:55.359] [Worker-Main-9/WARN] [net.minecraft.world.entity.ai.attributes.AttributeMap/]: Ignoring unknown attribute 'forge:entity_gravity'
[26Sep2026 13:17:55.359] [Worker-Main-9/WARN] [net.minecraft.world.entity.ai.attributes.AttributeMap/]: Ignoring unknown attribute 'forge:entity_gravity'
[26Sep2026 13:17:55.359] [Worker-Main-9/WARN] [net.minecraft.world.entity.ai.attributes.AttributeMap/]: Ignoring unknown attribute 'forge:entity_gravity'
[26Sep2026 13:17:55.470] [Worker-Main-9/WARN] [net.minecraft.world.entity.ai.attributes.AttributeMap/]: Ignoring unknown attribute 'forge:entity_gravity'
[26Sep2026 13:17:55.907] [Server thread/INFO] [net.minecraft.server.MinecraftServer/]: [Chunky] Task running for minecraft:overworld. Processed: 1461 chunks (0.00%), ETA: 4545:15:55, Rate: 9.6 cps, Current: -6225, -4769
[26Sep2026 13:17:57.383] [Server thread/INFO] [net.minecraft.server.MinecraftServer/]: [Chunky] Task running for minecraft:overworld. Processed: 1489 chunks (0.00%), ETA: 4295:29:44, Rate: 10.1 cps, Current: -6225, -4741
[26Sep2026 13:17:58.557] [Server thread/INFO] [net.minecraft.server.MinecraftServer/]: [Chunky] Task running for minecraft:overworld. Processed: 1502 chunks (0.00%), ETA: 4260:40:49, Rate: 10.2 cps, Current: -6225, -4728
[26Sep2026 13:17:59.637] [Server thread/INFO] [net.minecraft.server.MinecraftServer/]: [Chunky] Task running for minecraft:overworld. Processed: 1510 chunks (0.00%), ETA: 4092:31:57, Rate: 10.6 cps, Current: -6225, -4720
[26Sep2026 13:18:00.844] [Server thread/INFO] [net.minecraft.server.MinecraftServer/]: [Chunky] Task running for minecraft:overworld. Processed: 1511 chunks (0.00%), ETA: 4568:59:11, Rate: 9.5 cps, Current: -6225, -4719
[26Sep2026 13:18:02.005] [Server thread/INFO] [net.minecraft.server.MinecraftServer/]: [Chunky] Task running for minecraft:overworld. Processed: 1526 chunks (0.00%), ETA: 4379:20:52, Rate: 9.9 cps, Current: -6225, -4704
[26Sep2026 13:18:03.039] [Server thread/INFO] [net.minecraft.server.MinecraftServer/]: [Chunky] Task running for minecraft:overworld. Processed: 1542 chunks (0.00%), ETA: 4296:13:50, Rate: 10.1 cps, Current: -6225, -4688
[26Sep2026 13:18:04.782] [Server thread/INFO] [net.minecraft.server.MinecraftServer/]: [Chunky] Task running for minecraft:overworld. Processed: 1543 chunks (0.00%), ETA: 4374:34:31, Rate: 9.9 cps, Current: -6225, -4677
[26Sep2026 13:18:05.853] [Server thread/INFO] [net.minecraft.server.MinecraftServer/]: [Chunky] Task running for minecraft:overworld. Processed: 1556 chunks (0.00%), ETA: 4621:25:11, Rate: 9.4 cps, Current: -6225, -4674
[26Sep2026 13:18:07.662] [Server thread/INFO] [net.minecraft.server.MinecraftServer/]: [Chunky] Task running for minecraft:overworld. Processed: 1561 chunks (0.00%), ETA: 4741:09:10, Rate: 9.2 cps, Current: -6225, -4669
[26Sep2026 13:18:08.744] [Server thread/INFO] [net.minecraft.server.MinecraftServer/]: [Chunky] Task running for minecraft:overworld. Processed: 1583 chunks (0.00%), ETA: 4568:15:06, Rate: 9.5 cps, Current: -6225, -4647
[26Sep2026 13:18:09.903] [Server thread/INFO] [net.minecraft.server.MinecraftServer/]: [Chunky] Task running for minecraft:overworld. Processed: 1592 chunks (0.00%), ETA: 4410:42:52, Rate: 9.8 cps, Current: -6225, -4638
[26Sep2026 13:18:10.916] [Server thread/INFO] [net.minecraft.server.MinecraftServer/]: [Chunky] Task running for minecraft:overworld. Processed: 1597 chunks (0.00%), ETA: 4802:58:25, Rate: 9.0 cps, Current: -6225, -4633
[26Sep2026 13:18:11.917] [Server thread/INFO] [net.minecraft.server.MinecraftServer/]: [Chunky] Task running for minecraft:overworld. Processed: 1610 chunks (0.00%), ETA: 4609:40:55, Rate: 9.4 cps, Current: -6225, -4620
[26Sep2026 13:18:13.117] [Server thread/INFO] [net.minecraft.server.MinecraftServer/]: [Chunky] Task running for minecraft:overworld. Processed: 1615 chunks (0.00%), ETA: 4783:40:07, Rate: 9.1 cps, Current: -6225, -4615
[26Sep2026 13:18:14.184] [Server thread/INFO] [net.minecraft.server.MinecraftServer/]: [Chunky] Task running for minecraft:overworld. Processed: 1637 chunks (0.00%), ETA: 4575:27:34, Rate: 9.5 cps, Current: -6225, -4593
[26Sep2026 13:18:15.639] [Server thread/INFO] [net.minecraft.server.MinecraftServer/]: [Chunky] Task running for minecraft:overworld. Processed: 1643 chunks (0.00%), ETA: 4551:52:49, Rate: 9.5 cps, Current: -6225, -4587
[26Sep2026 13:18:16.814] [Server thread/INFO] [net.minecraft.server.MinecraftServer/]: [Chunky] Task running for minecraft:overworld. Processed: 1649 chunks (0.00%), ETA: 4929:34:56, Rate: 8.8 cps, Current: -6225, -4581
[26Sep2026 13:18:18.171] [Server thread/INFO] [net.minecraft.server.MinecraftServer/]: [Chunky] Task running for minecraft:overworld. Processed: 1656 chunks (0.00%), ETA: 4781:10:26, Rate: 9.1 cps, Current: -6225, -4574
[26Sep2026 13:18:19.259] [Server thread/INFO] [net.minecraft.server.MinecraftServer/]: [Chunky] Task running for minecraft:overworld. Processed: 1662 chunks (0.00%), ETA: 4908:26:35, Rate: 8.8 cps, Current: -6225, -4568
[26Sep2026 13:18:20.399] [Server thread/INFO] [net.minecraft.server.MinecraftServer/]: [Chunky] Task running for minecraft:overworld. Processed: 1678 chunks (0.00%), ETA: 4681:36:28, Rate: 9.3 cps, Current: -6225, -4559
[26Sep2026 13:18:21.906] [Server thread/INFO] [net.minecraft.server.MinecraftServer/]: [Chunky] Task running for minecraft:overworld. Processed: 1691 chunks (0.00%), ETA: 5022:15:42, Rate: 8.6 cps, Current: -6225, -4539
[26Sep2026 13:18:22.917] [Server thread/INFO] [net.minecraft.server.MinecraftServer/]: [Chunky] Task running for minecraft:overworld. Processed: 1694 chunks (0.00%), ETA: 5166:56:10, Rate: 8.4 cps, Current: -6225, -4536
[26Sep2026 13:18:24.781] [Server thread/INFO] [net.minecraft.server.MinecraftServer/]: [Chunky] Task running for minecraft:overworld. Processed: 1695 chunks (0.00%), ETA: 5333:36:41, Rate: 8.1 cps, Current: -6225, -4535
[26Sep2026 13:18:25.941] [Server thread/INFO] [net.minecraft.server.MinecraftServer/]: [Chunky] Task running for minecraft:overworld. Processed: 1709 chunks (0.00%), ETA: 5609:13:16, Rate: 7.7 cps, Current: -6225, -4521
[26Sep2026 13:18:27.019] [Server thread/INFO] [net.minecraft.server.MinecraftServer/]: [Chunky] Task running for minecraft:overworld. Processed: 1712 chunks (0.00%), ETA: 5743:11:54, Rate: 7.6 cps, Current: -6225, -4508
[26Sep2026 13:18:28.150] [Server thread/INFO] [net.minecraft.server.MinecraftServer/]: [Chunky] Task running for minecraft:overworld. Processed: 1729 chunks (0.00%), ETA: 5634:15:11, Rate: 7.7 cps, Current: -6225, -4501
[26Sep2026 13:18:29.813] [Server thread/INFO] [net.minecraft.server.MinecraftServer/]: [Chunky] Task running for minecraft:overworld. Processed: 1741 chunks (0.00%), ETA: 5444:00:25, Rate: 8.0 cps, Current: -6225, -4489
[26Sep2026 13:18:31.169] [Server thread/INFO] [net.minecraft.server.MinecraftServer/]: [Chunky] Task running for minecraft:overworld. Processed: 1743 chunks (0.00%), ETA: 5807:16:47, Rate: 7.5 cps, Current: -6225, -4487
[26Sep2026 13:18:32.237] [Server thread/INFO] [net.minecraft.server.MinecraftServer/]: [Chunky] Task running for minecraft:overworld. Processed: 1755 chunks (0.00%), ETA: 5922:43:24, Rate: 7.3 cps, Current: -6225, -4475
[26Sep2026 13:18:33.633] [Server thread/INFO] [net.minecraft.server.MinecraftServer/]: [Chunky] Task running for minecraft:overworld. Processed: 1761 chunks (0.00%), ETA: 5718:43:13, Rate: 7.6 cps, Current: -6225, -4469
[26Sep2026 13:18:34.689] [Server thread/INFO] [net.minecraft.server.MinecraftServer/]: [Chunky] Task running for minecraft:overworld. Processed: 1766 chunks (0.00%), ETA: 5795:42:49, Rate: 7.5 cps, Current: -6225, -4464
[26Sep2026 13:18:35.750] [Server thread/INFO] [net.minecraft.server.MinecraftServer/]: [Chunky] Task running for minecraft:overworld. Processed: 1781 chunks (0.00%), ETA: 5742:30:10, Rate: 7.6 cps, Current: -6225, -4450
[26Sep2026 13:18:37.644] [Server thread/INFO] [net.minecraft.server.MinecraftServer/]: [Chunky] Task running for minecraft:overworld. Processed: 1791 chunks (0.00%), ETA: 5634:10:44, Rate: 7.7 cps, Current: -6225, -4439
[26Sep2026 13:18:39.005] [Server thread/INFO] [net.minecraft.server.MinecraftServer/]: [Chunky] Task running for minecraft:overworld. Processed: 1797 chunks (0.00%), ETA: 6132:30:03, Rate: 7.1 cps, Current: -6225, -4434
[26Sep2026 13:18:40.006] [Server thread/INFO] [net.minecraft.server.MinecraftServer/]: [Chunky] Task running for minecraft:overworld. Processed: 1808 chunks (0.00%), ETA: 5956:28:55, Rate: 7.3 cps, Current: -6225, -4422
[26Sep2026 13:18:41.042] [Server thread/INFO] [net.minecraft.server.MinecraftServer/]: [Chunky] Task running for minecraft:overworld. Processed: 1815 chunks (0.00%), ETA: 6137:20:49, Rate: 7.1 cps, Current: -6225, -4415
[26Sep2026 13:18:42.251] [Server thread/INFO] [net.minecraft.server.MinecraftServer/]: [Chunky] Task running for minecraft:overworld. Processed: 1836 chunks (0.00%), ETA: 5696:46:29, Rate: 7.6 cps, Current: -6225, -4394
[26Sep2026 13:18:43.463] [Server thread/INFO] [net.minecraft.server.MinecraftServer/]: [Chunky] Task running for minecraft:overworld. Processed: 1843 chunks (0.00%), ETA: 6139:46:55, Rate: 7.1 cps, Current: -6225, -4387
[26Sep2026 13:18:44.644] [Server thread/INFO] [net.minecraft.server.MinecraftServer/]: [Chunky] Task running for minecraft:overworld. Processed: 1854 chunks (0.00%), ETA: 5939:04:32, Rate: 7.3 cps, Current: -6225, -4376
[26Sep2026 13:18:45.753] [Server thread/INFO] [net.minecraft.server.MinecraftServer/]: [Chunky] Task running for minecraft:overworld. Processed: 1865 chunks (0.00%), ETA: 5862:11:21, Rate: 7.4 cps, Current: -6225, -4365
[26Sep2026 13:18:46.773] [Server thread/INFO] [net.minecraft.server.MinecraftServer/]: [Chunky] Task running for minecraft:overworld. Processed: 1889 chunks (0.00%), ETA: 5396:04:10, Rate: 8.0 cps, Current: -6225, -4341
[26Sep2026 13:18:48.035] [Server thread/INFO] [net.minecraft.server.MinecraftServer/]: [Chunky] Task running for minecraft:overworld. Processed: 1891 chunks (0.00%), ETA: 5493:06:10, Rate: 7.9 cps, Current: -6225, -4339
[26Sep2026 13:18:49.196] [Server thread/INFO] [net.minecraft.server.MinecraftServer/]: [Chunky] Task running for minecraft:overworld. Processed: 1904 chunks (0.00%), ETA: 5347:54:19, Rate: 8.1 cps, Current: -6225, -4326
[26Sep2026 13:18:50.533] [Server thread/INFO] [net.minecraft.server.MinecraftServer/]: [Chunky] Task running for minecraft:overworld. Processed: 1918 chunks (0.00%), ETA: 5450:19:42, Rate: 8.0 cps, Current: -6225, -4312
[26Sep2026 13:18:51.546] [Server thread/INFO] [net.minecraft.server.MinecraftServer/]: [Chunky] Task running for minecraft:overworld. Processed: 1939 chunks (0.00%), ETA: 5167:15:42, Rate: 8.4 cps, Current: -6225, -4291
[26Sep2026 13:18:52.790] [Server thread/INFO] [net.minecraft.server.MinecraftServer/]: [Chunky] Task running for minecraft:overworld. Processed: 1943 chunks (0.00%), ETA: 5187:13:25, Rate: 8.4 cps, Current: -6225, -4287
[26Sep2026 13:18:53.802] [Server thread/INFO] [net.minecraft.server.MinecraftServer/]: [Chunky] Task running for minecraft:overworld. Processed: 1956 chunks (0.00%), ETA: 4808:18:43, Rate: 9.0 cps, Current: -6225, -4275
[26Sep2026 13:18:54.852] [Server thread/INFO] [net.minecraft.server.MinecraftServer/]: [Chunky] Task running for minecraft:overworld. Processed: 1968 chunks (0.00%), ETA: 4827:06:01, Rate: 9.0 cps, Current: -6225, -4255
[26Sep2026 13:18:55.890] [Server thread/INFO] [net.minecraft.server.MinecraftServer/]: [Chunky] Task running for minecraft:overworld. Processed: 1984 chunks (0.00%), ETA: 4710:31:27, Rate: 9.2 cps, Current: -6225, -4246
[26Sep2026 13:18:57.278] [Server thread/INFO] [net.minecraft.server.MinecraftServer/]: [Chunky] Task running for minecraft:overworld. Processed: 1991 chunks (0.00%), ETA: 4807:41:21, Rate: 9.0 cps, Current: -6225, -4239
[26Sep2026 13:18:58.352] [Server thread/INFO] [net.minecraft.server.MinecraftServer/]: [Chunky] Task running for minecraft:overworld. Processed: 1996 chunks (0.00%), ETA: 4839:16:27, Rate: 9.0 cps, Current: -6225, -4234
[26Sep2026 13:18:59.709] [Server thread/INFO] [net.minecraft.server.MinecraftServer/]: [Chunky] Task running for minecraft:overworld. Processed: 2012 chunks (0.00%), ETA: 4771:10:39, Rate: 9.1 cps, Current: -6225, -4218
[26Sep2026 13:19:00.966] [Server thread/INFO] [net.minecraft.server.MinecraftServer/]: [Chunky] Task running for minecraft:overworld. Processed: 2019 chunks (0.00%), ETA: 4669:32:26, Rate: 9.3 cps, Current: -6225, -4211
[26Sep2026 13:19:02.178] [Server thread/INFO] [net.minecraft.server.MinecraftServer/]: [Chunky] Task running for minecraft:overworld. Processed: 2038 chunks (0.00%), ETA: 4576:27:22, Rate: 9.5 cps, Current: -6225, -4192
[26Sep2026 13:19:03.548] [Server thread/INFO] [net.minecraft.server.MinecraftServer/]: [Chunky] Task running for minecraft:overworld. Processed: 2041 chunks (0.00%), ETA: 4621:08:38, Rate: 9.4 cps, Current: -6225, -4185
[26Sep2026 13:19:04.676] [Server thread/INFO] [net.minecraft.server.MinecraftServer/]: [Chunky] Task running for minecraft:overworld. Processed: 2047 chunks (0.00%), ETA: 4615:59:38, Rate: 9.4 cps, Current: -6225, -4183
[26Sep2026 13:19:07.585] [Server thread/INFO] [net.minecraft.server.MinecraftServer/]: [Chunky] Task running for minecraft:overworld. Processed: 2067 chunks (0.00%), ETA: 4692:06:20, Rate: 9.3 cps, Current: -6225, -4163
[26Sep2026 13:19:08.590] [Server thread/INFO] [net.minecraft.server.MinecraftServer/]: [Chunky] Task running for minecraft:overworld. Processed: 2071 chunks (0.00%), ETA: 4670:02:05, Rate: 9.3 cps, Current: -6225, -4161
[26Sep2026 13:19:09.678] [Server thread/INFO] [net.minecraft.server.MinecraftServer/]: [Chunky] Task running for minecraft:overworld. Processed: 2085 chunks (0.00%), ETA: 4633:04:02, Rate: 9.4 cps, Current: -6225, -4145
[26Sep2026 13:19:10.948] [Server thread/INFO] [net.minecraft.server.MinecraftServer/]: [Chunky] Task running for minecraft:overworld. Processed: 2086 chunks (0.00%), ETA: 4772:46:17, Rate: 9.1 cps, Current: -6225, -4144
[26Sep2026 13:19:12.006] [Server thread/INFO] [net.minecraft.server.MinecraftServer/]: [Chunky] Task running for minecraft:overworld. Processed: 2093 chunks (0.00%), ETA: 5006:21:09, Rate: 8.7 cps, Current: -6225, -4137
[26Sep2026 13:19:13.067] [Server thread/INFO] [net.minecraft.server.MinecraftServer/]: [Chunky] Task running for minecraft:overworld. Processed: 2112 chunks (0.00%), ETA: 4759:34:14, Rate: 9.1 cps, Current: -6225, -4125
[26Sep2026 13:19:15.001] [Server thread/INFO] [net.minecraft.server.MinecraftServer/]: [Chunky] Task running for minecraft:overworld. Processed: 2118 chunks (0.00%), ETA: 4981:54:57, Rate: 8.7 cps, Current: -6225, -4112
[26Sep2026 13:19:16.171] [Server thread/INFO] [net.minecraft.server.MinecraftServer/]: [Chunky] Task running for minecraft:overworld. Processed: 2134 chunks (0.00%), ETA: 5150:03:32, Rate: 8.4 cps, Current: -6225, -4096
[26Sep2026 13:19:17.617] [Server thread/INFO] [net.minecraft.server.MinecraftServer/]: [Chunky] Task running for minecraft:overworld. Processed: 2138 chunks (0.00%), ETA: 5177:45:49, Rate: 8.4 cps, Current: -6225, -4092
[26Sep2026 13:19:18.816] [Server thread/INFO] [net.minecraft.server.MinecraftServer/]: [Chunky] Task running for minecraft:overworld. Processed: 2142 chunks (0.00%), ETA: 5379:49:32, Rate: 8.1 cps, Current: -6225, -4088
[26Sep2026 13:19:19.869] [Server thread/INFO] [net.minecraft.server.MinecraftServer/]: [Chunky] Task running for minecraft:overworld. Processed: 2156 chunks (0.00%), ETA: 5328:14:34, Rate: 8.1 cps, Current: -6225, -4074
[26Sep2026 13:19:22.156] [Server thread/INFO] [net.minecraft.server.MinecraftServer/]: [Chunky] Task running for minecraft:overworld. Processed: 2168 chunks (0.00%), ETA: 5640:29:47, Rate: 7.7 cps, Current: -6225, -4062
[26Sep2026 13:19:23.215] [Server thread/INFO] [net.minecraft.server.MinecraftServer/]: [Chunky] Task running for minecraft:overworld. Processed: 2185 chunks (0.00%), ETA: 5551:16:15, Rate: 7.8 cps, Current: -6225, -4045
[26Sep2026 13:19:24.968] [Server thread/INFO] [net.minecraft.server.MinecraftServer/]: [Chunky] Task running for minecraft:overworld. Processed: 2189 chunks (0.00%), ETA: 6127:25:41, Rate: 7.1 cps, Current: -6225, -4041
[26Sep2026 13:19:26.287] [Server thread/INFO] [net.minecraft.server.MinecraftServer/]: [Chunky] Task running for minecraft:overworld. Processed: 2192 chunks (0.00%), ETA: 6233:56:07, Rate: 7.0 cps, Current: -6225, -4038
[26Sep2026 13:19:27.308] [Server thread/INFO] [net.minecraft.server.MinecraftServer/]: [Chunky] Task running for minecraft:overworld. Processed: 2212 chunks (0.00%), ETA: 5792:24:55, Rate: 7.5 cps, Current: -6225, -4018
[26Sep2026 13:19:29.246] [Server thread/INFO] [net.minecraft.server.MinecraftServer/]: [Chunky] Task running for minecraft:overworld. Processed: 2218 chunks (0.00%), ETA: 6194:04:51, Rate: 7.0 cps, Current: -6225, -4012
[26Sep2026 13:19:30.248] [Server thread/INFO] [net.minecraft.server.MinecraftServer/]: [Chunky] Task running for minecraft:overworld. Processed: 2228 chunks (0.00%), ETA: 6052:52:57, Rate: 7.2 cps, Current: -6225, -4002
[26Sep2026 13:19:31.723] [Server thread/INFO] [net.minecraft.server.MinecraftServer/]: [Chunky] Task running for minecraft:overworld. Processed: 2235 chunks (0.00%), ETA: 6477:23:00, Rate: 6.7 cps, Current: -6225, -3995
[26Sep2026 13:19:33.140] [Server thread/INFO] [net.minecraft.server.MinecraftServer/]: [Chunky] Task running for minecraft:overworld. Processed: 2241 chunks (0.00%), ETA: 6391:04:19, Rate: 6.8 cps, Current: -6225, -3989
[26Sep2026 13:19:34.182] [Server thread/INFO] [net.minecraft.server.MinecraftServer/]: [Chunky] Task running for minecraft:overworld. Processed: 2255 chunks (0.00%), ETA: 6128:09:34, Rate: 7.1 cps, Current: -6225, -3975
[26Sep2026 13:19:36.337] [Server thread/INFO] [net.minecraft.server.MinecraftServer/]: [Chunky] Task running for minecraft:overworld. Processed: 2268 chunks (0.00%), ETA: 6178:42:14, Rate: 7.0 cps, Current: -6225, -3957
[26Sep2026 13:19:37.379] [Server thread/INFO] [net.minecraft.server.MinecraftServer/]: [Chunky] Task running for minecraft:overworld. Processed: 2277 chunks (0.00%), ETA: 6129:31:41, Rate: 7.1 cps, Current: -6225, -3953
[26Sep2026 13:19:38.729] [Server thread/INFO] [net.minecraft.server.MinecraftServer/]: [Chunky] Task running for minecraft:overworld. Processed: 2285 chunks (0.00%), ETA: 6261:39:12, Rate: 6.9 cps, Current: -6225, -3945
[26Sep2026 13:19:40.141] [Server thread/INFO] [net.minecraft.server.MinecraftServer/]: [Chunky] Task running for minecraft:overworld. Processed: 2291 chunks (0.00%), ETA: 6151:39:27, Rate: 7.1 cps, Current: -6225, -3939
[26Sep2026 13:19:42.168] [Server thread/INFO] [net.minecraft.server.MinecraftServer/]: [Chunky] Task running for minecraft:overworld. Processed: 2304 chunks (0.00%), ETA: 6545:32:59, Rate: 6.6 cps, Current: -6225, -3926
[26Sep2026 13:19:43.456] [Server thread/INFO] [net.minecraft.server.MinecraftServer/]: [Chunky] Task running for minecraft:overworld. Processed: 2318 chunks (0.00%), ETA: 6145:18:00, Rate: 7.1 cps, Current: -6225, -3912
[26Sep2026 13:19:45.522] [Server thread/INFO] [net.minecraft.server.MinecraftServer/]: [Chunky] Task running for minecraft:overworld. Processed: 2326 chunks (0.00%), ETA: 6601:33:12, Rate: 6.6 cps, Current: -6225, -3904
[26Sep2026 13:19:46.846] [Server thread/INFO] [net.minecraft.server.MinecraftServer/]: [Chunky] Task running for minecraft:overworld. Processed: 2338 chunks (0.00%), ETA: 6312:40:21, Rate: 6.9 cps, Current: -6225, -3892
[26Sep2026 13:19:48.592] [Server thread/INFO] [net.minecraft.server.MinecraftServer/]: [Chunky] Task running for minecraft:overworld. Processed: 2341 chunks (0.00%), ETA: 6462:31:32, Rate: 6.7 cps, Current: -6225, -3889
[26Sep2026 13:19:49.632] [Server thread/INFO] [net.minecraft.server.MinecraftServer/]: [Chunky] Task running for minecraft:overworld. Processed: 2355 chunks (0.00%), ETA: 6459:55:13, Rate: 6.7 cps, Current: -6225, -3877
[26Sep2026 13:19:51.003] [Server thread/INFO] [net.minecraft.server.MinecraftServer/]: [Chunky] Task running for minecraft:overworld. Processed: 2364 chunks (0.00%), ETA: 6356:27:12, Rate: 6.8 cps, Current: -6225, -3866
[26Sep2026 13:19:52.048] [Server thread/INFO] [net.minecraft.server.MinecraftServer/]: [Chunky] Task running for minecraft:overworld. Processed: 2370 chunks (0.00%), ETA: 6392:02:17, Rate: 6.8 cps, Current: -6225, -3860
[26Sep2026 13:19:53.216] [Server thread/INFO] [net.minecraft.server.MinecraftServer/]: [Chunky] Task running for minecraft:overworld. Processed: 2384 chunks (0.00%), ETA: 6256:13:12, Rate: 6.9 cps, Current: -6225, -3846
[26Sep2026 13:19:54.893] [Server thread/INFO] [net.minecraft.server.MinecraftServer/]: [Chunky] Task running for minecraft:overworld. Processed: 2389 chunks (0.00%), ETA: 6462:33:02, Rate: 6.7 cps, Current: -6225, -3841
[26Sep2026 13:19:55.941] [Server thread/INFO] [net.minecraft.server.MinecraftServer/]: [Chunky] Task running for minecraft:overworld. Processed: 2393 chunks (0.00%), ETA: 6372:32:08, Rate: 6.8 cps, Current: -6225, -3838
[26Sep2026 13:19:56.960] [Server thread/INFO] [net.minecraft.server.MinecraftServer/]: [Chunky] Task running for minecraft:overworld. Processed: 2408 chunks (0.00%), ETA: 6533:50:01, Rate: 6.6 cps, Current: -6225, -3822
[26Sep2026 13:19:58.087] [Server thread/INFO] [net.minecraft.server.MinecraftServer/]: [Chunky] Task running for minecraft:overworld. Processed: 2417 chunks (0.00%), ETA: 6259:48:07, Rate: 6.9 cps, Current: -6225, -3813
[26Sep2026 13:19:59.189] [Server thread/INFO] [net.minecraft.server.MinecraftServer/]: [Chunky] Task running for minecraft:overworld. Processed: 2422 chunks (0.00%), ETA: 6340:28:26, Rate: 6.8 cps, Current: -6225, -3808
[26Sep2026 13:20:00.929] [Server thread/INFO] [net.minecraft.server.MinecraftServer/]: [Chunky] Task running for minecraft:overworld. Processed: 2433 chunks (0.00%), ETA: 6370:52:38, Rate: 6.8 cps, Current: -6225, -3797
[26Sep2026 13:20:02.343] [Server thread/INFO] [net.minecraft.server.MinecraftServer/]: [Chunky] Task running for minecraft:overworld. Processed: 2441 chunks (0.00%), ETA: 6306:50:14, Rate: 6.9 cps, Current: -6225, -3789
[26Sep2026 13:20:03.746] [Server thread/INFO] [net.minecraft.server.MinecraftServer/]: [Chunky] Task running for minecraft:overworld. Processed: 2442 chunks (0.00%), ETA: 6826:32:02, Rate: 6.4 cps, Current: -6225, -3788
[26Sep2026 13:20:04.749] [Server thread/INFO] [net.minecraft.server.MinecraftServer/]: [Chunky] Task running for minecraft:overworld. Processed: 2459 chunks (0.00%), ETA: 6423:38:00, Rate: 6.8 cps, Current: -6225, -3772
[26Sep2026 13:20:06.503] [Server thread/INFO] [net.minecraft.server.MinecraftServer/]: [Chunky] Task running for minecraft:overworld. Processed: 2468 chunks (0.00%), ETA: 6584:36:29, Rate: 6.6 cps, Current: -6225, -3762
[26Sep2026 13:20:07.689] [Server thread/INFO] [net.minecraft.server.MinecraftServer/]: [Chunky] Task running for minecraft:overworld. Processed: 2476 chunks (0.00%), ETA: 6547:45:19, Rate: 6.6 cps, Current: -6225, -3754
[26Sep2026 13:20:09.185] [Server thread/INFO] [net.minecraft.server.MinecraftServer/]: [Chunky] Task running for minecraft:overworld. Processed: 2482 chunks (0.00%), ETA: 6566:31:14, Rate: 6.6 cps, Current: -6225, -3748
[26Sep2026 13:20:10.243] [Server thread/INFO] [net.minecraft.server.MinecraftServer/]: [Chunky] Task running for minecraft:overworld. Processed: 2491 chunks (0.00%), ETA: 6482:29:31, Rate: 6.7 cps, Current: -6225, -3739
[26Sep2026 13:20:11.894] [Server thread/INFO] [net.minecraft.server.MinecraftServer/]: [Chunky] Task running for minecraft:overworld. Processed: 2502 chunks (0.00%), ETA: 6484:05:13, Rate: 6.7 cps, Current: -6225, -3729
[26Sep2026 13:20:12.704] [Server thread/INFO] [dev.ryanhcode.sable.Sable/]: Saving sub-levels for level 'ServerLevel[worldGenTest1]'/minecraft:overworld
[26Sep2026 13:20:12.717] [Server thread/INFO] [dev.ryanhcode.sable.Sable/]: Saving sub-levels for level 'ServerLevel[worldGenTest1]'/minecraft:the_nether
[26Sep2026 13:20:12.718] [Server thread/INFO] [dev.ryanhcode.sable.Sable/]: Saving sub-levels for level 'ServerLevel[worldGenTest1]'/minecraft:the_end
[26Sep2026 13:20:13.450] [Server thread/INFO] [net.minecraft.server.MinecraftServer/]: [Chunky] Task running for minecraft:overworld. Processed: 2518 chunks (0.00%), ETA: 6477:39:46, Rate: 6.7 cps, Current: -6225, -3712
[26Sep2026 13:20:14.534] [Server thread/INFO] [net.minecraft.server.MinecraftServer/]: [Chunky] Task running for minecraft:overworld. Processed: 2522 chunks (0.00%), ETA: 6392:48:17, Rate: 6.8 cps, Current: -6225, -3708
[26Sep2026 13:20:16.334] [Server thread/INFO] [net.minecraft.server.MinecraftServer/]: [Chunky] Task running for minecraft:overworld. Processed: 2533 chunks (0.00%), ETA: 6530:50:33, Rate: 6.6 cps, Current: -6225, -3698
[26Sep2026 13:20:17.548] [Server thread/INFO] [net.minecraft.server.MinecraftServer/]: [Chunky] Task running for minecraft:overworld. Processed: 2542 chunks (0.00%), ETA: 6222:31:55, Rate: 7.0 cps, Current: -6225, -3688
[26Sep2026 13:20:18.784] [Server thread/INFO] [net.minecraft.server.MinecraftServer/]: [Chunky] Task running for minecraft:overworld. Processed: 2546 chunks (0.00%), ETA: 6590:42:33, Rate: 6.6 cps, Current: -6225, -3684
[26Sep2026 13:20:19.817] [Server thread/INFO] [net.minecraft.server.MinecraftServer/]: [Chunky] Task running for minecraft:overworld. Processed: 2564 chunks (0.00%), ETA: 6222:49:19, Rate: 7.0 cps, Current: -6225, -3666
[26Sep2026 13:20:20.993] [Server thread/INFO] [net.minecraft.server.MinecraftServer/]: [Chunky] Task running for minecraft:overworld. Processed: 2568 chunks (0.00%), ETA: 6350:12:31, Rate: 6.8 cps, Current: -6225, -3662
[26Sep2026 13:20:22.821] [Server thread/INFO] [net.minecraft.server.MinecraftServer/]: [Chunky] Task running for minecraft:overworld. Processed: 2572 chunks (0.00%), ETA: 6799:21:59, Rate: 6.4 cps, Current: -6225, -3658
[26Sep2026 13:20:23.824] [Server thread/INFO] [net.minecraft.server.MinecraftServer/]: [Chunky] Task running for minecraft:overworld. Processed: 2584 chunks (0.00%), ETA: 6407:42:02, Rate: 6.8 cps, Current: -6225, -3646
[26Sep2026 13:20:25.665] [Server thread/INFO] [net.minecraft.server.MinecraftServer/]: [Chunky] Task running for minecraft:overworld. Processed: 2591 chunks (0.00%), ETA: 6483:51:55, Rate: 6.7 cps, Current: -6225, -3639
[26Sep2026 13:20:26.703] [Server thread/INFO] [net.minecraft.server.MinecraftServer/]: [Chunky] Task running for minecraft:overworld. Processed: 2596 chunks (0.00%), ETA: 6831:17:26, Rate: 6.4 cps, Current: -6225, -3634
[26Sep2026 13:20:28.562] [Server thread/INFO] [net.minecraft.server.MinecraftServer/]: [Chunky] Task running for minecraft:overworld. Processed: 2604 chunks (0.00%), ETA: 6967:15:46, Rate: 6.2 cps, Current: -6225, -3626
[26Sep2026 13:20:29.592] [Server thread/INFO] [net.minecraft.server.MinecraftServer/]: [Chunky] Task running for minecraft:overworld. Processed: 2617 chunks (0.00%), ETA: 6725:34:42, Rate: 6.5 cps, Current: -6225, -3613
[26Sep2026 13:20:32.365] [Server thread/INFO] [net.minecraft.server.MinecraftServer/]: [Chunky] Task running for minecraft:overworld. Processed: 2621 chunks (0.00%), ETA: 6901:32:52, Rate: 6.3 cps, Current: -6225, -3609
[26Sep2026 13:20:33.548] [Server thread/INFO] [net.minecraft.server.MinecraftServer/]: [Chunky] Task running for minecraft:overworld. Processed: 2634 chunks (0.00%), ETA: 6702:58:40, Rate: 6.5 cps, Current: -6225, -3596
[26Sep2026 13:20:35.092] [Server thread/INFO] [net.minecraft.server.MinecraftServer/]: [Chunky] Task running for minecraft:overworld. Processed: 2641 chunks (0.00%), ETA: 7132:02:49, Rate: 6.1 cps, Current: -6225, -3589
[26Sep2026 13:20:36.269] [Server thread/INFO] [net.minecraft.server.MinecraftServer/]: [Chunky] Task running for minecraft:overworld. Processed: 2657 chunks (0.00%), ETA: 6800:35:18, Rate: 6.4 cps, Current: -6225, -3579
[26Sep2026 13:20:37.370] [Server thread/INFO] [net.minecraft.server.MinecraftServer/]: [Chunky] Task running for minecraft:overworld. Processed: 2667 chunks (0.00%), ETA: 6710:18:18, Rate: 6.5 cps, Current: -6225, -3563
[26Sep2026 13:20:38.721] [Server thread/INFO] [net.minecraft.server.MinecraftServer/]: [Chunky] Task running for minecraft:overworld. Processed: 2670 chunks (0.00%), ETA: 6783:30:52, Rate: 6.4 cps, Current: -6225, -3560
[26Sep2026 13:20:39.892] [Server thread/INFO] [net.minecraft.server.MinecraftServer/]: [Chunky] Task running for minecraft:overworld. Processed: 2680 chunks (0.00%), ETA: 6773:51:24, Rate: 6.4 cps, Current: -6225, -3550
[26Sep2026 13:20:41.245] [Server thread/INFO] [net.minecraft.server.MinecraftServer/]: [Chunky] Task running for minecraft:overworld. Processed: 2693 chunks (0.00%), ETA: 6636:08:49, Rate: 6.5 cps, Current: -6225, -3538
[26Sep2026 13:20:42.255] [Server thread/INFO] [net.minecraft.server.MinecraftServer/]: [Chunky] Task running for minecraft:overworld. Processed: 2697 chunks (0.00%), ETA: 6946:38:29, Rate: 6.2 cps, Current: -6225, -3534
[26Sep2026 13:20:43.339] [Server thread/INFO] [net.minecraft.server.MinecraftServer/]: [Chunky] Task running for minecraft:overworld. Processed: 2712 chunks (0.00%), ETA: 6653:22:14, Rate: 6.5 cps, Current: -6225, -3518
[26Sep2026 13:20:44.617] [Server thread/INFO] [net.minecraft.server.MinecraftServer/]: [Chunky] Task running for minecraft:overworld. Processed: 2719 chunks (0.00%), ETA: 6565:25:55, Rate: 6.6 cps, Current: -6225, -3511
[26Sep2026 13:20:45.703] [Server thread/INFO] [net.minecraft.server.MinecraftServer/]: [Chunky] Task running for minecraft:overworld. Processed: 2724 chunks (0.00%), ETA: 6639:59:20, Rate: 6.5 cps, Current: -6225, -3506
[26Sep2026 13:20:46.937] [Server thread/INFO] [net.minecraft.server.MinecraftServer/]: [Chunky] Task running for minecraft:overworld. Processed: 2753 chunks (0.00%), ETA: 6017:52:26, Rate: 7.2 cps, Current: -6225, -3477
[26Sep2026 13:20:48.055] [Server thread/INFO] [net.minecraft.server.MinecraftServer/]: [Chunky] Task running for minecraft:overworld. Processed: 2762 chunks (0.00%), ETA: 5855:36:28, Rate: 7.4 cps, Current: -6225, -3468
[26Sep2026 13:20:49.109] [Server thread/INFO] [net.minecraft.server.MinecraftServer/]: [Chunky] Task running for minecraft:overworld. Processed: 2769 chunks (0.00%), ETA: 6172:30:01, Rate: 7.0 cps, Current: -6225, -3461
[26Sep2026 13:20:50.128] [Server thread/INFO] [net.minecraft.server.MinecraftServer/]: [Chunky] Task running for minecraft:overworld. Processed: 2786 chunks (0.00%), ETA: 5775:10:26, Rate: 7.5 cps, Current: -6225, -3450
[26Sep2026 13:20:51.865] [Server thread/INFO] [net.minecraft.server.MinecraftServer/]: [Chunky] Task running for minecraft:overworld. Processed: 2803 chunks (0.00%), ETA: 5434:32:16, Rate: 8.0 cps, Current: -6225, -3427
[26Sep2026 13:20:52.968] [Server thread/INFO] [net.minecraft.server.MinecraftServer/]: [Chunky] Task running for minecraft:overworld. Processed: 2815 chunks (0.00%), ETA: 5453:03:39, Rate: 8.0 cps, Current: -6225, -3415
[26Sep2026 13:20:54.065] [Server thread/INFO] [net.minecraft.server.MinecraftServer/]: [Chunky] Task running for minecraft:overworld. Processed: 2820 chunks (0.00%), ETA: 5359:52:17, Rate: 8.1 cps, Current: -6225, -3410
[26Sep2026 13:20:55.114] [Server thread/INFO] [net.minecraft.server.MinecraftServer/]: [Chunky] Task running for minecraft:overworld. Processed: 2836 chunks (0.00%), ETA: 5196:32:36, Rate: 8.4 cps, Current: -6225, -3394
[26Sep2026 13:20:56.640] [Server thread/INFO] [net.minecraft.server.MinecraftServer/]: [Chunky] Task running for minecraft:overworld. Processed: 2853 chunks (0.00%), ETA: 5036:57:00, Rate: 8.6 cps, Current: -6225, -3368
[26Sep2026 13:20:57.792] [Server thread/INFO] [net.minecraft.server.MinecraftServer/]: [Chunky] Task running for minecraft:overworld. Processed: 2864 chunks (0.00%), ETA: 4861:28:01, Rate: 8.9 cps, Current: -6225, -3366
[26Sep2026 13:20:58.845] [Server thread/INFO] [net.minecraft.server.MinecraftServer/]: [Chunky] Task running for minecraft:overworld. Processed: 2870 chunks (0.00%), ETA: 4999:22:30, Rate: 8.7 cps, Current: -6225, -3360
[26Sep2026 13:20:59.850] [Server thread/INFO] [net.minecraft.server.MinecraftServer/]: [Chunky] Task running for minecraft:overworld. Processed: 2879 chunks (0.00%), ETA: 4606:42:32, Rate: 9.4 cps, Current: -6225, -3351
[26Sep2026 13:21:01.548] [Server thread/INFO] [net.minecraft.server.MinecraftServer/]: [Chunky] Task running for minecraft:overworld. Processed: 2903 chunks (0.00%), ETA: 4476:29:13, Rate: 9.7 cps, Current: -6225, -3327
[26Sep2026 13:21:02.916] [Server thread/INFO] [net.minecraft.server.MinecraftServer/]: [Chunky] Task running for minecraft:overworld. Processed: 2914 chunks (0.00%), ETA: 4536:46:19, Rate: 9.6 cps, Current: -6225, -3316
[26Sep2026 13:21:04.192] [Server thread/INFO] [net.minecraft.server.MinecraftServer/]: [Chunky] Task running for minecraft:overworld. Processed: 2922 chunks (0.00%), ETA: 4479:35:02, Rate: 9.7 cps, Current: -6225, -3308
[26Sep2026 13:21:05.291] [Server thread/INFO] [net.minecraft.server.MinecraftServer/]: [Chunky] Task running for minecraft:overworld. Processed: 2946 chunks (0.00%), ETA: 4344:11:00, Rate: 10.0 cps, Current: -6225, -3285
[26Sep2026 13:21:06.424] [Server thread/INFO] [net.minecraft.server.MinecraftServer/]: [Chunky] Task running for minecraft:overworld. Processed: 2953 chunks (0.00%), ETA: 4394:35:02, Rate: 9.9 cps, Current: -6225, -3270
[26Sep2026 13:21:07.466] [Server thread/INFO] [net.minecraft.server.MinecraftServer/]: [Chunky] Task running for minecraft:overworld. Processed: 2959 chunks (0.00%), ETA: 4302:52:11, Rate: 10.1 cps, Current: -6225, -3272
[26Sep2026 13:21:08.853] [Server thread/INFO] [net.minecraft.server.MinecraftServer/]: [Chunky] Task running for minecraft:overworld. Processed: 2965 chunks (0.00%), ETA: 4395:40:56, Rate: 9.9 cps, Current: -6225, -3265
[26Sep2026 13:21:10.091] [Server thread/INFO] [net.minecraft.server.MinecraftServer/]: [Chunky] Task running for minecraft:overworld. Processed: 2973 chunks (0.00%), ETA: 4455:58:38, Rate: 9.7 cps, Current: -6225, -3258
[26Sep2026 13:21:11.095] [Server thread/INFO] [net.minecraft.server.MinecraftServer/]: [Chunky] Task running for minecraft:overworld. Processed: 2992 chunks (0.00%), ETA: 4319:11:04, Rate: 10.1 cps, Current: -6225, -3238
[26Sep2026 13:21:12.195] [Server thread/INFO] [net.minecraft.server.MinecraftServer/]: [Chunky] Task running for minecraft:overworld. Processed: 3001 chunks (0.00%), ETA: 4261:11:14, Rate: 10.2 cps, Current: -6225, -3229
[26Sep2026 13:21:13.303] [Server thread/INFO] [net.minecraft.server.MinecraftServer/]: [Chunky] Task running for minecraft:overworld. Processed: 3005 chunks (0.00%), ETA: 4424:18:38, Rate: 9.8 cps, Current: -6225, -3225
[26Sep2026 13:21:14.809] [Server thread/INFO] [net.minecraft.server.MinecraftServer/]: [Chunky] Task running for minecraft:overworld. Processed: 3015 chunks (0.00%), ETA: 4326:54:51, Rate: 10.0 cps, Current: -6225, -3210
[26Sep2026 13:21:16.271] [Server thread/INFO] [net.minecraft.server.MinecraftServer/]: [Chunky] Task running for minecraft:overworld. Processed: 3016 chunks (0.00%), ETA: 4822:39:40, Rate: 9.0 cps, Current: -6225, -3215
[26Sep2026 13:21:17.324] [Server thread/INFO] [net.minecraft.server.MinecraftServer/]: [Chunky] Task running for minecraft:overworld. Processed: 3029 chunks (0.00%), ETA: 4740:48:01, Rate: 9.2 cps, Current: -6225, -3202
[26Sep2026 13:21:18.461] [Server thread/INFO] [net.minecraft.server.MinecraftServer/]: [Chunky] Task running for minecraft:overworld. Processed: 3049 chunks (0.00%), ETA: 4534:08:31, Rate: 9.6 cps, Current: -6225, -3181
[26Sep2026 13:21:19.493] [Server thread/INFO] [net.minecraft.server.MinecraftServer/]: [Chunky] Task running for minecraft:overworld. Processed: 3053 chunks (0.00%), ETA: 4756:20:57, Rate: 9.1 cps, Current: -6225, -3177
[26Sep2026 13:21:20.764] [Server thread/INFO] [net.minecraft.server.MinecraftServer/]: [Chunky] Task running for minecraft:overworld. Processed: 3065 chunks (0.00%), ETA: 4769:51:33, Rate: 9.1 cps, Current: -6225, -3165
[26Sep2026 13:21:22.190] [Server thread/INFO] [net.minecraft.server.MinecraftServer/]: [Chunky] Task running for minecraft:overworld. Processed: 3067 chunks (0.00%), ETA: 5013:48:37, Rate: 8.7 cps, Current: -6225, -3163
[26Sep2026 13:21:24.255] [Server thread/INFO] [net.minecraft.server.MinecraftServer/]: [Chunky] Task running for minecraft:overworld. Processed: 3079 chunks (0.00%), ETA: 5184:20:06, Rate: 8.4 cps, Current: -6225, -3151
[26Sep2026 13:21:25.363] [Server thread/INFO] [net.minecraft.server.MinecraftServer/]: [Chunky] Task running for minecraft:overworld. Processed: 3098 chunks (0.00%), ETA: 5068:25:32, Rate: 8.6 cps, Current: -6225, -3132
[26Sep2026 13:21:26.408] [Worker-Main-2/WARN] [net.minecraft.world.entity.ai.attributes.AttributeMap/]: Ignoring unknown attribute 'forge:entity_gravity'
[26Sep2026 13:21:26.533] [Server thread/INFO] [net.minecraft.server.MinecraftServer/]: [Chunky] Task running for minecraft:overworld. Processed: 3103 chunks (0.00%), ETA: 5169:48:18, Rate: 8.4 cps, Current: -6225, -3122
[26Sep2026 13:21:27.589] [Server thread/INFO] [net.minecraft.server.MinecraftServer/]: [Chunky] Task running for minecraft:overworld. Processed: 3106 chunks (0.00%), ETA: 5323:02:01, Rate: 8.2 cps, Current: -6225, -3125
[26Sep2026 13:21:28.882] [Server thread/INFO] [net.minecraft.server.MinecraftServer/]: [Chunky] Task running for minecraft:overworld. Processed: 3116 chunks (0.00%), ETA: 5295:09:03, Rate: 8.2 cps, Current: -6225, -3115
[26Sep2026 13:21:30.032] [Server thread/INFO] [net.minecraft.server.MinecraftServer/]: [Chunky] Task running for minecraft:overworld. Processed: 3117 chunks (0.00%), ETA: 5750:58:00, Rate: 7.5 cps, Current: -6225, -3114
[26Sep2026 13:21:31.083] [Server thread/INFO] [net.minecraft.server.MinecraftServer/]: [Chunky] Task running for minecraft:overworld. Processed: 3130 chunks (0.00%), ETA: 5622:58:10, Rate: 7.7 cps, Current: -6225, -3101
[26Sep2026 13:21:32.301] [Server thread/INFO] [net.minecraft.server.MinecraftServer/]: [Chunky] Task running for minecraft:overworld. Processed: 3145 chunks (0.00%), ETA: 5498:08:32, Rate: 7.9 cps, Current: -6225, -3085
[26Sep2026 13:21:33.556] [Server thread/INFO] [net.minecraft.server.MinecraftServer/]: [Chunky] Task running for minecraft:overworld. Processed: 3154 chunks (0.00%), ETA: 5470:26:46, Rate: 7.9 cps, Current: -6225, -3076
[26Sep2026 13:21:35.146] [Server thread/INFO] [net.minecraft.server.MinecraftServer/]: [Chunky] Task running for minecraft:overworld. Processed: 3161 chunks (0.00%), ETA: 5999:51:57, Rate: 7.2 cps, Current: -6225, -3069
[26Sep2026 13:21:36.246] [Server thread/INFO] [net.minecraft.server.MinecraftServer/]: [Chunky] Task running for minecraft:overworld. Processed: 3171 chunks (0.00%), ETA: 5911:08:04, Rate: 7.3 cps, Current: -6225, -3059
[26Sep2026 13:21:37.358] [Server thread/INFO] [net.minecraft.server.MinecraftServer/]: [Chunky] Task running for minecraft:overworld. Processed: 3180 chunks (0.00%), ETA: 5844:56:29, Rate: 7.4 cps, Current: -6225, -3050
[26Sep2026 13:21:38.562] [Server thread/INFO] [net.minecraft.server.MinecraftServer/]: [Chunky] Task running for minecraft:overworld. Processed: 3192 chunks (0.00%), ETA: 5656:17:07, Rate: 7.7 cps, Current: -6225, -3038
[26Sep2026 13:21:40.167] [Server thread/INFO] [net.minecraft.server.MinecraftServer/]: [Chunky] Task running for minecraft:overworld. Processed: 3196 chunks (0.00%), ETA: 6156:00:28, Rate: 7.1 cps, Current: -6225, -3034
[26Sep2026 13:21:41.210] [Server thread/INFO] [net.minecraft.server.MinecraftServer/]: [Chunky] Task running for minecraft:overworld. Processed: 3204 chunks (0.00%), ETA: 6174:03:18, Rate: 7.0 cps, Current: -6225, -3026
[26Sep2026 13:21:42.456] [Server thread/INFO] [net.minecraft.server.MinecraftServer/]: [Chunky] Task running for minecraft:overworld. Processed: 3205 chunks (0.00%), ETA: 6295:47:32, Rate: 6.9 cps, Current: -6225, -3025
[26Sep2026 13:21:43.758] [Server thread/INFO] [net.minecraft.server.MinecraftServer/]: [Chunky] Task running for minecraft:overworld. Processed: 3217 chunks (0.00%), ETA: 6190:21:20, Rate: 7.0 cps, Current: -6225, -3013
[26Sep2026 13:21:46.349] [Server thread/INFO] [net.minecraft.server.MinecraftServer/]: [Chunky] Task running for minecraft:overworld. Processed: 3226 chunks (0.00%), ETA: 6363:20:21, Rate: 6.8 cps, Current: -6225, -3004
[26Sep2026 13:21:47.444] [Server thread/INFO] [net.minecraft.server.MinecraftServer/]: [Chunky] Task running for minecraft:overworld. Processed: 3237 chunks (0.00%), ETA: 6656:56:17, Rate: 6.5 cps, Current: -6225, -2993
[26Sep2026 13:21:49.464] [Server thread/INFO] [net.minecraft.server.MinecraftServer/]: [Chunky] Task running for minecraft:overworld. Processed: 3246 chunks (0.00%), ETA: 6706:12:55, Rate: 6.5 cps, Current: -6225, -2984
[26Sep2026 13:21:51.783] [Server thread/INFO] [net.minecraft.server.MinecraftServer/]: [Chunky] Task running for minecraft:overworld. Processed: 3254 chunks (0.00%), ETA: 6832:57:49, Rate: 6.4 cps, Current: -6225, -2976
[26Sep2026 13:21:52.794] [Server thread/INFO] [net.minecraft.server.MinecraftServer/]: [Chunky] Task running for minecraft:overworld. Processed: 3258 chunks (0.00%), ETA: 6882:28:04, Rate: 6.3 cps, Current: -6225, -2972
[26Sep2026 13:21:53.797] [Server thread/INFO] [net.minecraft.server.MinecraftServer/]: [Chunky] Task running for minecraft:overworld. Processed: 3267 chunks (0.00%), ETA: 6785:05:46, Rate: 6.4 cps, Current: -6225, -2963
[26Sep2026 13:21:55.307] [Server thread/INFO] [net.minecraft.server.MinecraftServer/]: [Chunky] Task running for minecraft:overworld. Processed: 3268 chunks (0.00%), ETA: 7601:21:56, Rate: 5.7 cps, Current: -6225, -2962
[26Sep2026 13:21:57.690] [Server thread/INFO] [net.minecraft.server.MinecraftServer/]: [Chunky] Task running for minecraft:overworld. Processed: 3276 chunks (0.00%), ETA: 7766:56:31, Rate: 5.6 cps, Current: -6225, -2954
[26Sep2026 13:21:59.049] [Server thread/INFO] [net.minecraft.server.MinecraftServer/]: [Chunky] Task running for minecraft:overworld. Processed: 3287 chunks (0.00%), ETA: 7366:02:36, Rate: 5.9 cps, Current: -6225, -2943
[26Sep2026 13:22:00.982] [Server thread/INFO] [net.minecraft.server.MinecraftServer/]: [Chunky] Task running for minecraft:overworld. Processed: 3296 chunks (0.00%), ETA: 7771:59:45, Rate: 5.6 cps, Current: -6225, -2934
[26Sep2026 13:22:02.145] [Server thread/INFO] [net.minecraft.server.MinecraftServer/]: [Chunky] Task running for minecraft:overworld. Processed: 3301 chunks (0.00%), ETA: 8251:16:02, Rate: 5.3 cps, Current: -6225, -2929
[26Sep2026 13:22:04.033] [Server thread/INFO] [net.minecraft.server.MinecraftServer/]: [Chunky] Task running for minecraft:overworld. Processed: 3306 chunks (0.00%), ETA: 8588:24:07, Rate: 5.1 cps, Current: -6225, -2925
[26Sep2026 13:22:05.422] [Server thread/INFO] [net.minecraft.server.MinecraftServer/]: [Chunky] Task running for minecraft:overworld. Processed: 3317 chunks (0.00%), ETA: 8615:36:48, Rate: 5.0 cps, Current: -6225, -2913
[26Sep2026 13:22:06.791] [Server thread/INFO] [net.minecraft.server.MinecraftServer/]: [Chunky] Task running for minecraft:overworld. Processed: 3318 chunks (0.00%), ETA: 9191:44:07, Rate: 4.7 cps, Current: -6225, -2912
[26Sep2026 13:22:08.135] [Server thread/INFO] [net.minecraft.server.MinecraftServer/]: [Chunky] Task running for minecraft:overworld. Processed: 3326 chunks (0.00%), ETA: 9509:05:57, Rate: 4.6 cps, Current: -6225, -2904
[26Sep2026 13:22:10.230] [Server thread/INFO] [net.minecraft.server.MinecraftServer/]: [Chunky] Task running for minecraft:overworld. Processed: 3335 chunks (0.00%), ETA: 9543:21:28, Rate: 4.5 cps, Current: -6225, -2895
[26Sep2026 13:22:12.857] [Server thread/INFO] [net.minecraft.server.MinecraftServer/]: [Chunky] Task running for minecraft:overworld. Processed: 3346 chunks (0.00%), ETA: 9716:33:26, Rate: 4.5 cps, Current: -6225, -2884
[26Sep2026 13:22:14.091] [Server thread/INFO] [net.minecraft.server.MinecraftServer/]: [Chunky] Task running for minecraft:overworld. Processed: 3356 chunks (0.00%), ETA: 9192:43:21, Rate: 4.7 cps, Current: -6225, -2874
[26Sep2026 13:22:15.509] [Server thread/INFO] [net.minecraft.server.MinecraftServer/]: [Chunky] Task running for minecraft:overworld. Processed: 3358 chunks (0.00%), ETA: 9517:17:43, Rate: 4.6 cps, Current: -6225, -2872
[26Sep2026 13:22:16.527] [Server thread/INFO] [net.minecraft.server.MinecraftServer/]: [Chunky] Task running for minecraft:overworld. Processed: 3366 chunks (0.00%), ETA: 9711:12:48, Rate: 4.5 cps, Current: -6225, -2864
[26Sep2026 13:22:18.531] [Server thread/INFO] [net.minecraft.server.MinecraftServer/]: [Chunky] Task running for minecraft:overworld. Processed: 3372 chunks (0.00%), ETA: 9935:08:35, Rate: 4.4 cps, Current: -6225, -2858
[26Sep2026 13:22:20.531] [Server thread/INFO] [net.minecraft.server.MinecraftServer/]: [Chunky] Task running for minecraft:overworld. Processed: 3383 chunks (0.00%), ETA: 9599:01:03, Rate: 4.5 cps, Current: -6225, -2847
[26Sep2026 13:22:21.556] [Server thread/INFO] [net.minecraft.server.MinecraftServer/]: [Chunky] Task running for minecraft:overworld. Processed: 3395 chunks (0.00%), ETA: 9101:28:33, Rate: 4.8 cps, Current: -6225, -2835
[26Sep2026 13:22:23.378] [Server thread/INFO] [net.minecraft.server.MinecraftServer/]: [Chunky] Task running for minecraft:overworld. Processed: 3398 chunks (0.00%), ETA: 9727:50:29, Rate: 4.5 cps, Current: -6225, -2832
[26Sep2026 13:22:25.652] [Server thread/INFO] [net.minecraft.server.MinecraftServer/]: [Chunky] Task running for minecraft:overworld. Processed: 3406 chunks (0.00%), ETA: 9265:57:04, Rate: 4.7 cps, Current: -6225, -2824
[26Sep2026 13:22:26.859] [Server thread/INFO] [net.minecraft.server.MinecraftServer/]: [Chunky] Task running for minecraft:overworld. Processed: 3407 chunks (0.00%), ETA: 9592:40:54, Rate: 4.5 cps, Current: -6225, -2823
[26Sep2026 13:22:29.049] [Server thread/WARN] [net.minecraft.server.MinecraftServer/]: Can't keep up! Is the server overloaded? Running 2921ms or 58 ticks behind
[26Sep2026 13:22:29.134] [Server thread/INFO] [net.minecraft.server.MinecraftServer/]: [Chunky] Task running for minecraft:overworld. Processed: 3415 chunks (0.00%), ETA: 10183:20:11, Rate: 4.3 cps, Current: -6225, -2815
[26Sep2026 13:22:31.103] [Server thread/INFO] [net.minecraft.server.MinecraftServer/]: [Chunky] Task running for minecraft:overworld. Processed: 3424 chunks (0.00%), ETA: 10137:41:54, Rate: 4.3 cps, Current: -6225, -2806
[26Sep2026 13:22:32.909] [Server thread/INFO] [net.minecraft.server.MinecraftServer/]: [Chunky] Task running for minecraft:overworld. Processed: 3426 chunks (0.00%), ETA: 10359:37:43, Rate: 4.2 cps, Current: -6225, -2804
[26Sep2026 13:22:34.530] [Server thread/INFO] [net.minecraft.server.MinecraftServer/]: [Chunky] Task running for minecraft:overworld. Processed: 3431 chunks (0.00%), ETA: 10987:19:32, Rate: 4.0 cps, Current: -6225, -2799
[26Sep2026 13:22:36.041] [Server thread/INFO] [net.minecraft.server.MinecraftServer/]: [Chunky] Task running for minecraft:overworld. Processed: 3434 chunks (0.00%), ETA: 10852:11:31, Rate: 4.0 cps, Current: -6225, -2796
[26Sep2026 13:22:37.917] [Server thread/INFO] [net.minecraft.server.MinecraftServer/]: [Chunky] Task running for minecraft:overworld. Processed: 3446 chunks (0.00%), ETA: 10684:17:46, Rate: 4.1 cps, Current: -6225, -2784
[26Sep2026 13:22:40.161] [Server thread/INFO] [net.minecraft.server.MinecraftServer/]: [Chunky] Task running for minecraft:overworld. Processed: 3449 chunks (0.00%), ETA: 11297:36:10, Rate: 3.8 cps, Current: -6225, -2781
[26Sep2026 13:22:41.887] [Server thread/INFO] [net.minecraft.server.MinecraftServer/]: [Chunky] Task running for minecraft:overworld. Processed: 3450 chunks (0.00%), ETA: 12001:29:23, Rate: 3.6 cps, Current: -6225, -2780
[26Sep2026 13:22:43.404] [Server thread/INFO] [net.minecraft.server.MinecraftServer/]: [Chunky] Task running for minecraft:overworld. Processed: 3455 chunks (0.00%), ETA: 12724:24:38, Rate: 3.4 cps, Current: -6225, -2775
[26Sep2026 13:22:44.798] [Server thread/INFO] [net.minecraft.server.MinecraftServer/]: [Chunky] Task running for minecraft:overworld. Processed: 3456 chunks (0.00%), ETA: 12841:58:41, Rate: 3.4 cps, Current: -6225, -2774
[26Sep2026 13:22:46.228] [Server thread/INFO] [net.minecraft.server.MinecraftServer/]: [Chunky] Task running for minecraft:overworld. Processed: 3463 chunks (0.00%), ETA: 13155:57:18, Rate: 3.3 cps, Current: -6225, -2767
[26Sep2026 13:22:47.580] [Server thread/INFO] [net.minecraft.server.MinecraftServer/]: [Chunky] Task running for minecraft:overworld. Processed: 3469 chunks (0.00%), ETA: 12866:42:37, Rate: 3.4 cps, Current: -6225, -2763
[26Sep2026 13:22:49.299] [Server thread/INFO] [net.minecraft.server.MinecraftServer/]: [Chunky] Task running for minecraft:overworld. Processed: 3475 chunks (0.00%), ETA: 13428:14:32, Rate: 3.2 cps, Current: -6225, -2752
[26Sep2026 13:22:49.778] [Server thread/WARN] [net.minecraft.server.MinecraftServer/]: Can't keep up! Is the server overloaded? Running 5762ms or 115 ticks behind
[26Sep2026 13:22:53.725] [Server thread/INFO] [net.minecraft.server.MinecraftServer/]: [Chunky] Task running for minecraft:overworld. Processed: 3479 chunks (0.00%), ETA: 16467:10:13, Rate: 2.6 cps, Current: -6225, -2751
