[17:38:53] [modloading-worker-0/INFO] ========================================
[17:38:53] [modloading-worker-0/INFO] Minecraft: 1.21.1
[17:38:53] [modloading-worker-0/INFO] Side: client
[17:38:53] [modloading-worker-0/INFO] Development: false
[17:38:53] [modloading-worker-0/INFO] Version: 16.0.799
[17:38:53] [modloading-worker-0/INFO] Loader:
[17:38:53] [modloading-worker-0/INFO] - Forge: null
[17:38:53] [modloading-worker-0/INFO] Dependencies:
[17:38:53] [modloading-worker-0/INFO] - Cloth Config: 15.0.140
[17:38:53] [modloading-worker-0/INFO] - Architectury: 13.0.11
[17:38:53] [modloading-worker-0/INFO] Mixin: 0.8.7
[17:38:53] [modloading-worker-0/INFO] OS: Linux 7.2.7-200.fc44.x86_64 (amd64)
[17:38:53] [modloading-worker-0/INFO] Java: 21.0.7 (Microsoft)
[17:38:53] [modloading-worker-0/INFO] ========================================
[17:38:53] [modloading-worker-0/INFO] Mods:
[17:38:53] [modloading-worker-0/INFO] - aeronautics: 1.3.2
[17:38:53] [modloading-worker-0/INFO] - aeronautics_bundled: 1.3.2
[17:38:53] [modloading-worker-0/INFO] - antique_atlas: 3.1.2_1.21
[17:38:53] [modloading-worker-0/INFO] - apollib: 1.2.0
[17:38:53] [modloading-worker-0/INFO] - apothic_attributes: 2.10.1
[17:38:53] [modloading-worker-0/INFO] - apothic_enchanting: 1.6.2
[17:38:53] [modloading-worker-0/INFO] - appleskin: 3.0.9+mc1.21
[17:38:53] [modloading-worker-0/INFO] - aquamirae: 7.2.10
[17:38:53] [modloading-worker-0/INFO] - architectury: 13.0.11
[17:38:53] [modloading-worker-0/INFO] - balm: 21.0.65
[17:38:53] [modloading-worker-0/INFO] - betteradvancedtooltips: 2101.1.0-build.5
[17:38:53] [modloading-worker-0/INFO] - betteradvancements: 0.4.3.21
[17:38:53] [modloading-worker-0/INFO] - bookshelf: 21.1.81
[17:38:53] [modloading-worker-0/INFO] - cloth_config: 15.0.140
[17:38:53] [modloading-worker-0/INFO] - clumps: 19.0.0.1
[17:38:53] [modloading-worker-0/INFO] - conditional_mixin: 0.6.4
[17:38:53] [modloading-worker-0/INFO] - connector: 2.0.0-beta.17+1.21.1
[17:38:53] [modloading-worker-0/INFO] - controlling: 19.0.5
[17:38:53] [modloading-worker-0/INFO] - copycats: 3.0.9+mc.1.21.1-neoforge
[17:38:53] [modloading-worker-0/INFO] - craftrecall: 1.0.0
[17:38:53] [modloading-worker-0/INFO] - create: 6.0.10
[17:38:53] [modloading-worker-0/INFO] - create_abyss: 1.0.0
[17:38:53] [modloading-worker-0/INFO] - create_connected: 1.3.3-mc1.21.1
[17:38:53] [modloading-worker-0/INFO] - create_dragons_plus: 1.11.9
[17:38:53] [modloading-worker-0/INFO] - create_enchantment_industry: 2.5.4
[17:38:53] [modloading-worker-0/INFO] - create_high_seas: 0.1.0
[17:38:53] [modloading-worker-0/INFO] - create_submarine: 2.2.4
[17:38:53] [modloading-worker-0/INFO] - createaddition: 1.7.1
[17:38:53] [modloading-worker-0/INFO] - curios: 9.5.1+1.21.1
[17:38:53] [modloading-worker-0/INFO] - deathknell: 21.1.2
[17:38:53] [modloading-worker-0/INFO] - fabric_api: 0.116.15+2.3.5+1.21.1
[17:38:53] [modloading-worker-0/INFO] - fabric_api_base: 0.4.42+d1308ded19
[17:38:53] [modloading-worker-0/INFO] - fabric_api_lookup_api_v1: 1.6.72+6244b11119
[17:38:53] [modloading-worker-0/INFO] - fabric_biome_api_v1: 13.0.31+1e62d33c19
[17:38:53] [modloading-worker-0/INFO] - fabric_block_api_v1: 1.1.0+b0c22bb819
[17:38:53] [modloading-worker-0/INFO] - fabric_block_view_api_v2: 1.0.10+9afaaf8c19
[17:38:53] [modloading-worker-0/INFO] - fabric_blockrenderlayer_v1: 1.1.52+c290471319
[17:38:53] [modloading-worker-0/INFO] - fabric_client_tags_api_v1: 1.2.0+5adff2d719
[17:38:53] [modloading-worker-0/INFO] - fabric_command_api_v2: 2.2.28+36d727be19
[17:38:53] [modloading-worker-0/INFO] - fabric_content_registries_v0: 8.0.19+5e0d320019
[17:38:53] [modloading-worker-0/INFO] - fabric_convention_tags_v1: 2.1.7+7f945d5b19
[17:38:53] [modloading-worker-0/INFO] - fabric_convention_tags_v2: 2.12.0+75d3639619
[17:38:53] [modloading-worker-0/INFO] - fabric_data_attachment_api_v1: 1.4.7+26d408aa19
[17:38:53] [modloading-worker-0/INFO] - fabric_data_generation_api_v1: 20.3.0+3e2bcb4b19
[17:38:53] [modloading-worker-0/INFO] - fabric_entity_events_v1: 1.8.0+e46a02ca19
[17:38:53] [modloading-worker-0/INFO] - fabric_events_interaction_v0: 0.7.14+057f5afd19
[17:38:53] [modloading-worker-0/INFO] - fabric_game_rule_api_v1: 1.0.53+36d727be19
[17:38:53] [modloading-worker-0/INFO] - fabric_gametest_api_v1: 2.0.5+29f188ce19
[17:38:53] [modloading-worker-0/INFO] - fabric_item_api_v1: 11.3.0+b24c12f719
[17:38:53] [modloading-worker-0/INFO] - fabric_item_group_api_v1: 4.1.7+e324903319
[17:38:53] [modloading-worker-0/INFO] - fabric_key_binding_api_v1: 1.0.47+62cc7ce119
[17:38:53] [modloading-worker-0/INFO] - fabric_lifecycle_events_v1: 2.6.0+e40d8add19
[17:38:53] [modloading-worker-0/INFO] - fabric_loot_api_v2: 3.0.15+a3ee712d19
[17:38:53] [modloading-worker-0/INFO] - fabric_loot_api_v3: 1.0.3+333dfad919
[17:38:53] [modloading-worker-0/INFO] - fabric_message_api_v1: 6.0.14+6a754fce19
[17:38:53] [modloading-worker-0/INFO] - fabric_model_loading_api_v1: 2.1.0+6e8f52c719
[17:38:53] [modloading-worker-0/INFO] - fabric_networking_api_v1: 4.3.1+7e3d421f19
[17:38:53] [modloading-worker-0/INFO] - fabric_object_builder_api_v1: 15.2.1+cc242efd19
[17:38:53] [modloading-worker-0/INFO] - fabric_particles_v1: 4.0.2+824f924c19
[17:38:53] [modloading-worker-0/INFO] - fabric_recipe_api_v1: 5.0.16+59440bcc19
[17:38:53] [modloading-worker-0/INFO] - fabric_registry_sync_v0: 5.3.2+f9aace1619
[17:38:53] [modloading-worker-0/INFO] - fabric_renderer_api_v1: 3.4.1+9125b6dc19
[17:38:53] [modloading-worker-0/INFO] - fabric_renderer_indigo: 1.7.1+9125b6dc19
[17:38:53] [modloading-worker-0/INFO] - fabric_renderer_registries_v1: 3.2.69+df3654b319
[17:38:53] [modloading-worker-0/INFO] - fabric_rendering_data_attachment_v1: 0.3.48+73761d2e19
[17:38:53] [modloading-worker-0/INFO] - fabric_rendering_fluids_v1: 3.1.6+ddc51b4719
[17:38:53] [modloading-worker-0/INFO] - fabric_rendering_v1: 5.1.0+1a09bd5a19
[17:38:53] [modloading-worker-0/INFO] - fabric_resource_conditions_api_v1: 4.3.0+5bdd099819
[17:38:53] [modloading-worker-0/INFO] - fabric_resource_loader_v0: 1.3.1+4ea8954419
[17:38:53] [modloading-worker-0/INFO] - fabric_screen_api_v1: 2.0.26+9991ca2f19
[17:38:53] [modloading-worker-0/INFO] - fabric_screen_handler_api_v1: 1.3.91+8dbc56dd19
[17:38:53] [modloading-worker-0/INFO] - fabric_sound_api_v1: 1.0.23+10b84f8419
[17:38:53] [modloading-worker-0/INFO] - fabric_tag_api_v1: 1.3.0+3e2bcb4b19
[17:38:53] [modloading-worker-0/INFO] - fabric_transfer_api_v1: 5.4.4+6244b11119
[17:38:53] [modloading-worker-0/INFO] - fabric_transitive_access_wideners_v1: 6.2.0+6c854b6f19
[17:38:53] [modloading-worker-0/INFO] - flywheel: 1.0.6
[17:38:53] [modloading-worker-0/INFO] - forgified_fabric_api: 0.116.15+2.3.5+1.21.1
[17:38:53] [modloading-worker-0/INFO] - fragmentum: 5.0.0
[17:38:53] [modloading-worker-0/INFO] - geckolib: 4.9.3
[17:38:53] [modloading-worker-0/INFO] - gravestone: 1.21.1-1.0.40
[17:38:53] [modloading-worker-0/INFO] - inventorio: 1.11.0
[17:38:53] [modloading-worker-0/INFO] - inventoryessentials: 21.1.18
[17:38:53] [modloading-worker-0/INFO] - jade: 15.10.6+neoforge
[17:38:53] [modloading-worker-0/INFO] - jadeaddons: 6.1.1+neoforge
[17:38:53] [modloading-worker-0/INFO] - kotlinforforge: 5.12.0
[17:38:53] [modloading-worker-0/INFO] - kubejs: 2101.7.2-build.377
[17:38:53] [modloading-worker-0/INFO] - kubejs_create: 2101.3.1-build.18
[17:38:53] [modloading-worker-0/INFO] - kuma_api: 21.0.8
[17:38:53] [modloading-worker-0/INFO] - libipn: 6.6.3
[17:38:53] [modloading-worker-0/INFO] - lithium: 0.15.4+mc1.21.1
[17:38:53] [modloading-worker-0/INFO] - lithostitched: 1.8.0
[17:38:53] [modloading-worker-0/INFO] - lodestone: 1.8.2
[17:38:53] [modloading-worker-0/INFO] - malum: 1.8.2
[17:38:53] [modloading-worker-0/INFO] - mcqoy: 0.4.1+neo-1.21
[17:38:53] [modloading-worker-0/INFO] - minecraft: 1.21.1
[17:38:53] [modloading-worker-0/INFO] - mousetweaks: 2.26.1
[17:38:53] [modloading-worker-0/INFO] - neoforge: 21.1.251
[17:38:53] [modloading-worker-0/INFO] - offroad: 1.3.2
[17:38:53] [modloading-worker-0/INFO] - owo: 0.12.15.5-beta.1+1.21
[17:38:53] [modloading-worker-0/INFO] - patchouli: 1.21.1-93-NEOFORGE
[17:38:53] [modloading-worker-0/INFO] - placebo: 9.9.2
[17:38:53] [modloading-worker-0/INFO] - ponder: 1.0.82+mc1.21.1
[17:38:53] [modloading-worker-0/INFO] - prickle: 21.1.11
[17:38:53] [modloading-worker-0/INFO] - rhino: 2101.2.8-build.91
[17:38:53] [modloading-worker-0/INFO] - roughlyenoughitems: 16.0.799
[17:38:53] [modloading-worker-0/INFO] - sable: 2.0.5
[17:38:53] [modloading-worker-0/INFO] - sablecompanion: 1.6.0
[17:38:53] [modloading-worker-0/INFO] - searchables: 1.0.2
[17:38:53] [modloading-worker-0/INFO] - simulated: 1.3.2
[17:38:53] [modloading-worker-0/INFO] - sodium: 0.8.13+mc1.21.1
[17:38:53] [modloading-worker-0/INFO] - sophisticatedbackpacks: 3.26.3
[17:38:53] [modloading-worker-0/INFO] - sophisticatedcore: 1.5.1
[17:38:53] [modloading-worker-0/INFO] - sophisticatedstorage: 1.5.91
[17:38:53] [modloading-worker-0/INFO] - surveyor: 1.1.2_1.21
[17:38:53] [modloading-worker-0/INFO] - tctcore: 2.2
[17:38:53] [modloading-worker-0/INFO] - tectonic: 3.0.28
[17:38:53] [modloading-worker-0/INFO] - toms_storage: 2.4.2
[17:38:53] [modloading-worker-0/INFO] - underwater_village: 1.0.2
[17:38:53] [modloading-worker-0/INFO] - veil: 4.3.2
[17:38:53] [modloading-worker-0/INFO] - xaerolib: 1.7.3
[17:38:53] [modloading-worker-0/INFO] - xaerominimap: 26.5.0
[17:38:53] [modloading-worker-0/INFO] - yarrp: 0.2.0
[17:38:53] [modloading-worker-0/INFO] - yet_another_config_lib_v3: 3.7.0+1.21.1-neoforge
[17:38:53] [modloading-worker-0/INFO] ========================================
[17:38:53] [modloading-worker-0/DEBUG] [REI] Added filtering rule [roughlyenoughitems:search]: INSTANCE
[17:38:53] [modloading-worker-0/DEBUG] [REI] Added filtering rule [roughlyenoughitems:manual]: INSTANCE
[17:38:53] [modloading-worker-0/DEBUG] [REI] Added filtering rule [roughlyenoughitems:basic]: INSTANCE
[17:38:54] [modloading-worker-0/INFO] [REI] Config loaded
[17:38:54] [modloading-worker-0/DEBUG] [REI] Config saved
[17:38:54] [modloading-worker-0/DEBUG] [REI] Config saved
[17:38:54] [modloading-worker-0/DEBUG] [REI] Config saved
[17:38:54] [modloading-worker-0/INFO] [REI] Registered plugin provider CoreReiCommonPlugin [sophisticatedcore] for REIPlugin
[17:38:54] [modloading-worker-0/INFO] [REI] Registered plugin provider BackpackReiCommonPlugin [sophisticatedbackpacks] for REIPlugin
[17:38:54] [modloading-worker-0/INFO] [REI] Registered plugin provider StorageReiCommonPlugin [sophisticatedstorage] for REIPlugin
[17:38:54] [modloading-worker-0/INFO] [REI] Registered plugin provider BackpackReiClientPlugin [sophisticatedbackpacks] for REIPlugin
[17:38:54] [modloading-worker-0/INFO] [REI] Registered plugin provider CuriosReiPlugin [curios] for REIPlugin
[17:38:54] [modloading-worker-0/INFO] [REI] Registered plugin provider OwoReiPlugin [owo] for REIPlugin
[17:38:54] [modloading-worker-0/INFO] [REI] Registered plugin provider StorageReiClientPlugin [sophisticatedstorage] for REIPlugin
[17:38:54] [modloading-worker-0/INFO] [REI] Registered plugin provider KubeJSREIPlugin [kubejs] for REIPlugin
[17:38:54] [modloading-worker-0/INFO] [REI] Registered plugin provider REIPluginLoader [toms_storage] for REIPlugin
[17:38:54] [modloading-worker-0/INFO] [REI] Registered plugin provider DefaultPluginImpl [roughlyenoughitems] for REIServerPlugin
[17:38:54] [modloading-worker-0/INFO] [REI] Registered plugin provider DefaultPluginImpl [roughlyenoughitems] for REIPlugin
[17:38:54] [modloading-worker-0/INFO] [REI] Registered plugin provider DefaultRuntimePlugin [roughlyenoughitems] for REIServerPlugin
[17:38:54] [modloading-worker-0/INFO] [REI] Registered plugin provider DefaultRuntimePlugin [roughlyenoughitems] for REIPlugin
[17:38:54] [modloading-worker-0/INFO] [REI] Registered plugin provider CoreReiCommonPlugin [sophisticatedcore] for REIServerPlugin
[17:38:54] [modloading-worker-0/INFO] [REI] Registered plugin provider BackpackReiCommonPlugin [sophisticatedbackpacks] for REIServerPlugin
[17:38:54] [modloading-worker-0/INFO] [REI] Registered plugin provider StorageReiCommonPlugin [sophisticatedstorage] for REIServerPlugin
[17:38:54] [modloading-worker-0/INFO] [REI] Registered plugin provider REIPluginLoader [toms_storage] for REIServerPlugin
[17:38:54] [modloading-worker-0/INFO] [REI] Registered plugin provider DefaultClientPluginImpl [roughlyenoughitems] for REIClientPlugin
[17:38:54] [modloading-worker-0/INFO] [REI] Registered plugin provider DefaultClientPluginImpl [roughlyenoughitems] for REIPlugin
[17:38:54] [modloading-worker-0/INFO] [REI] Registered plugin provider DefaultClientRuntimePlugin [roughlyenoughitems] for REIClientPlugin
[17:38:54] [modloading-worker-0/INFO] [REI] Registered plugin provider DefaultClientRuntimePlugin [roughlyenoughitems] for REIPlugin
[17:38:54] [modloading-worker-0/DEBUG] [REI] Added filtering rule [roughlyenoughitems:hidden_from_recipe_viewers]: INSTANCE
[17:38:54] [modloading-worker-0/INFO] [REI] Registered plugin provider HideIngredientsFromTagsPlugin [roughlyenoughitems] for REIClientPlugin
[17:38:54] [modloading-worker-0/INFO] [REI] Registered plugin provider HideIngredientsFromTagsPlugin [roughlyenoughitems] for REIPlugin
[17:38:54] [modloading-worker-0/INFO] [REI] Registered plugin provider BackpackReiClientPlugin [sophisticatedbackpacks] for REIClientPlugin
[17:38:54] [modloading-worker-0/INFO] [REI] Registered plugin provider CuriosReiPlugin [curios] for REIClientPlugin
[17:38:54] [modloading-worker-0/INFO] [REI] Registered plugin provider OwoReiPlugin [owo] for REIClientPlugin
[17:38:54] [modloading-worker-0/INFO] [REI] Registered plugin provider StorageReiClientPlugin [sophisticatedstorage] for REIClientPlugin
[17:38:54] [modloading-worker-0/INFO] [REI] Registered plugin provider KubeJSREIPlugin [kubejs] for REIClientPlugin
[17:38:54] [modloading-worker-0/INFO] [REI] Registered plugin provider REIPluginLoader [toms_storage] for REIClientPlugin
[17:39:07] [Worker-Main-11/DEBUG] [REI] Processed 1 tags in 139.0 μs for minecraft:map_decoration_type
[17:39:07] [Worker-Main-1/DEBUG] [REI] Processed 0 tags in 13.74 μs for minecraft:worldgen/structure
[17:39:07] [Worker-Main-9/DEBUG] [REI] Processed 4 tags in 154.3 μs for minecraft:point_of_interest_type
[17:39:07] [Worker-Main-6/DEBUG] [REI] Processed 3 tags in 204.3 μs for malum:geas_types
[17:39:07] [Worker-Main-8/DEBUG] [REI] Processed 2 tags in 187.5 μs for create:mounted_item_storage_type
[17:39:07] [Worker-Main-5/DEBUG] [REI] Processed 2 tags in 5.350 μs for create:contraption_type
[17:39:07] [Worker-Main-7/DEBUG] [REI] Processed 1 tags in 2.755 μs for minecraft:recipe_serializer
[17:39:07] [Worker-Main-2/DEBUG] [REI] Processed 0 tags in 2.405 μs for minecraft:worldgen/flat_level_generator_preset
[17:39:07] [Worker-Main-8/DEBUG] [REI] Processed 3 tags in 8.185 μs for minecraft:instrument
[17:39:07] [Worker-Main-4/DEBUG] [REI] Processed 5 tags in 29.60 μs for minecraft:game_event
[17:39:07] [Worker-Main-6/DEBUG] [REI] Processed 0 tags in 2.344 μs for minecraft:worldgen/processor_list
[17:39:07] [Worker-Main-10/DEBUG] [REI] Processed 38 tags in 68.95 μs for minecraft:fluid
[17:39:07] [Worker-Main-4/DEBUG] [REI] Processed 0 tags in 2.504 μs for minecraft:worldgen/world_preset
[17:39:07] [Worker-Main-11/DEBUG] [REI] Processed 2 tags in 8.776 μs for minecraft:cat_variant
[17:39:07] [Worker-Main-2/DEBUG] [REI] Processed 0 tags in 2.615 μs for minecraft:worldgen/template_pool
[17:39:07] [Worker-Main-8/DEBUG] [REI] Processed 0 tags in 2.394 μs for minecraft:painting_variant
[17:39:07] [Worker-Main-10/DEBUG] [REI] Processed 1 tags in 5.731 μs for minecraft:data_component_type
[17:39:07] [Worker-Main-4/DEBUG] [REI] Processed 0 tags in 3.186 μs for minecraft:banner_pattern
[17:39:07] [Worker-Main-2/DEBUG] [REI] Processed 0 tags in 7.614 μs for minecraft:enchantment
[17:39:07] [Worker-Main-5/DEBUG] [REI] Processed 1 tags in 5.600 μs for minecraft:worldgen/biome_source
[17:39:07] [Worker-Main-11/DEBUG] [REI] Processed 52 tags in 101.2 μs for minecraft:entity_type
[17:39:07] [Worker-Main-8/DEBUG] [REI] Processed 0 tags in 18.09 μs for minecraft:damage_type
[17:39:07] [Worker-Main-3/DEBUG] [REI] Processed 0 tags in 44.71 μs for minecraft:worldgen/biome
[17:39:08] [Worker-Main-6/DEBUG] [REI] Processed 660 tags in 1.757 ms for minecraft:item
[17:39:08] [Worker-Main-9/DEBUG] [REI] Processed 469 tags in 1.749 ms for minecraft:block
[17:39:09] [Render thread/DEBUG] [REI] Player quit, clearing reload tasks!
[17:39:09] [Render thread/DEBUG] [REI] Did not fulfill the request of termination of REI reload tasks because there are no uninterrupted running tasks. This is not an error.
[17:39:12] [Netty Local Client IO #0/DEBUG] [REI] Starting Reload Plugins of stage START
java.lang.Throwable
	at TRANSFORMER/roughlyenoughitems@16.0.799/me.shedaniel.rei.impl.common.plugins.ReloadManagerImpl.reloadPlugins(ReloadManagerImpl.java:110)
	at TRANSFORMER/roughlyenoughitems@16.0.799/me.shedaniel.rei.RoughlyEnoughItemsCoreClient.reloadPlugins(RoughlyEnoughItemsCoreClient.java:478)
	at TRANSFORMER/roughlyenoughitems@16.0.799/me.shedaniel.rei.RoughlyEnoughItemsCoreClient.lambda$registerEvents$9(RoughlyEnoughItemsCoreClient.java:312)
	at TRANSFORMER/minecraft@1.21.1/net.minecraft.client.multiplayer.ClientPacketListener.handler$dae000$roughlyenoughitems$handleUpdateRecipes(ClientPacketListener.java:6627)
	at TRANSFORMER/minecraft@1.21.1/net.minecraft.client.multiplayer.ClientPacketListener.handleUpdateRecipes(ClientPacketListener.java)
	at TRANSFORMER/minecraft@1.21.1/net.minecraft.network.protocol.game.ClientboundUpdateRecipesPacket.handle(ClientboundUpdateRecipesPacket.java:32)
	at TRANSFORMER/minecraft@1.21.1/net.minecraft.network.protocol.game.ClientboundUpdateRecipesPacket.handle(ClientboundUpdateRecipesPacket.java:13)
	at TRANSFORMER/minecraft@1.21.1/net.minecraft.network.Connection.genericsFtw(Connection.java:207)
	at TRANSFORMER/minecraft@1.21.1/net.minecraft.network.Connection.channelRead0(Connection.java:191)
	at TRANSFORMER/minecraft@1.21.1/net.minecraft.network.Connection.channelRead0(Connection.java:70)
	at MC-BOOTSTRAP/io.netty.transport@4.1.97.Final/io.netty.channel.SimpleChannelInboundHandler.channelRead(SimpleChannelInboundHandler.java:99)
	at MC-BOOTSTRAP/io.netty.transport@4.1.97.Final/io.netty.channel.AbstractChannelHandlerContext.invokeChannelRead(AbstractChannelHandlerContext.java:444)
	at MC-BOOTSTRAP/io.netty.transport@4.1.97.Final/io.netty.channel.AbstractChannelHandlerContext.invokeChannelRead(AbstractChannelHandlerContext.java:420)
	at MC-BOOTSTRAP/io.netty.transport@4.1.97.Final/io.netty.channel.AbstractChannelHandlerContext.fireChannelRead(AbstractChannelHandlerContext.java:412)
	at MC-BOOTSTRAP/io.netty.codec@4.1.97.Final/io.netty.handler.codec.MessageToMessageDecoder.channelRead(MessageToMessageDecoder.java:103)
	at MC-BOOTSTRAP/io.netty.transport@4.1.97.Final/io.netty.channel.AbstractChannelHandlerContext.invokeChannelRead(AbstractChannelHandlerContext.java:444)
	at MC-BOOTSTRAP/io.netty.transport@4.1.97.Final/io.netty.channel.AbstractChannelHandlerContext.invokeChannelRead(AbstractChannelHandlerContext.java:420)
	at MC-BOOTSTRAP/io.netty.transport@4.1.97.Final/io.netty.channel.AbstractChannelHandlerContext.fireChannelRead(AbstractChannelHandlerContext.java:412)
	at MC-BOOTSTRAP/io.netty.codec@4.1.97.Final/io.netty.handler.codec.ByteToMessageDecoder.fireChannelRead(ByteToMessageDecoder.java:346)
	at MC-BOOTSTRAP/io.netty.codec@4.1.97.Final/io.netty.handler.codec.ByteToMessageDecoder.channelRead(ByteToMessageDecoder.java:318)
	at MC-BOOTSTRAP/io.netty.transport@4.1.97.Final/io.netty.channel.AbstractChannelHandlerContext.invokeChannelRead(AbstractChannelHandlerContext.java:444)
	at MC-BOOTSTRAP/io.netty.transport@4.1.97.Final/io.netty.channel.AbstractChannelHandlerContext.invokeChannelRead(AbstractChannelHandlerContext.java:420)
	at MC-BOOTSTRAP/io.netty.transport@4.1.97.Final/io.netty.channel.AbstractChannelHandlerContext.fireChannelRead(AbstractChannelHandlerContext.java:412)
	at MC-BOOTSTRAP/io.netty.handler@4.1.97.Final/io.netty.handler.flow.FlowControlHandler.dequeue(FlowControlHandler.java:202)
	at MC-BOOTSTRAP/io.netty.handler@4.1.97.Final/io.netty.handler.flow.FlowControlHandler.channelRead(FlowControlHandler.java:164)
	at MC-BOOTSTRAP/io.netty.transport@4.1.97.Final/io.netty.channel.AbstractChannelHandlerContext.invokeChannelRead(AbstractChannelHandlerContext.java:442)
	at MC-BOOTSTRAP/io.netty.transport@4.1.97.Final/io.netty.channel.AbstractChannelHandlerContext.invokeChannelRead(AbstractChannelHandlerContext.java:420)
	at MC-BOOTSTRAP/io.netty.transport@4.1.97.Final/io.netty.channel.AbstractChannelHandlerContext.fireChannelRead(AbstractChannelHandlerContext.java:412)
	at MC-BOOTSTRAP/io.netty.transport@4.1.97.Final/io.netty.channel.DefaultChannelPipeline$HeadContext.channelRead(DefaultChannelPipeline.java:1410)
	at MC-BOOTSTRAP/io.netty.transport@4.1.97.Final/io.netty.channel.AbstractChannelHandlerContext.invokeChannelRead(AbstractChannelHandlerContext.java:440)
	at MC-BOOTSTRAP/io.netty.transport@4.1.97.Final/io.netty.channel.AbstractChannelHandlerContext.invokeChannelRead(AbstractChannelHandlerContext.java:420)
	at MC-BOOTSTRAP/io.netty.transport@4.1.97.Final/io.netty.channel.DefaultChannelPipeline.fireChannelRead(DefaultChannelPipeline.java:919)
	at MC-BOOTSTRAP/io.netty.transport@4.1.97.Final/io.netty.channel.local.LocalChannel.readInbound(LocalChannel.java:299)
	at MC-BOOTSTRAP/io.netty.transport@4.1.97.Final/io.netty.channel.local.LocalChannel.finishPeerRead0(LocalChannel.java:445)
	at MC-BOOTSTRAP/io.netty.transport@4.1.97.Final/io.netty.channel.local.LocalChannel.access$400(LocalChannel.java:50)
	at MC-BOOTSTRAP/io.netty.transport@4.1.97.Final/io.netty.channel.local.LocalChannel$5.run(LocalChannel.java:403)
	at MC-BOOTSTRAP/io.netty.common@4.1.97.Final/io.netty.util.concurrent.AbstractEventExecutor.runTask(AbstractEventExecutor.java:174)
	at MC-BOOTSTRAP/io.netty.transport@4.1.97.Final/io.netty.channel.DefaultEventLoop.run(DefaultEventLoop.java:54)
	at MC-BOOTSTRAP/io.netty.common@4.1.97.Final/io.netty.util.concurrent.SingleThreadEventExecutor$4.run(SingleThreadEventExecutor.java:997)
	at MC-BOOTSTRAP/io.netty.common@4.1.97.Final/io.netty.util.internal.ThreadExecutorMap$2.run(ThreadExecutorMap.java:74)
	at java.base/java.lang.Thread.run(Thread.java:1583)
[17:39:12] [Render thread/DEBUG] [REI] Starting Reload Plugins of stage START
java.lang.Throwable
	at TRANSFORMER/roughlyenoughitems@16.0.799/me.shedaniel.rei.impl.common.plugins.ReloadManagerImpl.reloadPlugins(ReloadManagerImpl.java:110)
	at TRANSFORMER/roughlyenoughitems@16.0.799/me.shedaniel.rei.RoughlyEnoughItemsCoreClient.reloadPlugins(RoughlyEnoughItemsCoreClient.java:478)
	at TRANSFORMER/roughlyenoughitems@16.0.799/me.shedaniel.rei.RoughlyEnoughItemsCoreClient.lambda$registerEvents$9(RoughlyEnoughItemsCoreClient.java:312)
	at TRANSFORMER/minecraft@1.21.1/net.minecraft.client.multiplayer.ClientPacketListener.handler$dae000$roughlyenoughitems$handleUpdateRecipes(ClientPacketListener.java:6627)
	at TRANSFORMER/minecraft@1.21.1/net.minecraft.client.multiplayer.ClientPacketListener.handleUpdateRecipes(ClientPacketListener.java)
	at TRANSFORMER/minecraft@1.21.1/net.minecraft.network.protocol.game.ClientboundUpdateRecipesPacket.handle(ClientboundUpdateRecipesPacket.java:32)
	at TRANSFORMER/minecraft@1.21.1/net.minecraft.network.protocol.game.ClientboundUpdateRecipesPacket.handle(ClientboundUpdateRecipesPacket.java:13)
	at TRANSFORMER/minecraft@1.21.1/net.minecraft.network.protocol.PacketUtils.lambda$ensureRunningOnSameThread$0(PacketUtils.java:27)
	at TRANSFORMER/minecraft@1.21.1/net.minecraft.util.thread.BlockableEventLoop.doRunTask(BlockableEventLoop.java:148)
	at TRANSFORMER/minecraft@1.21.1/net.minecraft.util.thread.ReentrantBlockableEventLoop.doRunTask(ReentrantBlockableEventLoop.java:23)
	at TRANSFORMER/minecraft@1.21.1/net.minecraft.util.thread.BlockableEventLoop.pollTask(BlockableEventLoop.java:122)
	at TRANSFORMER/minecraft@1.21.1/net.minecraft.util.thread.BlockableEventLoop.runAllTasks(BlockableEventLoop.java:111)
	at TRANSFORMER/minecraft@1.21.1/net.minecraft.client.Minecraft.runTick(Minecraft.java:1155)
	at TRANSFORMER/minecraft@1.21.1/net.minecraft.client.Minecraft.run(Minecraft.java:807)
	at TRANSFORMER/minecraft@1.21.1/net.minecraft.client.main.Main.main(Main.java:230)
	at java.base/jdk.internal.reflect.DirectMethodHandleAccessor.invoke(DirectMethodHandleAccessor.java:103)
	at java.base/java.lang.reflect.Method.invoke(Method.java:580)
	at MC-BOOTSTRAP/fml_loader@4.0.44/net.neoforged.fml.loading.targets.CommonLaunchHandler.runTarget(CommonLaunchHandler.java:136)
	at MC-BOOTSTRAP/fml_loader@4.0.44/net.neoforged.fml.loading.targets.CommonLaunchHandler.clientService(CommonLaunchHandler.java:124)
	at MC-BOOTSTRAP/fml_loader@4.0.44/net.neoforged.fml.loading.targets.CommonClientLaunchHandler.runService(CommonClientLaunchHandler.java:32)
	at MC-BOOTSTRAP/fml_loader@4.0.44/net.neoforged.fml.loading.targets.CommonLaunchHandler.lambda$launchService$4(CommonLaunchHandler.java:118)
	at MC-BOOTSTRAP/cpw.mods.modlauncher@11.0.5/cpw.mods.modlauncher.LaunchServiceHandlerDecorator.launch(LaunchServiceHandlerDecorator.java:30)
	at MC-BOOTSTRAP/cpw.mods.modlauncher@11.0.5/cpw.mods.modlauncher.LaunchServiceHandler.launch(LaunchServiceHandler.java:53)
	at MC-BOOTSTRAP/cpw.mods.modlauncher@11.0.5/cpw.mods.modlauncher.LaunchServiceHandler.launch(LaunchServiceHandler.java:71)
	at MC-BOOTSTRAP/cpw.mods.modlauncher@11.0.5/cpw.mods.modlauncher.Launcher.run(Launcher.java:103)
	at MC-BOOTSTRAP/cpw.mods.modlauncher@11.0.5/cpw.mods.modlauncher.Launcher.main(Launcher.java:74)
	at MC-BOOTSTRAP/cpw.mods.modlauncher@11.0.5/cpw.mods.modlauncher.BootstrapLaunchConsumer.accept(BootstrapLaunchConsumer.java:26)
	at MC-BOOTSTRAP/cpw.mods.modlauncher@11.0.5/cpw.mods.modlauncher.BootstrapLaunchConsumer.accept(BootstrapLaunchConsumer.java:23)
	at cpw.mods.bootstraplauncher@2.0.2/cpw.mods.bootstraplauncher.BootstrapLauncher.run(BootstrapLauncher.java:210)
	at cpw.mods.bootstraplauncher@2.0.2/cpw.mods.bootstraplauncher.BootstrapLauncher.main(BootstrapLauncher.java:69)
	at java.base/jdk.internal.reflect.DirectMethodHandleAccessor.invoke(DirectMethodHandleAccessor.java:103)
	at java.base/java.lang.reflect.Method.invoke(Method.java:580)
	at io.github.zekerzhayard.forgewrapper.installer.Main.main(Main.java:67)
	at org.prismlauncher.launcher.impl.StandardLauncher.launch(StandardLauncher.java:115)
	at org.prismlauncher.EntryPoint.listen(EntryPoint.java:129)
	at org.prismlauncher.EntryPoint.main(EntryPoint.java:70)
[17:39:12] [Render thread/WARN] [REI] Trying to start reload plugins of stage START but found 1 existing reload task(s)!
[17:39:12] [Render thread/DEBUG] [REI] Requested the termination of REI reload tasks.
[17:39:12] [REI-ReloadPlugins/DEBUG] [REI] ========================================
[17:39:12] [REI-ReloadPlugins/DEBUG] [REI] REIPlugin starting pre-reload for START.
[17:39:12] [REI-ReloadPlugins/DEBUG] [REI] Reloadables (8):
[17:39:12] [REI-ReloadPlugins/DEBUG] [REI]  - EntryTypeRegistryImpl
[17:39:12] [REI-ReloadPlugins/DEBUG] [REI]  - EntrySettingsAdapterRegistryImpl
[17:39:12] [REI-ReloadPlugins/DEBUG] [REI]  - RecipeManagerContextImpl
[17:39:12] [REI-ReloadPlugins/DEBUG] [REI]  - ItemComparatorRegistryImpl
[17:39:12] [REI-ReloadPlugins/DEBUG] [REI]  - FluidComparatorRegistryImpl
[17:39:12] [REI-ReloadPlugins/DEBUG] [REI]  - DisplaySerializerRegistryImpl
[17:39:12] [REI-ReloadPlugins/DEBUG] [REI]  - FluidSupportProviderImpl
[17:39:12] [REI-ReloadPlugins/DEBUG] [REI]  - me.shedaniel.rei.plugin.client.runtime.PluginStageExecutionWatcher$1
[17:39:12] [REI-ReloadPlugins/DEBUG] [REI] Plugins (14):
[17:39:12] [REI-ReloadPlugins/DEBUG] [REI]  - (-100.00) DefaultClientPluginImpl of DefaultClientPluginImpl [roughlyenoughitems]
[17:39:12] [REI-ReloadPlugins/DEBUG] [REI]  - (-100.00) DefaultPluginImpl of DefaultPluginImpl [roughlyenoughitems]
[17:39:12] [REI-ReloadPlugins/DEBUG] [REI]  - (0.00) HideIngredientsFromTagsPlugin of HideIngredientsFromTagsPlugin [roughlyenoughitems]
[17:39:12] [REI-ReloadPlugins/DEBUG] [REI]  - (0.00) DefaultClientRuntimePlugin of DefaultClientRuntimePlugin [roughlyenoughitems]
[17:39:12] [REI-ReloadPlugins/DEBUG] [REI]  - (0.00) DefaultRuntimePlugin of DefaultRuntimePlugin [roughlyenoughitems]
[17:39:12] [REI-ReloadPlugins/DEBUG] [REI]  - (0.00) REIPlugin of REIPluginLoader [toms_storage]
[17:39:12] [REI-ReloadPlugins/DEBUG] [REI]  - (0.00) StorageReiClientPlugin of StorageReiClientPlugin [sophisticatedstorage]
[17:39:12] [REI-ReloadPlugins/DEBUG] [REI]  - (0.00) OwoReiPlugin of OwoReiPlugin [owo]
[17:39:12] [REI-ReloadPlugins/DEBUG] [REI]  - (0.00) CuriosReiPlugin of CuriosReiPlugin [curios]
[17:39:12] [REI-ReloadPlugins/DEBUG] [REI]  - (0.00) BackpackReiClientPlugin of BackpackReiClientPlugin [sophisticatedbackpacks]
[17:39:12] [REI-ReloadPlugins/DEBUG] [REI]  - (0.00) StorageReiCommonPlugin of StorageReiCommonPlugin [sophisticatedstorage]
[17:39:12] [REI-ReloadPlugins/DEBUG] [REI]  - (0.00) BackpackReiCommonPlugin of BackpackReiCommonPlugin [sophisticatedbackpacks]
[17:39:12] [REI-ReloadPlugins/DEBUG] [REI]  - (0.00) CoreReiCommonPlugin of CoreReiCommonPlugin [sophisticatedcore]
[17:39:12] [REI-ReloadPlugins/DEBUG] [REI]  - (10000000.00) KubeJSREIPlugin of KubeJSREIPlugin [kubejs]
[17:39:12] [REI-ReloadPlugins/DEBUG] [REI] ========================================
[17:39:12] [REI-ReloadPlugins/TRACE] [REI] [REIPlugin START] Reloading Section: "pre-register/"
[17:39:12] [REI-ReloadPlugins/TRACE] [REI] [REIPlugin START] Reloading Section: "pre-register/DefaultClientPluginImpl of DefaultClientPluginImpl [roughlyenoughitems]/"
[17:39:12] [REI-ReloadPlugins/TRACE] [REI] [REIPlugin START] Reloading Section: "pre-register/DefaultClientPluginImpl of DefaultClientPluginImpl [roughlyenoughitems]/" done in 528.0 μs
[17:39:12] [REI-ReloadPlugins/DEBUG] [REI] Plugin reload interrupted!
[17:39:12] [REI-ReloadPlugins/TRACE] [REI] [REIPlugin START] Reloading Section: "pre-register/" done in 4.562 ms
[17:39:12] [REI-ReloadPlugins/DEBUG] [REI] Plugin reload interrupted!
[17:39:12] [REI-ReloadPlugins/DEBUG] [REI] Interrupted while reloading plugins, could be caused by a new request to reload plugins!
java.lang.InterruptedException
	at TRANSFORMER/roughlyenoughitems@16.0.799/me.shedaniel.rei.impl.common.plugins.ReloadInterruptionContext.checkInterrupted(ReloadInterruptionContext.java:37)
	at TRANSFORMER/roughlyenoughitems@16.0.799/me.shedaniel.rei.impl.common.plugins.ReloadInterruptionContext$1.checkInterrupted(ReloadInterruptionContext.java:51)
	at TRANSFORMER/roughlyenoughitems@16.0.799/me.shedaniel.rei.impl.common.plugins.PluginManagerImpl$SectionClosable.close(PluginManagerImpl.java:172)
	at TRANSFORMER/roughlyenoughitems@16.0.799/me.shedaniel.rei.impl.common.plugins.PluginManagerImpl.pluginSection(PluginManagerImpl.java:209)
	at TRANSFORMER/roughlyenoughitems@16.0.799/me.shedaniel.rei.impl.common.plugins.PluginManagerImpl.pre(PluginManagerImpl.java:253)
	at TRANSFORMER/roughlyenoughitems@16.0.799/me.shedaniel.rei.impl.common.plugins.ReloadManagerImpl.reloadPlugins0(ReloadManagerImpl.java:152)
	at TRANSFORMER/roughlyenoughitems@16.0.799/me.shedaniel.rei.impl.common.plugins.ReloadManagerImpl.reloadPlugins0(ReloadManagerImpl.java:144)
	at TRANSFORMER/roughlyenoughitems@16.0.799/me.shedaniel.rei.impl.common.plugins.ReloadManagerImpl.lambda$reloadPlugins$7(ReloadManagerImpl.java:122)
	at java.base/java.util.concurrent.CompletableFuture$AsyncRun.run(CompletableFuture.java:1804)
	at java.base/java.util.concurrent.Executors$RunnableAdapter.call(Executors.java:572)
	at java.base/java.util.concurrent.FutureTask.run(FutureTask.java:317)
	at java.base/java.util.concurrent.ScheduledThreadPoolExecutor$ScheduledFutureTask.run(ScheduledThreadPoolExecutor.java:304)
	at java.base/java.util.concurrent.ThreadPoolExecutor.runWorker(ThreadPoolExecutor.java:1144)
	at java.base/java.util.concurrent.ThreadPoolExecutor$Worker.run(ThreadPoolExecutor.java:642)
	at java.base/java.lang.Thread.run(Thread.java:1583)
	Suppressed: java.lang.InterruptedException
		at TRANSFORMER/roughlyenoughitems@16.0.799/me.shedaniel.rei.impl.common.plugins.ReloadInterruptionContext.checkInterrupted(ReloadInterruptionContext.java:37)
		at TRANSFORMER/roughlyenoughitems@16.0.799/me.shedaniel.rei.impl.common.plugins.ReloadInterruptionContext$1.checkInterrupted(ReloadInterruptionContext.java:51)
		at TRANSFORMER/roughlyenoughitems@16.0.799/me.shedaniel.rei.impl.common.plugins.PluginManagerImpl$SectionClosable.close(PluginManagerImpl.java:172)
		at TRANSFORMER/roughlyenoughitems@16.0.799/me.shedaniel.rei.impl.common.plugins.PluginManagerImpl.pre(PluginManagerImpl.java:251)
		... 10 more
[17:39:12] [Render thread/DEBUG] [REI] Successfully terminated reload tasks in 50.09 ms
[17:39:12] [REI-ReloadPlugins/DEBUG] [REI] ========================================
[17:39:12] [REI-ReloadPlugins/DEBUG] [REI] REIPlugin starting pre-reload for START.
[17:39:12] [REI-ReloadPlugins/DEBUG] [REI] Reloadables (8):
[17:39:12] [REI-ReloadPlugins/DEBUG] [REI]  - EntryTypeRegistryImpl
[17:39:12] [REI-ReloadPlugins/DEBUG] [REI]  - EntrySettingsAdapterRegistryImpl
[17:39:12] [REI-ReloadPlugins/DEBUG] [REI]  - RecipeManagerContextImpl
[17:39:12] [REI-ReloadPlugins/DEBUG] [REI]  - ItemComparatorRegistryImpl
[17:39:12] [REI-ReloadPlugins/DEBUG] [REI]  - FluidComparatorRegistryImpl
[17:39:12] [REI-ReloadPlugins/DEBUG] [REI]  - DisplaySerializerRegistryImpl
[17:39:12] [REI-ReloadPlugins/DEBUG] [REI]  - FluidSupportProviderImpl
[17:39:12] [REI-ReloadPlugins/DEBUG] [REI]  - me.shedaniel.rei.plugin.client.runtime.PluginStageExecutionWatcher$1
[17:39:12] [REI-ReloadPlugins/DEBUG] [REI] Plugins (14):
[17:39:12] [REI-ReloadPlugins/DEBUG] [REI]  - (-100.00) DefaultClientPluginImpl of DefaultClientPluginImpl [roughlyenoughitems]
[17:39:12] [REI-ReloadPlugins/DEBUG] [REI]  - (-100.00) DefaultPluginImpl of DefaultPluginImpl [roughlyenoughitems]
[17:39:12] [REI-ReloadPlugins/DEBUG] [REI]  - (0.00) HideIngredientsFromTagsPlugin of HideIngredientsFromTagsPlugin [roughlyenoughitems]
[17:39:12] [REI-ReloadPlugins/DEBUG] [REI]  - (0.00) DefaultClientRuntimePlugin of DefaultClientRuntimePlugin [roughlyenoughitems]
[17:39:12] [REI-ReloadPlugins/DEBUG] [REI]  - (0.00) DefaultRuntimePlugin of DefaultRuntimePlugin [roughlyenoughitems]
[17:39:12] [REI-ReloadPlugins/DEBUG] [REI]  - (0.00) REIPlugin of REIPluginLoader [toms_storage]
[17:39:12] [REI-ReloadPlugins/DEBUG] [REI]  - (0.00) StorageReiClientPlugin of StorageReiClientPlugin [sophisticatedstorage]
[17:39:12] [REI-ReloadPlugins/DEBUG] [REI]  - (0.00) OwoReiPlugin of OwoReiPlugin [owo]
[17:39:12] [REI-ReloadPlugins/DEBUG] [REI]  - (0.00) CuriosReiPlugin of CuriosReiPlugin [curios]
[17:39:12] [REI-ReloadPlugins/DEBUG] [REI]  - (0.00) BackpackReiClientPlugin of BackpackReiClientPlugin [sophisticatedbackpacks]
[17:39:12] [REI-ReloadPlugins/DEBUG] [REI]  - (0.00) StorageReiCommonPlugin of StorageReiCommonPlugin [sophisticatedstorage]
[17:39:12] [REI-ReloadPlugins/DEBUG] [REI]  - (0.00) BackpackReiCommonPlugin of BackpackReiCommonPlugin [sophisticatedbackpacks]
[17:39:12] [REI-ReloadPlugins/DEBUG] [REI]  - (0.00) CoreReiCommonPlugin of CoreReiCommonPlugin [sophisticatedcore]
[17:39:12] [REI-ReloadPlugins/DEBUG] [REI]  - (10000000.00) KubeJSREIPlugin of KubeJSREIPlugin [kubejs]
[17:39:12] [REI-ReloadPlugins/DEBUG] [REI] ========================================
[17:39:12] [REI-ReloadPlugins/TRACE] [REI] [REIPlugin START] Reloading Section: "pre-register/"
[17:39:12] [REI-ReloadPlugins/TRACE] [REI] [REIPlugin START] Reloading Section: "pre-register/DefaultClientPluginImpl of DefaultClientPluginImpl [roughlyenoughitems]/"
[17:39:12] [REI-ReloadPlugins/TRACE] [REI] [REIPlugin START] Reloading Section: "pre-register/DefaultClientPluginImpl of DefaultClientPluginImpl [roughlyenoughitems]/" done in 22.02 μs
[17:39:12] [REI-ReloadPlugins/TRACE] [REI] [REIPlugin START] Reloading Section: "pre-register/DefaultPluginImpl of DefaultPluginImpl [roughlyenoughitems]/"
[17:39:12] [REI-ReloadPlugins/TRACE] [REI] [REIPlugin START] Reloading Section: "pre-register/DefaultPluginImpl of DefaultPluginImpl [roughlyenoughitems]/" done in 18.84 μs
[17:39:12] [REI-ReloadPlugins/TRACE] [REI] [REIPlugin START] Reloading Section: "pre-register/HideIngredientsFromTagsPlugin of HideIngredientsFromTagsPlugin [roughlyenoughitems]/"
[17:39:12] [REI-ReloadPlugins/TRACE] [REI] [REIPlugin START] Reloading Section: "pre-register/HideIngredientsFromTagsPlugin of HideIngredientsFromTagsPlugin [roughlyenoughitems]/" done in 15.35 μs
[17:39:12] [REI-ReloadPlugins/TRACE] [REI] [REIPlugin START] Reloading Section: "pre-register/DefaultClientRuntimePlugin of DefaultClientRuntimePlugin [roughlyenoughitems]/"
[17:39:12] [REI-ReloadPlugins/TRACE] [REI] [REIPlugin START] Reloading Section: "pre-register/DefaultClientRuntimePlugin of DefaultClientRuntimePlugin [roughlyenoughitems]/" done in 20.49 μs
[17:39:12] [REI-ReloadPlugins/TRACE] [REI] [REIPlugin START] Reloading Section: "pre-register/DefaultRuntimePlugin of DefaultRuntimePlugin [roughlyenoughitems]/"
[17:39:12] [REI-ReloadPlugins/TRACE] [REI] [REIPlugin START] Reloading Section: "pre-register/DefaultRuntimePlugin of DefaultRuntimePlugin [roughlyenoughitems]/" done in 14.16 μs
[17:39:12] [REI-ReloadPlugins/TRACE] [REI] [REIPlugin START] Reloading Section: "pre-register/REIPlugin of REIPluginLoader [toms_storage]/"
[17:39:12] [REI-ReloadPlugins/TRACE] [REI] [REIPlugin START] Reloading Section: "pre-register/REIPlugin of REIPluginLoader [toms_storage]/" done in 21.54 μs
[17:39:12] [REI-ReloadPlugins/TRACE] [REI] [REIPlugin START] Reloading Section: "pre-register/StorageReiClientPlugin of StorageReiClientPlugin [sophisticatedstorage]/"
[17:39:12] [REI-ReloadPlugins/TRACE] [REI] [REIPlugin START] Reloading Section: "pre-register/StorageReiClientPlugin of StorageReiClientPlugin [sophisticatedstorage]/" done in 19.87 μs
[17:39:12] [REI-ReloadPlugins/TRACE] [REI] [REIPlugin START] Reloading Section: "pre-register/OwoReiPlugin of OwoReiPlugin [owo]/"
[17:39:12] [REI-ReloadPlugins/TRACE] [REI] [REIPlugin START] Reloading Section: "pre-register/OwoReiPlugin of OwoReiPlugin [owo]/" done in 18.74 μs
[17:39:12] [REI-ReloadPlugins/TRACE] [REI] [REIPlugin START] Reloading Section: "pre-register/CuriosReiPlugin of CuriosReiPlugin [curios]/"
[17:39:12] [REI-ReloadPlugins/TRACE] [REI] [REIPlugin START] Reloading Section: "pre-register/CuriosReiPlugin of CuriosReiPlugin [curios]/" done in 18.95 μs
[17:39:12] [REI-ReloadPlugins/TRACE] [REI] [REIPlugin START] Reloading Section: "pre-register/BackpackReiClientPlugin of BackpackReiClientPlugin [sophisticatedbackpacks]/"
[17:39:12] [REI-ReloadPlugins/TRACE] [REI] [REIPlugin START] Reloading Section: "pre-register/BackpackReiClientPlugin of BackpackReiClientPlugin [sophisticatedbackpacks]/" done in 21.48 μs
[17:39:12] [REI-ReloadPlugins/TRACE] [REI] [REIPlugin START] Reloading Section: "pre-register/StorageReiCommonPlugin of StorageReiCommonPlugin [sophisticatedstorage]/"
[17:39:12] [REI-ReloadPlugins/TRACE] [REI] [REIPlugin START] Reloading Section: "pre-register/StorageReiCommonPlugin of StorageReiCommonPlugin [sophisticatedstorage]/" done in 16.61 μs
[17:39:12] [REI-ReloadPlugins/TRACE] [REI] [REIPlugin START] Reloading Section: "pre-register/BackpackReiCommonPlugin of BackpackReiCommonPlugin [sophisticatedbackpacks]/"
[17:39:12] [REI-ReloadPlugins/TRACE] [REI] [REIPlugin START] Reloading Section: "pre-register/BackpackReiCommonPlugin of BackpackReiCommonPlugin [sophisticatedbackpacks]/" done in 14.52 μs
[17:39:12] [REI-ReloadPlugins/TRACE] [REI] [REIPlugin START] Reloading Section: "pre-register/CoreReiCommonPlugin of CoreReiCommonPlugin [sophisticatedcore]/"
[17:39:12] [REI-ReloadPlugins/TRACE] [REI] [REIPlugin START] Reloading Section: "pre-register/CoreReiCommonPlugin of CoreReiCommonPlugin [sophisticatedcore]/" done in 16.67 μs
[17:39:12] [REI-ReloadPlugins/TRACE] [REI] [REIPlugin START] Reloading Section: "pre-register/KubeJSREIPlugin of KubeJSREIPlugin [kubejs]/"
[17:39:12] [REI-ReloadPlugins/TRACE] [REI] [REIPlugin START] Reloading Section: "pre-register/KubeJSREIPlugin of KubeJSREIPlugin [kubejs]/" done in 22.75 μs
[17:39:12] [REI-ReloadPlugins/TRACE] [REI] [REIPlugin START] Reloading Section: "pre-register/" done in 702.6 μs
[17:39:12] [REI-ReloadPlugins/TRACE] [REI] [REIPlugin START] Reloading Section: "pre-stage/"
[17:39:12] [REI-ReloadPlugins/TRACE] [REI] [REIPlugin START] Reloading Section: "pre-stage/EntryTypeRegistryImpl/"
[17:39:12] [REI-ReloadPlugins/TRACE] [REI] [REIPlugin START] Reloading Section: "pre-stage/EntryTypeRegistryImpl/" done in 122.5 μs
[17:39:12] [REI-ReloadPlugins/TRACE] [REI] [REIPlugin START] Reloading Section: "pre-stage/EntrySettingsAdapterRegistryImpl/"
[17:39:12] [REI-ReloadPlugins/TRACE] [REI] [REIPlugin START] Reloading Section: "pre-stage/EntrySettingsAdapterRegistryImpl/" done in 21.93 μs
[17:39:12] [REI-ReloadPlugins/TRACE] [REI] [REIPlugin START] Reloading Section: "pre-stage/RecipeManagerContextImpl/"
[17:39:12] [REI-ReloadPlugins/TRACE] [REI] [REIPlugin START] Reloading Section: "pre-stage/RecipeManagerContextImpl/" done in 21.55 μs
[17:39:12] [REI-ReloadPlugins/TRACE] [REI] [REIPlugin START] Reloading Section: "pre-stage/ItemComparatorRegistryImpl/"
[17:39:12] [REI-ReloadPlugins/TRACE] [REI] [REIPlugin START] Reloading Section: "pre-stage/ItemComparatorRegistryImpl/" done in 17.58 μs
[17:39:12] [REI-ReloadPlugins/TRACE] [REI] [REIPlugin START] Reloading Section: "pre-stage/FluidComparatorRegistryImpl/"
[17:39:12] [REI-ReloadPlugins/TRACE] [REI] [REIPlugin START] Reloading Section: "pre-stage/FluidComparatorRegistryImpl/" done in 15.34 μs
[17:39:12] [REI-ReloadPlugins/TRACE] [REI] [REIPlugin START] Reloading Section: "pre-stage/DisplaySerializerRegistryImpl/"
[17:39:12] [REI-ReloadPlugins/TRACE] [REI] [REIPlugin START] Reloading Section: "pre-stage/DisplaySerializerRegistryImpl/" done in 14.18 μs
[17:39:12] [REI-ReloadPlugins/TRACE] [REI] [REIPlugin START] Reloading Section: "pre-stage/FluidSupportProviderImpl/"
[17:39:12] [REI-ReloadPlugins/TRACE] [REI] [REIPlugin START] Reloading Section: "pre-stage/FluidSupportProviderImpl/" done in 15.04 μs
[17:39:12] [REI-ReloadPlugins/TRACE] [REI] [REIPlugin START] Reloading Section: "pre-stage/me.shedaniel.rei.plugin.client.runtime.PluginStageExecutionWatcher$1/"
[17:39:12] [REI-ReloadPlugins/TRACE] [REI] [REIPlugin START] Reloading Section: "pre-stage/me.shedaniel.rei.plugin.client.runtime.PluginStageExecutionWatcher$1/" done in 285.8 μs
[17:39:12] [REI-ReloadPlugins/TRACE] [REI] [REIPlugin START] Reloading Section: "pre-stage/" done in 861.9 μs
[17:39:12] [REI-ReloadPlugins/DEBUG] [REI] ========================================
[17:39:12] [REI-ReloadPlugins/DEBUG] [REI] REIPlugin finished pre-reload for START in 1.624 ms.
[17:39:12] [REI-ReloadPlugins/DEBUG] [REI] ========================================
[17:39:12] [REI-ReloadPlugins/DEBUG] [REI] ========================================
[17:39:12] [REI-ReloadPlugins/DEBUG] [REI] REIClientPlugin starting pre-reload for START.
[17:39:12] [REI-ReloadPlugins/DEBUG] [REI] Reloadables (18):
[17:39:12] [REI-ReloadPlugins/DEBUG] [REI]  - EntryRendererRegistryImpl
[17:39:12] [REI-ReloadPlugins/DEBUG] [REI]  - ViewsImpl
[17:39:12] [REI-ReloadPlugins/DEBUG] [REI]  - InputMethodRegistryImpl
[17:39:12] [REI-ReloadPlugins/DEBUG] [REI]  - SearchProviderImpl
[17:39:12] [REI-ReloadPlugins/DEBUG] [REI]  - ConfigManagerImpl
[17:39:12] [REI-ReloadPlugins/DEBUG] [REI]  - EntryRegistryImpl
[17:39:12] [REI-ReloadPlugins/DEBUG] [REI]  - CollapsibleEntryRegistryImpl
[17:39:12] [REI-ReloadPlugins/DEBUG] [REI]  - BasicFilteringRuleImpl
[17:39:12] [REI-ReloadPlugins/DEBUG] [REI]  - CategoryRegistryImpl
[17:39:12] [REI-ReloadPlugins/DEBUG] [REI]  - DisplayRegistryImpl
[17:39:12] [REI-ReloadPlugins/DEBUG] [REI]  - ScreenRegistryImpl
[17:39:12] [REI-ReloadPlugins/DEBUG] [REI]  - FavoriteEntryTypeRegistryImpl
[17:39:12] [REI-ReloadPlugins/DEBUG] [REI]  - SubsetsRegistryImpl
[17:39:12] [REI-ReloadPlugins/DEBUG] [REI]  - TransferHandlerRegistryImpl
[17:39:12] [REI-ReloadPlugins/DEBUG] [REI]  - SearchRuntime
[17:39:12] [REI-ReloadPlugins/DEBUG] [REI]  - REIRuntimeImpl
[17:39:12] [REI-ReloadPlugins/DEBUG] [REI]  - ConfigAddonRegistryImpl
[17:39:12] [REI-ReloadPlugins/DEBUG] [REI]  - me.shedaniel.rei.plugin.client.runtime.PluginStageExecutionWatcher$1
[17:39:12] [REI-ReloadPlugins/DEBUG] [REI] Plugins (9):
[17:39:12] [REI-ReloadPlugins/DEBUG] [REI]  - (-100.00) DefaultClientPluginImpl of DefaultClientPluginImpl [roughlyenoughitems]
[17:39:12] [REI-ReloadPlugins/DEBUG] [REI]  - (0.00) REIPlugin of REIPluginLoader [toms_storage]
[17:39:12] [REI-ReloadPlugins/DEBUG] [REI]  - (0.00) StorageReiClientPlugin of StorageReiClientPlugin [sophisticatedstorage]
[17:39:12] [REI-ReloadPlugins/DEBUG] [REI]  - (0.00) OwoReiPlugin of OwoReiPlugin [owo]
[17:39:12] [REI-ReloadPlugins/DEBUG] [REI]  - (0.00) CuriosReiPlugin of CuriosReiPlugin [curios]
[17:39:12] [REI-ReloadPlugins/DEBUG] [REI]  - (0.00) BackpackReiClientPlugin of BackpackReiClientPlugin [sophisticatedbackpacks]
[17:39:12] [REI-ReloadPlugins/DEBUG] [REI]  - (0.00) HideIngredientsFromTagsPlugin of HideIngredientsFromTagsPlugin [roughlyenoughitems]
[17:39:12] [REI-ReloadPlugins/DEBUG] [REI]  - (0.00) DefaultClientRuntimePlugin of DefaultClientRuntimePlugin [roughlyenoughitems]
[17:39:12] [REI-ReloadPlugins/DEBUG] [REI]  - (10000000.00) KubeJSREIPlugin of KubeJSREIPlugin [kubejs]
[17:39:12] [REI-ReloadPlugins/DEBUG] [REI] ========================================
[17:39:12] [REI-ReloadPlugins/TRACE] [REI] [REIClientPlugin START] Reloading Section: "pre-register/"
[17:39:12] [REI-ReloadPlugins/TRACE] [REI] [REIClientPlugin START] Reloading Section: "pre-register/DefaultClientPluginImpl of DefaultClientPluginImpl [roughlyenoughitems]/"
[17:39:12] [REI-ReloadPlugins/TRACE] [REI] [REIClientPlugin START] Reloading Section: "pre-register/DefaultClientPluginImpl of DefaultClientPluginImpl [roughlyenoughitems]/" done in 19.67 μs
[17:39:12] [REI-ReloadPlugins/TRACE] [REI] [REIClientPlugin START] Reloading Section: "pre-register/REIPlugin of REIPluginLoader [toms_storage]/"
[17:39:12] [REI-ReloadPlugins/TRACE] [REI] [REIClientPlugin START] Reloading Section: "pre-register/REIPlugin of REIPluginLoader [toms_storage]/" done in 24.16 μs
[17:39:12] [REI-ReloadPlugins/TRACE] [REI] [REIClientPlugin START] Reloading Section: "pre-register/StorageReiClientPlugin of StorageReiClientPlugin [sophisticatedstorage]/"
[17:39:12] [REI-ReloadPlugins/TRACE] [REI] [REIClientPlugin START] Reloading Section: "pre-register/StorageReiClientPlugin of StorageReiClientPlugin [sophisticatedstorage]/" done in 19.77 μs
[17:39:12] [REI-ReloadPlugins/TRACE] [REI] [REIClientPlugin START] Reloading Section: "pre-register/OwoReiPlugin of OwoReiPlugin [owo]/"
[17:39:12] [REI-ReloadPlugins/TRACE] [REI] [REIClientPlugin START] Reloading Section: "pre-register/OwoReiPlugin of OwoReiPlugin [owo]/" done in 18.72 μs
[17:39:12] [REI-ReloadPlugins/TRACE] [REI] [REIClientPlugin START] Reloading Section: "pre-register/CuriosReiPlugin of CuriosReiPlugin [curios]/"
[17:39:12] [REI-ReloadPlugins/TRACE] [REI] [REIClientPlugin START] Reloading Section: "pre-register/CuriosReiPlugin of CuriosReiPlugin [curios]/" done in 16.61 μs
[17:39:12] [REI-ReloadPlugins/TRACE] [REI] [REIClientPlugin START] Reloading Section: "pre-register/BackpackReiClientPlugin of BackpackReiClientPlugin [sophisticatedbackpacks]/"
[17:39:12] [REI-ReloadPlugins/TRACE] [REI] [REIClientPlugin START] Reloading Section: "pre-register/BackpackReiClientPlugin of BackpackReiClientPlugin [sophisticatedbackpacks]/" done in 16.20 μs
[17:39:12] [REI-ReloadPlugins/TRACE] [REI] [REIClientPlugin START] Reloading Section: "pre-register/HideIngredientsFromTagsPlugin of HideIngredientsFromTagsPlugin [roughlyenoughitems]/"
[17:39:12] [REI-ReloadPlugins/TRACE] [REI] [REIClientPlugin START] Reloading Section: "pre-register/HideIngredientsFromTagsPlugin of HideIngredientsFromTagsPlugin [roughlyenoughitems]/" done in 16.58 μs
[17:39:12] [REI-ReloadPlugins/TRACE] [REI] [REIClientPlugin START] Reloading Section: "pre-register/DefaultClientRuntimePlugin of DefaultClientRuntimePlugin [roughlyenoughitems]/"
[17:39:12] [REI-ReloadPlugins/TRACE] [REI] [REIClientPlugin START] Reloading Section: "pre-register/DefaultClientRuntimePlugin of DefaultClientRuntimePlugin [roughlyenoughitems]/" done in 16.17 μs
[17:39:12] [REI-ReloadPlugins/TRACE] [REI] [REIClientPlugin START] Reloading Section: "pre-register/KubeJSREIPlugin of KubeJSREIPlugin [kubejs]/"
[17:39:12] [REI-ReloadPlugins/TRACE] [REI] [REIClientPlugin START] Reloading Section: "pre-register/KubeJSREIPlugin of KubeJSREIPlugin [kubejs]/" done in 16.57 μs
[17:39:12] [REI-ReloadPlugins/TRACE] [REI] [REIClientPlugin START] Reloading Section: "pre-register/" done in 478.8 μs
[17:39:12] [REI-ReloadPlugins/TRACE] [REI] [REIClientPlugin START] Reloading Section: "pre-stage/"
[17:39:12] [REI-ReloadPlugins/TRACE] [REI] [REIClientPlugin START] Reloading Section: "pre-stage/EntryRendererRegistryImpl/"
[17:39:12] [REI-ReloadPlugins/TRACE] [REI] [REIClientPlugin START] Reloading Section: "pre-stage/EntryRendererRegistryImpl/" done in 25.79 μs
[17:39:12] [REI-ReloadPlugins/TRACE] [REI] [REIClientPlugin START] Reloading Section: "pre-stage/ViewsImpl/"
[17:39:12] [REI-ReloadPlugins/TRACE] [REI] [REIClientPlugin START] Reloading Section: "pre-stage/ViewsImpl/" done in 12.19 μs
[17:39:12] [REI-ReloadPlugins/TRACE] [REI] [REIClientPlugin START] Reloading Section: "pre-stage/InputMethodRegistryImpl/"
[17:39:12] [REI-ReloadPlugins/TRACE] [REI] [REIClientPlugin START] Reloading Section: "pre-stage/InputMethodRegistryImpl/" done in 8.966 μs
[17:39:12] [REI-ReloadPlugins/TRACE] [REI] [REIClientPlugin START] Reloading Section: "pre-stage/SearchProviderImpl/"
[17:39:12] [REI-ReloadPlugins/TRACE] [REI] [REIClientPlugin START] Reloading Section: "pre-stage/SearchProviderImpl/" done in 9.348 μs
[17:39:12] [REI-ReloadPlugins/TRACE] [REI] [REIClientPlugin START] Reloading Section: "pre-stage/ConfigManagerImpl/"
[17:39:12] [REI-ReloadPlugins/TRACE] [REI] [REIClientPlugin START] Reloading Section: "pre-stage/ConfigManagerImpl/" done in 8.646 μs
[17:39:12] [REI-ReloadPlugins/TRACE] [REI] [REIClientPlugin START] Reloading Section: "pre-stage/EntryRegistryImpl/"
[17:39:12] [REI-ReloadPlugins/TRACE] [REI] [REIClientPlugin START] Reloading Section: "pre-stage/EntryRegistryImpl/" done in 9.358 μs
[17:39:12] [REI-ReloadPlugins/TRACE] [REI] [REIClientPlugin START] Reloading Section: "pre-stage/CollapsibleEntryRegistryImpl/"
[17:39:12] [REI-ReloadPlugins/TRACE] [REI] [REIClientPlugin START] Reloading Section: "pre-stage/CollapsibleEntryRegistryImpl/" done in 8.646 μs
[17:39:12] [REI-ReloadPlugins/TRACE] [REI] [REIClientPlugin START] Reloading Section: "pre-stage/BasicFilteringRuleImpl/"
[17:39:12] [REI-ReloadPlugins/TRACE] [REI] [REIClientPlugin START] Reloading Section: "pre-stage/BasicFilteringRuleImpl/" done in 27.30 μs
[17:39:12] [REI-ReloadPlugins/TRACE] [REI] [REIClientPlugin START] Reloading Section: "pre-stage/CategoryRegistryImpl/"
[17:39:12] [REI-ReloadPlugins/TRACE] [REI] [REIClientPlugin START] Reloading Section: "pre-stage/CategoryRegistryImpl/" done in 11.47 μs
[17:39:12] [REI-ReloadPlugins/TRACE] [REI] [REIClientPlugin START] Reloading Section: "pre-stage/DisplayRegistryImpl/"
[17:39:12] [REI-ReloadPlugins/TRACE] [REI] [REIClientPlugin START] Reloading Section: "pre-stage/DisplayRegistryImpl/" done in 8.946 μs
[17:39:12] [REI-ReloadPlugins/TRACE] [REI] [REIClientPlugin START] Reloading Section: "pre-stage/ScreenRegistryImpl/"
[17:39:12] [REI-ReloadPlugins/TRACE] [REI] [REIClientPlugin START] Reloading Section: "pre-stage/ScreenRegistryImpl/" done in 9.197 μs
[17:39:12] [REI-ReloadPlugins/TRACE] [REI] [REIClientPlugin START] Reloading Section: "pre-stage/FavoriteEntryTypeRegistryImpl/"
[17:39:12] [REI-ReloadPlugins/TRACE] [REI] [REIClientPlugin START] Reloading Section: "pre-stage/FavoriteEntryTypeRegistryImpl/" done in 9.187 μs
[17:39:12] [REI-ReloadPlugins/TRACE] [REI] [REIClientPlugin START] Reloading Section: "pre-stage/SubsetsRegistryImpl/"
[17:39:12] [REI-ReloadPlugins/TRACE] [REI] [REIClientPlugin START] Reloading Section: "pre-stage/SubsetsRegistryImpl/" done in 9.888 μs
[17:39:12] [REI-ReloadPlugins/TRACE] [REI] [REIClientPlugin START] Reloading Section: "pre-stage/TransferHandlerRegistryImpl/"
[17:39:12] [REI-ReloadPlugins/TRACE] [REI] [REIClientPlugin START] Reloading Section: "pre-stage/TransferHandlerRegistryImpl/" done in 9.248 μs
[17:39:12] [REI-ReloadPlugins/TRACE] [REI] [REIClientPlugin START] Reloading Section: "pre-stage/SearchRuntime/"
[17:39:12] [REI-ReloadPlugins/TRACE] [REI] [REIClientPlugin START] Reloading Section: "pre-stage/SearchRuntime/" done in 8.576 μs
[17:39:12] [REI-ReloadPlugins/TRACE] [REI] [REIClientPlugin START] Reloading Section: "pre-stage/REIRuntimeImpl/"
[17:39:12] [REI-ReloadPlugins/TRACE] [REI] [REIClientPlugin START] Reloading Section: "pre-stage/REIRuntimeImpl/" done in 8.226 μs
[17:39:12] [REI-ReloadPlugins/TRACE] [REI] [REIClientPlugin START] Reloading Section: "pre-stage/ConfigAddonRegistryImpl/"
[17:39:12] [REI-ReloadPlugins/TRACE] [REI] [REIClientPlugin START] Reloading Section: "pre-stage/ConfigAddonRegistryImpl/" done in 21.38 μs
[17:39:12] [REI-ReloadPlugins/TRACE] [REI] [REIClientPlugin START] Reloading Section: "pre-stage/me.shedaniel.rei.plugin.client.runtime.PluginStageExecutionWatcher$1/"
[17:39:12] [REI-ReloadPlugins/TRACE] [REI] [REIClientPlugin START] Reloading Section: "pre-stage/me.shedaniel.rei.plugin.client.runtime.PluginStageExecutionWatcher$1/" done in 11.34 μs
[17:39:12] [REI-ReloadPlugins/TRACE] [REI] [REIClientPlugin START] Reloading Section: "pre-stage/" done in 551.3 μs
[17:39:12] [REI-ReloadPlugins/DEBUG] [REI] ========================================
[17:39:12] [REI-ReloadPlugins/DEBUG] [REI] REIClientPlugin finished pre-reload for START in 1.069 ms.
[17:39:12] [REI-ReloadPlugins/DEBUG] [REI] ========================================
[17:39:12] [REI-ReloadPlugins/DEBUG] [REI] ========================================
[17:39:12] [REI-ReloadPlugins/DEBUG] [REI] REIServerPlugin starting pre-reload for START.
[17:39:12] [REI-ReloadPlugins/DEBUG] [REI] Reloadables (3):
[17:39:12] [REI-ReloadPlugins/DEBUG] [REI]  - MenuInfoRegistryImpl
[17:39:12] [REI-ReloadPlugins/DEBUG] [REI]  - SlotAccessorRegistryImpl
[17:39:12] [REI-ReloadPlugins/DEBUG] [REI]  - me.shedaniel.rei.plugin.client.runtime.PluginStageExecutionWatcher$1
[17:39:12] [REI-ReloadPlugins/DEBUG] [REI] Plugins (5):
[17:39:12] [REI-ReloadPlugins/DEBUG] [REI]  - (-100.00) DefaultPluginImpl of DefaultPluginImpl [roughlyenoughitems]
[17:39:12] [REI-ReloadPlugins/DEBUG] [REI]  - (0.00) StorageReiCommonPlugin of StorageReiCommonPlugin [sophisticatedstorage]
[17:39:12] [REI-ReloadPlugins/DEBUG] [REI]  - (0.00) BackpackReiCommonPlugin of BackpackReiCommonPlugin [sophisticatedbackpacks]
[17:39:12] [REI-ReloadPlugins/DEBUG] [REI]  - (0.00) CoreReiCommonPlugin of CoreReiCommonPlugin [sophisticatedcore]
[17:39:12] [REI-ReloadPlugins/DEBUG] [REI]  - (0.00) DefaultRuntimePlugin of DefaultRuntimePlugin [roughlyenoughitems]
[17:39:12] [REI-ReloadPlugins/DEBUG] [REI] ========================================
[17:39:12] [REI-ReloadPlugins/TRACE] [REI] [REIServerPlugin START] Reloading Section: "pre-register/"
[17:39:12] [REI-ReloadPlugins/TRACE] [REI] [REIServerPlugin START] Reloading Section: "pre-register/DefaultPluginImpl of DefaultPluginImpl [roughlyenoughitems]/"
[17:39:12] [REI-ReloadPlugins/TRACE] [REI] [REIServerPlugin START] Reloading Section: "pre-register/DefaultPluginImpl of DefaultPluginImpl [roughlyenoughitems]/" done in 12.03 μs
[17:39:12] [REI-ReloadPlugins/TRACE] [REI] [REIServerPlugin START] Reloading Section: "pre-register/StorageReiCommonPlugin of StorageReiCommonPlugin [sophisticatedstorage]/"
[17:39:12] [REI-ReloadPlugins/TRACE] [REI] [REIServerPlugin START] Reloading Section: "pre-register/StorageReiCommonPlugin of StorageReiCommonPlugin [sophisticatedstorage]/" done in 11.93 μs
[17:39:12] [REI-ReloadPlugins/TRACE] [REI] [REIServerPlugin START] Reloading Section: "pre-register/BackpackReiCommonPlugin of BackpackReiCommonPlugin [sophisticatedbackpacks]/"
[17:39:12] [REI-ReloadPlugins/TRACE] [REI] [REIServerPlugin START] Reloading Section: "pre-register/BackpackReiCommonPlugin of BackpackReiCommonPlugin [sophisticatedbackpacks]/" done in 9.968 μs
[17:39:12] [REI-ReloadPlugins/TRACE] [REI] [REIServerPlugin START] Reloading Section: "pre-register/CoreReiCommonPlugin of CoreReiCommonPlugin [sophisticatedcore]/"
[17:39:12] [REI-ReloadPlugins/TRACE] [REI] [REIServerPlugin START] Reloading Section: "pre-register/CoreReiCommonPlugin of CoreReiCommonPlugin [sophisticatedcore]/" done in 9.638 μs
[17:39:12] [REI-ReloadPlugins/TRACE] [REI] [REIServerPlugin START] Reloading Section: "pre-register/DefaultRuntimePlugin of DefaultRuntimePlugin [roughlyenoughitems]/"
[17:39:12] [REI-ReloadPlugins/TRACE] [REI] [REIServerPlugin START] Reloading Section: "pre-register/DefaultRuntimePlugin of DefaultRuntimePlugin [roughlyenoughitems]/" done in 9.307 μs
[17:39:12] [REI-ReloadPlugins/TRACE] [REI] [REIServerPlugin START] Reloading Section: "pre-register/" done in 174.7 μs
[17:39:12] [REI-ReloadPlugins/TRACE] [REI] [REIServerPlugin START] Reloading Section: "pre-stage/"
[17:39:12] [REI-ReloadPlugins/TRACE] [REI] [REIServerPlugin START] Reloading Section: "pre-stage/MenuInfoRegistryImpl/"
[17:39:12] [REI-ReloadPlugins/TRACE] [REI] [REIServerPlugin START] Reloading Section: "pre-stage/MenuInfoRegistryImpl/" done in 11.04 μs
[17:39:12] [REI-ReloadPlugins/TRACE] [REI] [REIServerPlugin START] Reloading Section: "pre-stage/SlotAccessorRegistryImpl/"
[17:39:12] [REI-ReloadPlugins/TRACE] [REI] [REIServerPlugin START] Reloading Section: "pre-stage/SlotAccessorRegistryImpl/" done in 9.668 μs
[17:39:12] [REI-ReloadPlugins/TRACE] [REI] [REIServerPlugin START] Reloading Section: "pre-stage/me.shedaniel.rei.plugin.client.runtime.PluginStageExecutionWatcher$1/"
[17:39:12] [REI-ReloadPlugins/TRACE] [REI] [REIServerPlugin START] Reloading Section: "pre-stage/me.shedaniel.rei.plugin.client.runtime.PluginStageExecutionWatcher$1/" done in 16.32 μs
[17:39:12] [REI-ReloadPlugins/TRACE] [REI] [REIServerPlugin START] Reloading Section: "pre-stage/" done in 108.0 μs
[17:39:12] [REI-ReloadPlugins/DEBUG] [REI] ========================================
[17:39:12] [REI-ReloadPlugins/DEBUG] [REI] REIServerPlugin finished pre-reload for START in 318.2 μs.
[17:39:12] [REI-ReloadPlugins/DEBUG] [REI] ========================================
[17:39:12] [REI-ReloadPlugins/INFO] [REI] ****************************************
[17:39:12] [REI-ReloadPlugins/INFO] [REI] REIPlugin starting main-reload for START.
[17:39:12] [REI-ReloadPlugins/DEBUG] [REI] Reloadables (8):
[17:39:12] [REI-ReloadPlugins/DEBUG] [REI]  - EntryTypeRegistryImpl
[17:39:12] [REI-ReloadPlugins/DEBUG] [REI]  - EntrySettingsAdapterRegistryImpl
[17:39:12] [REI-ReloadPlugins/DEBUG] [REI]  - RecipeManagerContextImpl
[17:39:12] [REI-ReloadPlugins/DEBUG] [REI]  - ItemComparatorRegistryImpl
[17:39:12] [REI-ReloadPlugins/DEBUG] [REI]  - FluidComparatorRegistryImpl
[17:39:12] [REI-ReloadPlugins/DEBUG] [REI]  - DisplaySerializerRegistryImpl
[17:39:12] [REI-ReloadPlugins/DEBUG] [REI]  - FluidSupportProviderImpl
[17:39:12] [REI-ReloadPlugins/DEBUG] [REI]  - me.shedaniel.rei.plugin.client.runtime.PluginStageExecutionWatcher$1
[17:39:12] [REI-ReloadPlugins/INFO] [REI] Plugins (14):
[17:39:12] [REI-ReloadPlugins/INFO] [REI]  - (-100.00) DefaultClientPluginImpl of DefaultClientPluginImpl [roughlyenoughitems]
[17:39:12] [REI-ReloadPlugins/INFO] [REI]  - (-100.00) DefaultPluginImpl of DefaultPluginImpl [roughlyenoughitems]
[17:39:12] [REI-ReloadPlugins/INFO] [REI]  - (0.00) HideIngredientsFromTagsPlugin of HideIngredientsFromTagsPlugin [roughlyenoughitems]
[17:39:12] [REI-ReloadPlugins/INFO] [REI]  - (0.00) DefaultClientRuntimePlugin of DefaultClientRuntimePlugin [roughlyenoughitems]
[17:39:12] [REI-ReloadPlugins/INFO] [REI]  - (0.00) DefaultRuntimePlugin of DefaultRuntimePlugin [roughlyenoughitems]
[17:39:12] [REI-ReloadPlugins/INFO] [REI]  - (0.00) REIPlugin of REIPluginLoader [toms_storage]
[17:39:12] [REI-ReloadPlugins/INFO] [REI]  - (0.00) StorageReiClientPlugin of StorageReiClientPlugin [sophisticatedstorage]
[17:39:12] [REI-ReloadPlugins/INFO] [REI]  - (0.00) OwoReiPlugin of OwoReiPlugin [owo]
[17:39:12] [REI-ReloadPlugins/INFO] [REI]  - (0.00) CuriosReiPlugin of CuriosReiPlugin [curios]
[17:39:12] [REI-ReloadPlugins/INFO] [REI]  - (0.00) BackpackReiClientPlugin of BackpackReiClientPlugin [sophisticatedbackpacks]
[17:39:12] [REI-ReloadPlugins/INFO] [REI]  - (0.00) StorageReiCommonPlugin of StorageReiCommonPlugin [sophisticatedstorage]
[17:39:12] [REI-ReloadPlugins/INFO] [REI]  - (0.00) BackpackReiCommonPlugin of BackpackReiCommonPlugin [sophisticatedbackpacks]
[17:39:12] [REI-ReloadPlugins/INFO] [REI]  - (0.00) CoreReiCommonPlugin of CoreReiCommonPlugin [sophisticatedcore]
[17:39:12] [REI-ReloadPlugins/INFO] [REI]  - (10000000.00) KubeJSREIPlugin of KubeJSREIPlugin [kubejs]
[17:39:12] [REI-ReloadPlugins/INFO] [REI] ****************************************
[17:39:12] [REI-ReloadPlugins/TRACE] [REI] [REIPlugin START] Reloading Section: "start-reload/"
[17:39:12] [REI-ReloadPlugins/TRACE] [REI] [REIPlugin START] Reloading Section: "start-reload/EntryTypeRegistryImpl/"
[17:39:12] [REI-ReloadPlugins/TRACE] [REI] [REIPlugin START] Reloading Section: "start-reload/EntryTypeRegistryImpl/" done in 40.25 μs
[17:39:12] [REI-ReloadPlugins/TRACE] [REI] [REIPlugin START] Reloading Section: "start-reload/EntrySettingsAdapterRegistryImpl/"
[17:39:12] [REI-ReloadPlugins/TRACE] [REI] [REIPlugin START] Reloading Section: "start-reload/EntrySettingsAdapterRegistryImpl/" done in 16.10 μs
[17:39:12] [REI-ReloadPlugins/TRACE] [REI] [REIPlugin START] Reloading Section: "start-reload/RecipeManagerContextImpl/"
[17:39:12] [REI-ReloadPlugins/TRACE] [REI] [REIPlugin START] Reloading Section: "start-reload/RecipeManagerContextImpl/" done in 12.69 μs
[17:39:12] [REI-ReloadPlugins/TRACE] [REI] [REIPlugin START] Reloading Section: "start-reload/ItemComparatorRegistryImpl/"
[17:39:12] [REI-ReloadPlugins/TRACE] [REI] [REIPlugin START] Reloading Section: "start-reload/ItemComparatorRegistryImpl/" done in 19.88 μs
[17:39:12] [REI-ReloadPlugins/TRACE] [REI] [REIPlugin START] Reloading Section: "start-reload/FluidComparatorRegistryImpl/"
[17:39:12] [REI-ReloadPlugins/TRACE] [REI] [REIPlugin START] Reloading Section: "start-reload/FluidComparatorRegistryImpl/" done in 12.69 μs
[17:39:12] [REI-ReloadPlugins/TRACE] [REI] [REIPlugin START] Reloading Section: "start-reload/DisplaySerializerRegistryImpl/"
[17:39:12] [REI-ReloadPlugins/TRACE] [REI] [REIPlugin START] Reloading Section: "start-reload/DisplaySerializerRegistryImpl/" done in 11.51 μs
[17:39:12] [REI-ReloadPlugins/TRACE] [REI] [REIPlugin START] Reloading Section: "start-reload/FluidSupportProviderImpl/"
[17:39:12] [REI-ReloadPlugins/TRACE] [REI] [REIPlugin START] Reloading Section: "start-reload/FluidSupportProviderImpl/" done in 17.01 μs
[17:39:12] [REI-ReloadPlugins/TRACE] [REI] [REIPlugin START] Reloading Section: "start-reload/me.shedaniel.rei.plugin.client.runtime.PluginStageExecutionWatcher$1/"
[17:39:12] [REI-ReloadPlugins/TRACE] [REI] [REIPlugin START] Reloading Section: "start-reload/me.shedaniel.rei.plugin.client.runtime.PluginStageExecutionWatcher$1/" done in 12.11 μs
[17:39:12] [REI-ReloadPlugins/TRACE] [REI] [REIPlugin START] Reloading Section: "start-reload/" done in 354.7 μs
[17:39:12] [REI-ReloadPlugins/DEBUG] [REI] ========================================
[17:39:12] [REI-ReloadPlugins/DEBUG] [REI] REIPlugin started main-reload for START.
[17:39:12] [REI-ReloadPlugins/DEBUG] [REI] ========================================
[17:39:12] [REI-ReloadPlugins/TRACE] [REI] [REIPlugin START] Reloading Section: "reloadable-plugin/EntryTypeRegistryImpl/"
[17:39:12] [REI-ReloadPlugins/TRACE] [REI] [REIPlugin START] Reloading Section: "reloadable-plugin/EntryTypeRegistryImpl/DefaultClientPluginImpl of DefaultClientPluginImpl [roughlyenoughitems]/"
[17:39:12] [REI-ReloadPlugins/TRACE] [REI] [REIPlugin START] Reloading Section: "reloadable-plugin/EntryTypeRegistryImpl/DefaultClientPluginImpl of DefaultClientPluginImpl [roughlyenoughitems]/" done in 138.1 μs
[17:39:12] [REI-ReloadPlugins/TRACE] [REI] [REIPlugin START] Reloading Section: "reloadable-plugin/EntryTypeRegistryImpl/DefaultPluginImpl of DefaultPluginImpl [roughlyenoughitems]/"
[17:39:12] [REI-ReloadPlugins/TRACE] [REI] [REIPlugin START] Reloading Section: "reloadable-plugin/EntryTypeRegistryImpl/DefaultPluginImpl of DefaultPluginImpl [roughlyenoughitems]/" done in 23.42 μs
[17:39:12] [REI-ReloadPlugins/TRACE] [REI] [REIPlugin START] Reloading Section: "reloadable-plugin/EntryTypeRegistryImpl/HideIngredientsFromTagsPlugin of HideIngredientsFromTagsPlugin [roughlyenoughitems]/"
[17:39:12] [REI-ReloadPlugins/TRACE] [REI] [REIPlugin START] Reloading Section: "reloadable-plugin/EntryTypeRegistryImpl/HideIngredientsFromTagsPlugin of HideIngredientsFromTagsPlugin [roughlyenoughitems]/" done in 16.92 μs
[17:39:12] [REI-ReloadPlugins/TRACE] [REI] [REIPlugin START] Reloading Section: "reloadable-plugin/EntryTypeRegistryImpl/DefaultClientRuntimePlugin of DefaultClientRuntimePlugin [roughlyenoughitems]/"
[17:39:12] [REI-ReloadPlugins/TRACE] [REI] [REIPlugin START] Reloading Section: "reloadable-plugin/EntryTypeRegistryImpl/DefaultClientRuntimePlugin of DefaultClientRuntimePlugin [roughlyenoughitems]/" done in 20.60 μs
[17:39:12] [REI-ReloadPlugins/TRACE] [REI] [REIPlugin START] Reloading Section: "reloadable-plugin/EntryTypeRegistryImpl/DefaultRuntimePlugin of DefaultRuntimePlugin [roughlyenoughitems]/"
[17:39:12] [REI-ReloadPlugins/TRACE] [REI] [REIPlugin START] Reloading Section: "reloadable-plugin/EntryTypeRegistryImpl/DefaultRuntimePlugin of DefaultRuntimePlugin [roughlyenoughitems]/" done in 3.664 ms
[17:39:12] [REI-ReloadPlugins/TRACE] [REI] [REIPlugin START] Reloading Section: "reloadable-plugin/EntryTypeRegistryImpl/REIPlugin of REIPluginLoader [toms_storage]/"
[17:39:12] [REI-ReloadPlugins/TRACE] [REI] [REIPlugin START] Reloading Section: "reloadable-plugin/EntryTypeRegistryImpl/REIPlugin of REIPluginLoader [toms_storage]/" done in 36.03 μs
[17:39:12] [REI-ReloadPlugins/TRACE] [REI] [REIPlugin START] Reloading Section: "reloadable-plugin/EntryTypeRegistryImpl/StorageReiClientPlugin of StorageReiClientPlugin [sophisticatedstorage]/"
[17:39:12] [REI-ReloadPlugins/TRACE] [REI] [REIPlugin START] Reloading Section: "reloadable-plugin/EntryTypeRegistryImpl/StorageReiClientPlugin of StorageReiClientPlugin [sophisticatedstorage]/" done in 20.45 μs
[17:39:12] [REI-ReloadPlugins/TRACE] [REI] [REIPlugin START] Reloading Section: "reloadable-plugin/EntryTypeRegistryImpl/OwoReiPlugin of OwoReiPlugin [owo]/"
[17:39:12] [REI-ReloadPlugins/TRACE] [REI] [REIPlugin START] Reloading Section: "reloadable-plugin/EntryTypeRegistryImpl/OwoReiPlugin of OwoReiPlugin [owo]/" done in 41.72 μs
[17:39:12] [REI-ReloadPlugins/TRACE] [REI] [REIPlugin START] Reloading Section: "reloadable-plugin/EntryTypeRegistryImpl/CuriosReiPlugin of CuriosReiPlugin [curios]/"
[17:39:12] [REI-ReloadPlugins/TRACE] [REI] [REIPlugin START] Reloading Section: "reloadable-plugin/EntryTypeRegistryImpl/CuriosReiPlugin of CuriosReiPlugin [curios]/" done in 19.56 μs
[17:39:12] [REI-ReloadPlugins/TRACE] [REI] [REIPlugin START] Reloading Section: "reloadable-plugin/EntryTypeRegistryImpl/BackpackReiClientPlugin of BackpackReiClientPlugin [sophisticatedbackpacks]/"
[17:39:12] [REI-ReloadPlugins/TRACE] [REI] [REIPlugin START] Reloading Section: "reloadable-plugin/EntryTypeRegistryImpl/BackpackReiClientPlugin of BackpackReiClientPlugin [sophisticatedbackpacks]/" done in 19.16 μs
[17:39:12] [REI-ReloadPlugins/TRACE] [REI] [REIPlugin START] Reloading Section: "reloadable-plugin/EntryTypeRegistryImpl/StorageReiCommonPlugin of StorageReiCommonPlugin [sophisticatedstorage]/"
[17:39:12] [REI-ReloadPlugins/TRACE] [REI] [REIPlugin START] Reloading Section: "reloadable-plugin/EntryTypeRegistryImpl/StorageReiCommonPlugin of StorageReiCommonPlugin [sophisticatedstorage]/" done in 18.43 μs
[17:39:12] [REI-ReloadPlugins/TRACE] [REI] [REIPlugin START] Reloading Section: "reloadable-plugin/EntryTypeRegistryImpl/BackpackReiCommonPlugin of BackpackReiCommonPlugin [sophisticatedbackpacks]/"
[17:39:12] [REI-ReloadPlugins/TRACE] [REI] [REIPlugin START] Reloading Section: "reloadable-plugin/EntryTypeRegistryImpl/BackpackReiCommonPlugin of BackpackReiCommonPlugin [sophisticatedbackpacks]/" done in 18.65 μs
[17:39:12] [REI-ReloadPlugins/TRACE] [REI] [REIPlugin START] Reloading Section: "reloadable-plugin/EntryTypeRegistryImpl/CoreReiCommonPlugin of CoreReiCommonPlugin [sophisticatedcore]/"
[17:39:12] [REI-ReloadPlugins/TRACE] [REI] [REIPlugin START] Reloading Section: "reloadable-plugin/EntryTypeRegistryImpl/CoreReiCommonPlugin of CoreReiCommonPlugin [sophisticatedcore]/" done in 17.31 μs
[17:39:12] [REI-ReloadPlugins/TRACE] [REI] [REIPlugin START] Reloading Section: "reloadable-plugin/EntryTypeRegistryImpl/KubeJSREIPlugin of KubeJSREIPlugin [kubejs]/"
[17:39:12] [REI-ReloadPlugins/TRACE] [REI] [REIPlugin START] Reloading Section: "reloadable-plugin/EntryTypeRegistryImpl/KubeJSREIPlugin of KubeJSREIPlugin [kubejs]/" done in 19.83 μs
[17:39:12] [REI-ReloadPlugins/TRACE] [REI] [REIPlugin START] Reloading Section: "reloadable-plugin/EntryTypeRegistryImpl/" done in 4.759 ms
[17:39:12] [REI-ReloadPlugins/TRACE] [REI] [REIPlugin START] Reloading Section: "reloadable-plugin/EntrySettingsAdapterRegistryImpl/"
[17:39:12] [REI-ReloadPlugins/TRACE] [REI] [REIPlugin START] Reloading Section: "reloadable-plugin/EntrySettingsAdapterRegistryImpl/DefaultClientPluginImpl of DefaultClientPluginImpl [roughlyenoughitems]/"
[17:39:12] [REI-ReloadPlugins/TRACE] [REI] [REIPlugin START] Reloading Section: "reloadable-plugin/EntrySettingsAdapterRegistryImpl/DefaultClientPluginImpl of DefaultClientPluginImpl [roughlyenoughitems]/" done in 17.39 μs
[17:39:12] [REI-ReloadPlugins/TRACE] [REI] [REIPlugin START] Reloading Section: "reloadable-plugin/EntrySettingsAdapterRegistryImpl/DefaultPluginImpl of DefaultPluginImpl [roughlyenoughitems]/"
[17:39:12] [REI-ReloadPlugins/TRACE] [REI] [REIPlugin START] Reloading Section: "reloadable-plugin/EntrySettingsAdapterRegistryImpl/DefaultPluginImpl of DefaultPluginImpl [roughlyenoughitems]/" done in 16.57 μs
[17:39:12] [REI-ReloadPlugins/TRACE] [REI] [REIPlugin START] Reloading Section: "reloadable-plugin/EntrySettingsAdapterRegistryImpl/HideIngredientsFromTagsPlugin of HideIngredientsFromTagsPlugin [roughlyenoughitems]/"
[17:39:12] [REI-ReloadPlugins/TRACE] [REI] [REIPlugin START] Reloading Section: "reloadable-plugin/EntrySettingsAdapterRegistryImpl/HideIngredientsFromTagsPlugin of HideIngredientsFromTagsPlugin [roughlyenoughitems]/" done in 16.93 μs
[17:39:12] [REI-ReloadPlugins/TRACE] [REI] [REIPlugin START] Reloading Section: "reloadable-plugin/EntrySettingsAdapterRegistryImpl/DefaultClientRuntimePlugin of DefaultClientRuntimePlugin [roughlyenoughitems]/"
[17:39:12] [REI-ReloadPlugins/TRACE] [REI] [REIPlugin START] Reloading Section: "reloadable-plugin/EntrySettingsAdapterRegistryImpl/DefaultClientRuntimePlugin of DefaultClientRuntimePlugin [roughlyenoughitems]/" done in 16.48 μs
[17:39:12] [REI-ReloadPlugins/TRACE] [REI] [REIPlugin START] Reloading Section: "reloadable-plugin/EntrySettingsAdapterRegistryImpl/DefaultRuntimePlugin of DefaultRuntimePlugin [roughlyenoughitems]/"
[17:39:12] [REI-ReloadPlugins/TRACE] [REI] [REIPlugin START] Reloading Section: "reloadable-plugin/EntrySettingsAdapterRegistryImpl/DefaultRuntimePlugin of DefaultRuntimePlugin [roughlyenoughitems]/" done in 15.99 μs
[17:39:12] [REI-ReloadPlugins/TRACE] [REI] [REIPlugin START] Reloading Section: "reloadable-plugin/EntrySettingsAdapterRegistryImpl/REIPlugin of REIPluginLoader [toms_storage]/"
[17:39:12] [REI-ReloadPlugins/TRACE] [REI] [REIPlugin START] Reloading Section: "reloadable-plugin/EntrySettingsAdapterRegistryImpl/REIPlugin of REIPluginLoader [toms_storage]/" done in 15.54 μs
[17:39:12] [REI-ReloadPlugins/TRACE] [REI] [REIPlugin START] Reloading Section: "reloadable-plugin/EntrySettingsAdapterRegistryImpl/StorageReiClientPlugin of StorageReiClientPlugin [sophisticatedstorage]/"
[17:39:12] [REI-ReloadPlugins/TRACE] [REI] [REIPlugin START] Reloading Section: "reloadable-plugin/EntrySettingsAdapterRegistryImpl/StorageReiClientPlugin of StorageReiClientPlugin [sophisticatedstorage]/" done in 13.79 μs
[17:39:12] [REI-ReloadPlugins/TRACE] [REI] [REIPlugin START] Reloading Section: "reloadable-plugin/EntrySettingsAdapterRegistryImpl/OwoReiPlugin of OwoReiPlugin [owo]/"
[17:39:12] [REI-ReloadPlugins/TRACE] [REI] [REIPlugin START] Reloading Section: "reloadable-plugin/EntrySettingsAdapterRegistryImpl/OwoReiPlugin of OwoReiPlugin [owo]/" done in 15.77 μs
[17:39:12] [REI-ReloadPlugins/TRACE] [REI] [REIPlugin START] Reloading Section: "reloadable-plugin/EntrySettingsAdapterRegistryImpl/CuriosReiPlugin of CuriosReiPlugin [curios]/"
[17:39:12] [REI-ReloadPlugins/TRACE] [REI] [REIPlugin START] Reloading Section: "reloadable-plugin/EntrySettingsAdapterRegistryImpl/CuriosReiPlugin of CuriosReiPlugin [curios]/" done in 14.11 μs
[17:39:12] [REI-ReloadPlugins/TRACE] [REI] [REIPlugin START] Reloading Section: "reloadable-plugin/EntrySettingsAdapterRegistryImpl/BackpackReiClientPlugin of BackpackReiClientPlugin [sophisticatedbackpacks]/"
[17:39:12] [REI-ReloadPlugins/TRACE] [REI] [REIPlugin START] Reloading Section: "reloadable-plugin/EntrySettingsAdapterRegistryImpl/BackpackReiClientPlugin of BackpackReiClientPlugin [sophisticatedbackpacks]/" done in 18.55 μs
[17:39:12] [REI-ReloadPlugins/TRACE] [REI] [REIPlugin START] Reloading Section: "reloadable-plugin/EntrySettingsAdapterRegistryImpl/StorageReiCommonPlugin of StorageReiCommonPlugin [sophisticatedstorage]/"
[17:39:12] [REI-ReloadPlugins/TRACE] [REI] [REIPlugin START] Reloading Section: "reloadable-plugin/EntrySettingsAdapterRegistryImpl/StorageReiCommonPlugin of StorageReiCommonPlugin [sophisticatedstorage]/" done in 22.35 μs
[17:39:12] [REI-ReloadPlugins/TRACE] [REI] [REIPlugin START] Reloading Section: "reloadable-plugin/EntrySettingsAdapterRegistryImpl/BackpackReiCommonPlugin of BackpackReiCommonPlugin [sophisticatedbackpacks]/"
[17:39:12] [REI-ReloadPlugins/TRACE] [REI] [REIPlugin START] Reloading Section: "reloadable-plugin/EntrySettingsAdapterRegistryImpl/BackpackReiCommonPlugin of BackpackReiCommonPlugin [sophisticatedbackpacks]/" done in 16.33 μs
[17:39:12] [REI-ReloadPlugins/TRACE] [REI] [REIPlugin START] Reloading Section: "reloadable-plugin/EntrySettingsAdapterRegistryImpl/CoreReiCommonPlugin of CoreReiCommonPlugin [sophisticatedcore]/"
[17:39:12] [REI-ReloadPlugins/TRACE] [REI] [REIPlugin START] Reloading Section: "reloadable-plugin/EntrySettingsAdapterRegistryImpl/CoreReiCommonPlugin of CoreReiCommonPlugin [sophisticatedcore]/" done in 28.13 μs
[17:39:12] [REI-ReloadPlugins/TRACE] [REI] [REIPlugin START] Reloading Section: "reloadable-plugin/EntrySettingsAdapterRegistryImpl/KubeJSREIPlugin of KubeJSREIPlugin [kubejs]/"
[17:39:12] [REI-ReloadPlugins/TRACE] [REI] [REIPlugin START] Reloading Section: "reloadable-plugin/EntrySettingsAdapterRegistryImpl/KubeJSREIPlugin of KubeJSREIPlugin [kubejs]/" done in 12.80 μs
[17:39:12] [REI-ReloadPlugins/TRACE] [REI] [REIPlugin START] Reloading Section: "reloadable-plugin/EntrySettingsAdapterRegistryImpl/" done in 670.3 μs
[17:39:12] [REI-ReloadPlugins/TRACE] [REI] [REIPlugin START] Reloading Section: "reloadable-plugin/RecipeManagerContextImpl/"
[17:39:12] [REI-ReloadPlugins/TRACE] [REI] [REIPlugin START] Reloading Section: "reloadable-plugin/RecipeManagerContextImpl/DefaultClientPluginImpl of DefaultClientPluginImpl [roughlyenoughitems]/"
[17:39:12] [REI-ReloadPlugins/TRACE] [REI] [REIPlugin START] Reloading Section: "reloadable-plugin/RecipeManagerContextImpl/DefaultClientPluginImpl of DefaultClientPluginImpl [roughlyenoughitems]/" done in 18.38 μs
[17:39:12] [REI-ReloadPlugins/TRACE] [REI] [REIPlugin START] Reloading Section: "reloadable-plugin/RecipeManagerContextImpl/DefaultPluginImpl of DefaultPluginImpl [roughlyenoughitems]/"
[17:39:12] [REI-ReloadPlugins/TRACE] [REI] [REIPlugin START] Reloading Section: "reloadable-plugin/RecipeManagerContextImpl/DefaultPluginImpl of DefaultPluginImpl [roughlyenoughitems]/" done in 14.27 μs
[17:39:12] [REI-ReloadPlugins/TRACE] [REI] [REIPlugin START] Reloading Section: "reloadable-plugin/RecipeManagerContextImpl/HideIngredientsFromTagsPlugin of HideIngredientsFromTagsPlugin [roughlyenoughitems]/"
[17:39:12] [REI-ReloadPlugins/TRACE] [REI] [REIPlugin START] Reloading Section: "reloadable-plugin/RecipeManagerContextImpl/HideIngredientsFromTagsPlugin of HideIngredientsFromTagsPlugin [roughlyenoughitems]/" done in 22.33 μs
[17:39:12] [REI-ReloadPlugins/TRACE] [REI] [REIPlugin START] Reloading Section: "reloadable-plugin/RecipeManagerContextImpl/DefaultClientRuntimePlugin of DefaultClientRuntimePlugin [roughlyenoughitems]/"
[17:39:12] [REI-ReloadPlugins/TRACE] [REI] [REIPlugin START] Reloading Section: "reloadable-plugin/RecipeManagerContextImpl/DefaultClientRuntimePlugin of DefaultClientRuntimePlugin [roughlyenoughitems]/" done in 17.49 μs
[17:39:12] [REI-ReloadPlugins/TRACE] [REI] [REIPlugin START] Reloading Section: "reloadable-plugin/RecipeManagerContextImpl/DefaultRuntimePlugin of DefaultRuntimePlugin [roughlyenoughitems]/"
[17:39:12] [REI-ReloadPlugins/TRACE] [REI] [REIPlugin START] Reloading Section: "reloadable-plugin/RecipeManagerContextImpl/DefaultRuntimePlugin of DefaultRuntimePlugin [roughlyenoughitems]/" done in 24.32 μs
[17:39:12] [REI-ReloadPlugins/TRACE] [REI] [REIPlugin START] Reloading Section: "reloadable-plugin/RecipeManagerContextImpl/REIPlugin of REIPluginLoader [toms_storage]/"
[17:39:12] [REI-ReloadPlugins/TRACE] [REI] [REIPlugin START] Reloading Section: "reloadable-plugin/RecipeManagerContextImpl/REIPlugin of REIPluginLoader [toms_storage]/" done in 19.97 μs
[17:39:12] [REI-ReloadPlugins/TRACE] [REI] [REIPlugin START] Reloading Section: "reloadable-plugin/RecipeManagerContextImpl/StorageReiClientPlugin of StorageReiClientPlugin [sophisticatedstorage]/"
[17:39:12] [REI-ReloadPlugins/TRACE] [REI] [REIPlugin START] Reloading Section: "reloadable-plugin/RecipeManagerContextImpl/StorageReiClientPlugin of StorageReiClientPlugin [sophisticatedstorage]/" done in 17.97 μs
[17:39:12] [REI-ReloadPlugins/TRACE] [REI] [REIPlugin START] Reloading Section: "reloadable-plugin/RecipeManagerContextImpl/OwoReiPlugin of OwoReiPlugin [owo]/"
[17:39:12] [REI-ReloadPlugins/TRACE] [REI] [REIPlugin START] Reloading Section: "reloadable-plugin/RecipeManagerContextImpl/OwoReiPlugin of OwoReiPlugin [owo]/" done in 14.46 μs
[17:39:12] [REI-ReloadPlugins/TRACE] [REI] [REIPlugin START] Reloading Section: "reloadable-plugin/RecipeManagerContextImpl/CuriosReiPlugin of CuriosReiPlugin [curios]/"
[17:39:12] [REI-ReloadPlugins/TRACE] [REI] [REIPlugin START] Reloading Section: "reloadable-plugin/RecipeManagerContextImpl/CuriosReiPlugin of CuriosReiPlugin [curios]/" done in 16.06 μs
[17:39:12] [REI-ReloadPlugins/TRACE] [REI] [REIPlugin START] Reloading Section: "reloadable-plugin/RecipeManagerContextImpl/BackpackReiClientPlugin of BackpackReiClientPlugin [sophisticatedbackpacks]/"
[17:39:12] [REI-ReloadPlugins/TRACE] [REI] [REIPlugin START] Reloading Section: "reloadable-plugin/RecipeManagerContextImpl/BackpackReiClientPlugin of BackpackReiClientPlugin [sophisticatedbackpacks]/" done in 13.20 μs
[17:39:12] [REI-ReloadPlugins/TRACE] [REI] [REIPlugin START] Reloading Section: "reloadable-plugin/RecipeManagerContextImpl/StorageReiCommonPlugin of StorageReiCommonPlugin [sophisticatedstorage]/"
[17:39:12] [REI-ReloadPlugins/TRACE] [REI] [REIPlugin START] Reloading Section: "reloadable-plugin/RecipeManagerContextImpl/StorageReiCommonPlugin of StorageReiCommonPlugin [sophisticatedstorage]/" done in 17.52 μs
[17:39:12] [REI-ReloadPlugins/TRACE] [REI] [REIPlugin START] Reloading Section: "reloadable-plugin/RecipeManagerContextImpl/BackpackReiCommonPlugin of BackpackReiCommonPlugin [sophisticatedbackpacks]/"
[17:39:12] [REI-ReloadPlugins/TRACE] [REI] [REIPlugin START] Reloading Section: "reloadable-plugin/RecipeManagerContextImpl/BackpackReiCommonPlugin of BackpackReiCommonPlugin [sophisticatedbackpacks]/" done in 13.94 μs
[17:39:12] [REI-ReloadPlugins/TRACE] [REI] [REIPlugin START] Reloading Section: "reloadable-plugin/RecipeManagerContextImpl/CoreReiCommonPlugin of CoreReiCommonPlugin [sophisticatedcore]/"
[17:39:12] [REI-ReloadPlugins/TRACE] [REI] [REIPlugin START] Reloading Section: "reloadable-plugin/RecipeManagerContextImpl/CoreReiCommonPlugin of CoreReiCommonPlugin [sophisticatedcore]/" done in 13.98 μs
[17:39:12] [REI-ReloadPlugins/TRACE] [REI] [REIPlugin START] Reloading Section: "reloadable-plugin/RecipeManagerContextImpl/KubeJSREIPlugin of KubeJSREIPlugin [kubejs]/"
[17:39:12] [REI-ReloadPlugins/TRACE] [REI] [REIPlugin START] Reloading Section: "reloadable-plugin/RecipeManagerContextImpl/KubeJSREIPlugin of KubeJSREIPlugin [kubejs]/" done in 12.65 μs
[17:39:12] [REI-ReloadPlugins/TRACE] [REI] [REIPlugin START] Reloading Section: "reloadable-plugin/RecipeManagerContextImpl/" done in 605.2 μs
[17:39:12] [REI-ReloadPlugins/TRACE] [REI] [REIPlugin START] Reloading Section: "reloadable-plugin/ItemComparatorRegistryImpl/"
[17:39:12] [REI-ReloadPlugins/TRACE] [REI] [REIPlugin START] Reloading Section: "reloadable-plugin/ItemComparatorRegistryImpl/DefaultClientPluginImpl of DefaultClientPluginImpl [roughlyenoughitems]/"
[17:39:12] [REI-ReloadPlugins/TRACE] [REI] [REIPlugin START] Reloading Section: "reloadable-plugin/ItemComparatorRegistryImpl/DefaultClientPluginImpl of DefaultClientPluginImpl [roughlyenoughitems]/" done in 22.39 μs
[17:39:12] [REI-ReloadPlugins/TRACE] [REI] [REIPlugin START] Reloading Section: "reloadable-plugin/ItemComparatorRegistryImpl/DefaultPluginImpl of DefaultPluginImpl [roughlyenoughitems]/"
[17:39:12] [REI-ReloadPlugins/TRACE] [REI] [REIPlugin START] Reloading Section: "reloadable-plugin/ItemComparatorRegistryImpl/DefaultPluginImpl of DefaultPluginImpl [roughlyenoughitems]/" done in 397.8 μs
[17:39:12] [REI-ReloadPlugins/TRACE] [REI] [REIPlugin START] Reloading Section: "reloadable-plugin/ItemComparatorRegistryImpl/HideIngredientsFromTagsPlugin of HideIngredientsFromTagsPlugin [roughlyenoughitems]/"
[17:39:12] [REI-ReloadPlugins/TRACE] [REI] [REIPlugin START] Reloading Section: "reloadable-plugin/ItemComparatorRegistryImpl/HideIngredientsFromTagsPlugin of HideIngredientsFromTagsPlugin [roughlyenoughitems]/" done in 19.30 μs
[17:39:12] [REI-ReloadPlugins/TRACE] [REI] [REIPlugin START] Reloading Section: "reloadable-plugin/ItemComparatorRegistryImpl/DefaultClientRuntimePlugin of DefaultClientRuntimePlugin [roughlyenoughitems]/"
[17:39:12] [REI-ReloadPlugins/TRACE] [REI] [REIPlugin START] Reloading Section: "reloadable-plugin/ItemComparatorRegistryImpl/DefaultClientRuntimePlugin of DefaultClientRuntimePlugin [roughlyenoughitems]/" done in 14.46 μs
[17:39:12] [REI-ReloadPlugins/TRACE] [REI] [REIPlugin START] Reloading Section: "reloadable-plugin/ItemComparatorRegistryImpl/DefaultRuntimePlugin of DefaultRuntimePlugin [roughlyenoughitems]/"
[17:39:12] [REI-ReloadPlugins/TRACE] [REI] [REIPlugin START] Reloading Section: "reloadable-plugin/ItemComparatorRegistryImpl/DefaultRuntimePlugin of DefaultRuntimePlugin [roughlyenoughitems]/" done in 14.54 μs
[17:39:12] [REI-ReloadPlugins/TRACE] [REI] [REIPlugin START] Reloading Section: "reloadable-plugin/ItemComparatorRegistryImpl/REIPlugin of REIPluginLoader [toms_storage]/"
[17:39:12] [REI-ReloadPlugins/TRACE] [REI] [REIPlugin START] Reloading Section: "reloadable-plugin/ItemComparatorRegistryImpl/REIPlugin of REIPluginLoader [toms_storage]/" done in 15.61 μs
[17:39:12] [REI-ReloadPlugins/TRACE] [REI] [REIPlugin START] Reloading Section: "reloadable-plugin/ItemComparatorRegistryImpl/StorageReiClientPlugin of StorageReiClientPlugin [sophisticatedstorage]/"
[17:39:12] [REI-ReloadPlugins/TRACE] [REI] [REIPlugin START] Reloading Section: "reloadable-plugin/ItemComparatorRegistryImpl/StorageReiClientPlugin of StorageReiClientPlugin [sophisticatedstorage]/" done in 15.87 μs
[17:39:12] [REI-ReloadPlugins/TRACE] [REI] [REIPlugin START] Reloading Section: "reloadable-plugin/ItemComparatorRegistryImpl/OwoReiPlugin of OwoReiPlugin [owo]/"
[17:39:12] [REI-ReloadPlugins/TRACE] [REI] [REIPlugin START] Reloading Section: "reloadable-plugin/ItemComparatorRegistryImpl/OwoReiPlugin of OwoReiPlugin [owo]/" done in 15.69 μs
[17:39:12] [REI-ReloadPlugins/TRACE] [REI] [REIPlugin START] Reloading Section: "reloadable-plugin/ItemComparatorRegistryImpl/CuriosReiPlugin of CuriosReiPlugin [curios]/"
[17:39:12] [REI-ReloadPlugins/TRACE] [REI] [REIPlugin START] Reloading Section: "reloadable-plugin/ItemComparatorRegistryImpl/CuriosReiPlugin of CuriosReiPlugin [curios]/" done in 16.60 μs
[17:39:12] [REI-ReloadPlugins/TRACE] [REI] [REIPlugin START] Reloading Section: "reloadable-plugin/ItemComparatorRegistryImpl/BackpackReiClientPlugin of BackpackReiClientPlugin [sophisticatedbackpacks]/"
[17:39:12] [REI-ReloadPlugins/TRACE] [REI] [REIPlugin START] Reloading Section: "reloadable-plugin/ItemComparatorRegistryImpl/BackpackReiClientPlugin of BackpackReiClientPlugin [sophisticatedbackpacks]/" done in 16.99 μs
[17:39:12] [REI-ReloadPlugins/TRACE] [REI] [REIPlugin START] Reloading Section: "reloadable-plugin/ItemComparatorRegistryImpl/StorageReiCommonPlugin of StorageReiCommonPlugin [sophisticatedstorage]/"
[17:39:12] [REI-ReloadPlugins/TRACE] [REI] [REIPlugin START] Reloading Section: "reloadable-plugin/ItemComparatorRegistryImpl/StorageReiCommonPlugin of StorageReiCommonPlugin [sophisticatedstorage]/" done in 2.800 ms
[17:39:12] [REI-ReloadPlugins/TRACE] [REI] [REIPlugin START] Reloading Section: "reloadable-plugin/ItemComparatorRegistryImpl/BackpackReiCommonPlugin of BackpackReiCommonPlugin [sophisticatedbackpacks]/"
[17:39:12] [REI-ReloadPlugins/TRACE] [REI] [REIPlugin START] Reloading Section: "reloadable-plugin/ItemComparatorRegistryImpl/BackpackReiCommonPlugin of BackpackReiCommonPlugin [sophisticatedbackpacks]/" done in 656.2 μs
[17:39:12] [REI-ReloadPlugins/TRACE] [REI] [REIPlugin START] Reloading Section: "reloadable-plugin/ItemComparatorRegistryImpl/CoreReiCommonPlugin of CoreReiCommonPlugin [sophisticatedcore]/"
[17:39:12] [REI-ReloadPlugins/TRACE] [REI] [REIPlugin START] Reloading Section: "reloadable-plugin/ItemComparatorRegistryImpl/CoreReiCommonPlugin of CoreReiCommonPlugin [sophisticatedcore]/" done in 19.38 μs
[17:39:12] [REI-ReloadPlugins/TRACE] [REI] [REIPlugin START] Reloading Section: "reloadable-plugin/ItemComparatorRegistryImpl/KubeJSREIPlugin of KubeJSREIPlugin [kubejs]/"
[17:39:12] [REI-ReloadPlugins/TRACE] [REI] [REIPlugin START] Reloading Section: "reloadable-plugin/ItemComparatorRegistryImpl/KubeJSREIPlugin of KubeJSREIPlugin [kubejs]/" done in 26.23 μs
[17:39:12] [REI-ReloadPlugins/TRACE] [REI] [REIPlugin START] Reloading Section: "reloadable-plugin/ItemComparatorRegistryImpl/" done in 4.511 ms
[17:39:12] [REI-ReloadPlugins/TRACE] [REI] [REIPlugin START] Reloading Section: "reloadable-plugin/FluidComparatorRegistryImpl/"
[17:39:12] [REI-ReloadPlugins/TRACE] [REI] [REIPlugin START] Reloading Section: "reloadable-plugin/FluidComparatorRegistryImpl/DefaultClientPluginImpl of DefaultClientPluginImpl [roughlyenoughitems]/"
[17:39:12] [REI-ReloadPlugins/TRACE] [REI] [REIPlugin START] Reloading Section: "reloadable-plugin/FluidComparatorRegistryImpl/DefaultClientPluginImpl of DefaultClientPluginImpl [roughlyenoughitems]/" done in 15.06 μs
[17:39:12] [REI-ReloadPlugins/TRACE] [REI] [REIPlugin START] Reloading Section: "reloadable-plugin/FluidComparatorRegistryImpl/DefaultPluginImpl of DefaultPluginImpl [roughlyenoughitems]/"
[17:39:12] [REI-ReloadPlugins/TRACE] [REI] [REIPlugin START] Reloading Section: "reloadable-plugin/FluidComparatorRegistryImpl/DefaultPluginImpl of DefaultPluginImpl [roughlyenoughitems]/" done in 10.34 μs
[17:39:12] [REI-ReloadPlugins/TRACE] [REI] [REIPlugin START] Reloading Section: "reloadable-plugin/FluidComparatorRegistryImpl/HideIngredientsFromTagsPlugin of HideIngredientsFromTagsPlugin [roughlyenoughitems]/"
[17:39:12] [REI-ReloadPlugins/TRACE] [REI] [REIPlugin START] Reloading Section: "reloadable-plugin/FluidComparatorRegistryImpl/HideIngredientsFromTagsPlugin of HideIngredientsFromTagsPlugin [roughlyenoughitems]/" done in 10.96 μs
[17:39:12] [REI-ReloadPlugins/TRACE] [REI] [REIPlugin START] Reloading Section: "reloadable-plugin/FluidComparatorRegistryImpl/DefaultClientRuntimePlugin of DefaultClientRuntimePlugin [roughlyenoughitems]/"
[17:39:12] [REI-ReloadPlugins/TRACE] [REI] [REIPlugin START] Reloading Section: "reloadable-plugin/FluidComparatorRegistryImpl/DefaultClientRuntimePlugin of DefaultClientRuntimePlugin [roughlyenoughitems]/" done in 10.05 μs
[17:39:12] [REI-ReloadPlugins/TRACE] [REI] [REIPlugin START] Reloading Section: "reloadable-plugin/FluidComparatorRegistryImpl/DefaultRuntimePlugin of DefaultRuntimePlugin [roughlyenoughitems]/"
[17:39:12] [REI-ReloadPlugins/TRACE] [REI] [REIPlugin START] Reloading Section: "reloadable-plugin/FluidComparatorRegistryImpl/DefaultRuntimePlugin of DefaultRuntimePlugin [roughlyenoughitems]/" done in 10.04 μs
[17:39:12] [REI-ReloadPlugins/TRACE] [REI] [REIPlugin START] Reloading Section: "reloadable-plugin/FluidComparatorRegistryImpl/REIPlugin of REIPluginLoader [toms_storage]/"
[17:39:12] [REI-ReloadPlugins/TRACE] [REI] [REIPlugin START] Reloading Section: "reloadable-plugin/FluidComparatorRegistryImpl/REIPlugin of REIPluginLoader [toms_storage]/" done in 10.56 μs
[17:39:12] [REI-ReloadPlugins/TRACE] [REI] [REIPlugin START] Reloading Section: "reloadable-plugin/FluidComparatorRegistryImpl/StorageReiClientPlugin of StorageReiClientPlugin [sophisticatedstorage]/"
[17:39:12] [REI-ReloadPlugins/TRACE] [REI] [REIPlugin START] Reloading Section: "reloadable-plugin/FluidComparatorRegistryImpl/StorageReiClientPlugin of StorageReiClientPlugin [sophisticatedstorage]/" done in 12.88 μs
[17:39:12] [REI-ReloadPlugins/TRACE] [REI] [REIPlugin START] Reloading Section: "reloadable-plugin/FluidComparatorRegistryImpl/OwoReiPlugin of OwoReiPlugin [owo]/"
[17:39:12] [REI-ReloadPlugins/TRACE] [REI] [REIPlugin START] Reloading Section: "reloadable-plugin/FluidComparatorRegistryImpl/OwoReiPlugin of OwoReiPlugin [owo]/" done in 11.48 μs
[17:39:12] [REI-ReloadPlugins/TRACE] [REI] [REIPlugin START] Reloading Section: "reloadable-plugin/FluidComparatorRegistryImpl/CuriosReiPlugin of CuriosReiPlugin [curios]/"
[17:39:12] [REI-ReloadPlugins/TRACE] [REI] [REIPlugin START] Reloading Section: "reloadable-plugin/FluidComparatorRegistryImpl/CuriosReiPlugin of CuriosReiPlugin [curios]/" done in 9.558 μs
[17:39:12] [REI-ReloadPlugins/TRACE] [REI] [REIPlugin START] Reloading Section: "reloadable-plugin/FluidComparatorRegistryImpl/BackpackReiClientPlugin of BackpackReiClientPlugin [sophisticatedbackpacks]/"
[17:39:12] [REI-ReloadPlugins/TRACE] [REI] [REIPlugin START] Reloading Section: "reloadable-plugin/FluidComparatorRegistryImpl/BackpackReiClientPlugin of BackpackReiClientPlugin [sophisticatedbackpacks]/" done in 9.378 μs
[17:39:12] [REI-ReloadPlugins/TRACE] [REI] [REIPlugin START] Reloading Section: "reloadable-plugin/FluidComparatorRegistryImpl/StorageReiCommonPlugin of StorageReiCommonPlugin [sophisticatedstorage]/"
[17:39:12] [REI-ReloadPlugins/TRACE] [REI] [REIPlugin START] Reloading Section: "reloadable-plugin/FluidComparatorRegistryImpl/StorageReiCommonPlugin of StorageReiCommonPlugin [sophisticatedstorage]/" done in 9.067 μs
[17:39:12] [REI-ReloadPlugins/TRACE] [REI] [REIPlugin START] Reloading Section: "reloadable-plugin/FluidComparatorRegistryImpl/BackpackReiCommonPlugin of BackpackReiCommonPlugin [sophisticatedbackpacks]/"
[17:39:12] [REI-ReloadPlugins/TRACE] [REI] [REIPlugin START] Reloading Section: "reloadable-plugin/FluidComparatorRegistryImpl/BackpackReiCommonPlugin of BackpackReiCommonPlugin [sophisticatedbackpacks]/" done in 9.618 μs
[17:39:12] [REI-ReloadPlugins/TRACE] [REI] [REIPlugin START] Reloading Section: "reloadable-plugin/FluidComparatorRegistryImpl/CoreReiCommonPlugin of CoreReiCommonPlugin [sophisticatedcore]/"
[17:39:12] [REI-ReloadPlugins/TRACE] [REI] [REIPlugin START] Reloading Section: "reloadable-plugin/FluidComparatorRegistryImpl/CoreReiCommonPlugin of CoreReiCommonPlugin [sophisticatedcore]/" done in 9.598 μs
[17:39:12] [REI-ReloadPlugins/TRACE] [REI] [REIPlugin START] Reloading Section: "reloadable-plugin/FluidComparatorRegistryImpl/KubeJSREIPlugin of KubeJSREIPlugin [kubejs]/"
[17:39:12] [REI-ReloadPlugins/TRACE] [REI] [REIPlugin START] Reloading Section: "reloadable-plugin/FluidComparatorRegistryImpl/KubeJSREIPlugin of KubeJSREIPlugin [kubejs]/" done in 10.89 μs
[17:39:12] [REI-ReloadPlugins/TRACE] [REI] [REIPlugin START] Reloading Section: "reloadable-plugin/FluidComparatorRegistryImpl/" done in 390.6 μs
[17:39:12] [REI-ReloadPlugins/TRACE] [REI] [REIPlugin START] Reloading Section: "reloadable-plugin/DisplaySerializerRegistryImpl/"
[17:39:12] [REI-ReloadPlugins/TRACE] [REI] [REIPlugin START] Reloading Section: "reloadable-plugin/DisplaySerializerRegistryImpl/DefaultClientPluginImpl of DefaultClientPluginImpl [roughlyenoughitems]/"
[17:39:12] [REI-ReloadPlugins/TRACE] [REI] [REIPlugin START] Reloading Section: "reloadable-plugin/DisplaySerializerRegistryImpl/DefaultClientPluginImpl of DefaultClientPluginImpl [roughlyenoughitems]/" done in 11.28 μs
[17:39:12] [REI-ReloadPlugins/TRACE] [REI] [REIPlugin START] Reloading Section: "reloadable-plugin/DisplaySerializerRegistryImpl/DefaultPluginImpl of DefaultPluginImpl [roughlyenoughitems]/"
[17:39:12] [REI-ReloadPlugins/TRACE] [REI] [REIPlugin START] Reloading Section: "reloadable-plugin/DisplaySerializerRegistryImpl/DefaultPluginImpl of DefaultPluginImpl [roughlyenoughitems]/" done in 15.47 μs
[17:39:12] [REI-ReloadPlugins/TRACE] [REI] [REIPlugin START] Reloading Section: "reloadable-plugin/DisplaySerializerRegistryImpl/HideIngredientsFromTagsPlugin of HideIngredientsFromTagsPlugin [roughlyenoughitems]/"
[17:39:12] [REI-ReloadPlugins/TRACE] [REI] [REIPlugin START] Reloading Section: "reloadable-plugin/DisplaySerializerRegistryImpl/HideIngredientsFromTagsPlugin of HideIngredientsFromTagsPlugin [roughlyenoughitems]/" done in 10.63 μs
[17:39:12] [REI-ReloadPlugins/TRACE] [REI] [REIPlugin START] Reloading Section: "reloadable-plugin/DisplaySerializerRegistryImpl/DefaultClientRuntimePlugin of DefaultClientRuntimePlugin [roughlyenoughitems]/"
[17:39:12] [REI-ReloadPlugins/TRACE] [REI] [REIPlugin START] Reloading Section: "reloadable-plugin/DisplaySerializerRegistryImpl/DefaultClientRuntimePlugin of DefaultClientRuntimePlugin [roughlyenoughitems]/" done in 9.558 μs
[17:39:12] [REI-ReloadPlugins/TRACE] [REI] [REIPlugin START] Reloading Section: "reloadable-plugin/DisplaySerializerRegistryImpl/DefaultRuntimePlugin of DefaultRuntimePlugin [roughlyenoughitems]/"
[17:39:12] [REI-ReloadPlugins/TRACE] [REI] [REIPlugin START] Reloading Section: "reloadable-plugin/DisplaySerializerRegistryImpl/DefaultRuntimePlugin of DefaultRuntimePlugin [roughlyenoughitems]/" done in 9.157 μs
[17:39:12] [REI-ReloadPlugins/TRACE] [REI] [REIPlugin START] Reloading Section: "reloadable-plugin/DisplaySerializerRegistryImpl/REIPlugin of REIPluginLoader [toms_storage]/"
[17:39:12] [REI-ReloadPlugins/TRACE] [REI] [REIPlugin START] Reloading Section: "reloadable-plugin/DisplaySerializerRegistryImpl/REIPlugin of REIPluginLoader [toms_storage]/" done in 9.437 μs
[17:39:12] [REI-ReloadPlugins/TRACE] [REI] [REIPlugin START] Reloading Section: "reloadable-plugin/DisplaySerializerRegistryImpl/StorageReiClientPlugin of StorageReiClientPlugin [sophisticatedstorage]/"
[17:39:12] [REI-ReloadPlugins/TRACE] [REI] [REIPlugin START] Reloading Section: "reloadable-plugin/DisplaySerializerRegistryImpl/StorageReiClientPlugin of StorageReiClientPlugin [sophisticatedstorage]/" done in 9.998 μs
[17:39:12] [REI-ReloadPlugins/TRACE] [REI] [REIPlugin START] Reloading Section: "reloadable-plugin/DisplaySerializerRegistryImpl/OwoReiPlugin of OwoReiPlugin [owo]/"
[17:39:12] [REI-ReloadPlugins/TRACE] [REI] [REIPlugin START] Reloading Section: "reloadable-plugin/DisplaySerializerRegistryImpl/OwoReiPlugin of OwoReiPlugin [owo]/" done in 9.638 μs
[17:39:12] [REI-ReloadPlugins/TRACE] [REI] [REIPlugin START] Reloading Section: "reloadable-plugin/DisplaySerializerRegistryImpl/CuriosReiPlugin of CuriosReiPlugin [curios]/"
[17:39:12] [REI-ReloadPlugins/TRACE] [REI] [REIPlugin START] Reloading Section: "reloadable-plugin/DisplaySerializerRegistryImpl/CuriosReiPlugin of CuriosReiPlugin [curios]/" done in 8.947 μs
[17:39:12] [REI-ReloadPlugins/TRACE] [REI] [REIPlugin START] Reloading Section: "reloadable-plugin/DisplaySerializerRegistryImpl/BackpackReiClientPlugin of BackpackReiClientPlugin [sophisticatedbackpacks]/"
[17:39:12] [REI-ReloadPlugins/TRACE] [REI] [REIPlugin START] Reloading Section: "reloadable-plugin/DisplaySerializerRegistryImpl/BackpackReiClientPlugin of BackpackReiClientPlugin [sophisticatedbackpacks]/" done in 9.026 μs
[17:39:12] [REI-ReloadPlugins/TRACE] [REI] [REIPlugin START] Reloading Section: "reloadable-plugin/DisplaySerializerRegistryImpl/StorageReiCommonPlugin of StorageReiCommonPlugin [sophisticatedstorage]/"
[17:39:12] [REI-ReloadPlugins/TRACE] [REI] [REIPlugin START] Reloading Section: "reloadable-plugin/DisplaySerializerRegistryImpl/StorageReiCommonPlugin of StorageReiCommonPlugin [sophisticatedstorage]/" done in 32.83 μs
[17:39:12] [REI-ReloadPlugins/TRACE] [REI] [REIPlugin START] Reloading Section: "reloadable-plugin/DisplaySerializerRegistryImpl/BackpackReiCommonPlugin of BackpackReiCommonPlugin [sophisticatedbackpacks]/"
[17:39:12] [REI-ReloadPlugins/TRACE] [REI] [REIPlugin START] Reloading Section: "reloadable-plugin/DisplaySerializerRegistryImpl/BackpackReiCommonPlugin of BackpackReiCommonPlugin [sophisticatedbackpacks]/" done in 14.07 μs
[17:39:12] [REI-ReloadPlugins/TRACE] [REI] [REIPlugin START] Reloading Section: "reloadable-plugin/DisplaySerializerRegistryImpl/CoreReiCommonPlugin of CoreReiCommonPlugin [sophisticatedcore]/"
[17:39:12] [REI-ReloadPlugins/TRACE] [REI] [REIPlugin START] Reloading Section: "reloadable-plugin/DisplaySerializerRegistryImpl/CoreReiCommonPlugin of CoreReiCommonPlugin [sophisticatedcore]/" done in 10.73 μs
[17:39:12] [REI-ReloadPlugins/TRACE] [REI] [REIPlugin START] Reloading Section: "reloadable-plugin/DisplaySerializerRegistryImpl/KubeJSREIPlugin of KubeJSREIPlugin [kubejs]/"
[17:39:12] [REI-ReloadPlugins/TRACE] [REI] [REIPlugin START] Reloading Section: "reloadable-plugin/DisplaySerializerRegistryImpl/KubeJSREIPlugin of KubeJSREIPlugin [kubejs]/" done in 10.65 μs
[17:39:12] [REI-ReloadPlugins/TRACE] [REI] [REIPlugin START] Reloading Section: "reloadable-plugin/DisplaySerializerRegistryImpl/" done in 395.6 μs
[17:39:12] [REI-ReloadPlugins/TRACE] [REI] [REIPlugin START] Reloading Section: "reloadable-plugin/FluidSupportProviderImpl/"
[17:39:12] [REI-ReloadPlugins/TRACE] [REI] [REIPlugin START] Reloading Section: "reloadable-plugin/FluidSupportProviderImpl/DefaultClientPluginImpl of DefaultClientPluginImpl [roughlyenoughitems]/"
[17:39:12] [REI-ReloadPlugins/TRACE] [REI] [REIPlugin START] Reloading Section: "reloadable-plugin/FluidSupportProviderImpl/DefaultClientPluginImpl of DefaultClientPluginImpl [roughlyenoughitems]/" done in 13.84 μs
[17:39:12] [REI-ReloadPlugins/TRACE] [REI] [REIPlugin START] Reloading Section: "reloadable-plugin/FluidSupportProviderImpl/DefaultPluginImpl of DefaultPluginImpl [roughlyenoughitems]/"
[17:39:12] [REI-ReloadPlugins/TRACE] [REI] [REIPlugin START] Reloading Section: "reloadable-plugin/FluidSupportProviderImpl/DefaultPluginImpl of DefaultPluginImpl [roughlyenoughitems]/" done in 222.8 μs
[17:39:12] [REI-ReloadPlugins/TRACE] [REI] [REIPlugin START] Reloading Section: "reloadable-plugin/FluidSupportProviderImpl/HideIngredientsFromTagsPlugin of HideIngredientsFromTagsPlugin [roughlyenoughitems]/"
[17:39:12] [REI-ReloadPlugins/TRACE] [REI] [REIPlugin START] Reloading Section: "reloadable-plugin/FluidSupportProviderImpl/HideIngredientsFromTagsPlugin of HideIngredientsFromTagsPlugin [roughlyenoughitems]/" done in 15.52 μs
[17:39:12] [REI-ReloadPlugins/TRACE] [REI] [REIPlugin START] Reloading Section: "reloadable-plugin/FluidSupportProviderImpl/DefaultClientRuntimePlugin of DefaultClientRuntimePlugin [roughlyenoughitems]/"
[17:39:12] [REI-ReloadPlugins/TRACE] [REI] [REIPlugin START] Reloading Section: "reloadable-plugin/FluidSupportProviderImpl/DefaultClientRuntimePlugin of DefaultClientRuntimePlugin [roughlyenoughitems]/" done in 10.34 μs
[17:39:12] [REI-ReloadPlugins/TRACE] [REI] [REIPlugin START] Reloading Section: "reloadable-plugin/FluidSupportProviderImpl/DefaultRuntimePlugin of DefaultRuntimePlugin [roughlyenoughitems]/"
[17:39:12] [REI-ReloadPlugins/TRACE] [REI] [REIPlugin START] Reloading Section: "reloadable-plugin/FluidSupportProviderImpl/DefaultRuntimePlugin of DefaultRuntimePlugin [roughlyenoughitems]/" done in 10.84 μs
[17:39:12] [REI-ReloadPlugins/TRACE] [REI] [REIPlugin START] Reloading Section: "reloadable-plugin/FluidSupportProviderImpl/REIPlugin of REIPluginLoader [toms_storage]/"
[17:39:12] [REI-ReloadPlugins/TRACE] [REI] [REIPlugin START] Reloading Section: "reloadable-plugin/FluidSupportProviderImpl/REIPlugin of REIPluginLoader [toms_storage]/" done in 9.728 μs
[17:39:12] [REI-ReloadPlugins/TRACE] [REI] [REIPlugin START] Reloading Section: "reloadable-plugin/FluidSupportProviderImpl/StorageReiClientPlugin of StorageReiClientPlugin [sophisticatedstorage]/"
[17:39:12] [REI-ReloadPlugins/TRACE] [REI] [REIPlugin START] Reloading Section: "reloadable-plugin/FluidSupportProviderImpl/StorageReiClientPlugin of StorageReiClientPlugin [sophisticatedstorage]/" done in 13.34 μs
[17:39:12] [REI-ReloadPlugins/TRACE] [REI] [REIPlugin START] Reloading Section: "reloadable-plugin/FluidSupportProviderImpl/OwoReiPlugin of OwoReiPlugin [owo]/"
[17:39:12] [REI-ReloadPlugins/TRACE] [REI] [REIPlugin START] Reloading Section: "reloadable-plugin/FluidSupportProviderImpl/OwoReiPlugin of OwoReiPlugin [owo]/" done in 17.20 μs
[17:39:12] [REI-ReloadPlugins/TRACE] [REI] [REIPlugin START] Reloading Section: "reloadable-plugin/FluidSupportProviderImpl/CuriosReiPlugin of CuriosReiPlugin [curios]/"
[17:39:12] [REI-ReloadPlugins/TRACE] [REI] [REIPlugin START] Reloading Section: "reloadable-plugin/FluidSupportProviderImpl/CuriosReiPlugin of CuriosReiPlugin [curios]/" done in 15.10 μs
[17:39:12] [REI-ReloadPlugins/TRACE] [REI] [REIPlugin START] Reloading Section: "reloadable-plugin/FluidSupportProviderImpl/BackpackReiClientPlugin of BackpackReiClientPlugin [sophisticatedbackpacks]/"
[17:39:12] [REI-ReloadPlugins/TRACE] [REI] [REIPlugin START] Reloading Section: "reloadable-plugin/FluidSupportProviderImpl/BackpackReiClientPlugin of BackpackReiClientPlugin [sophisticatedbackpacks]/" done in 27.81 μs
[17:39:12] [REI-ReloadPlugins/TRACE] [REI] [REIPlugin START] Reloading Section: "reloadable-plugin/FluidSupportProviderImpl/StorageReiCommonPlugin of StorageReiCommonPlugin [sophisticatedstorage]/"
[17:39:12] [REI-ReloadPlugins/TRACE] [REI] [REIPlugin START] Reloading Section: "reloadable-plugin/FluidSupportProviderImpl/StorageReiCommonPlugin of StorageReiCommonPlugin [sophisticatedstorage]/" done in 13.10 μs
[17:39:12] [REI-ReloadPlugins/TRACE] [REI] [REIPlugin START] Reloading Section: "reloadable-plugin/FluidSupportProviderImpl/BackpackReiCommonPlugin of BackpackReiCommonPlugin [sophisticatedbackpacks]/"
[17:39:12] [REI-ReloadPlugins/TRACE] [REI] [REIPlugin START] Reloading Section: "reloadable-plugin/FluidSupportProviderImpl/BackpackReiCommonPlugin of BackpackReiCommonPlugin [sophisticatedbackpacks]/" done in 11.09 μs
[17:39:12] [REI-ReloadPlugins/TRACE] [REI] [REIPlugin START] Reloading Section: "reloadable-plugin/FluidSupportProviderImpl/CoreReiCommonPlugin of CoreReiCommonPlugin [sophisticatedcore]/"
[17:39:12] [REI-ReloadPlugins/TRACE] [REI] [REIPlugin START] Reloading Section: "reloadable-plugin/FluidSupportProviderImpl/CoreReiCommonPlugin of CoreReiCommonPlugin [sophisticatedcore]/" done in 10.30 μs
[17:39:12] [REI-ReloadPlugins/TRACE] [REI] [REIPlugin START] Reloading Section: "reloadable-plugin/FluidSupportProviderImpl/KubeJSREIPlugin of KubeJSREIPlugin [kubejs]/"
[17:39:12] [REI-ReloadPlugins/TRACE] [REI] [REIPlugin START] Reloading Section: "reloadable-plugin/FluidSupportProviderImpl/KubeJSREIPlugin of KubeJSREIPlugin [kubejs]/" done in 9.618 μs
[17:39:12] [REI-ReloadPlugins/TRACE] [REI] [REIPlugin START] Reloading Section: "reloadable-plugin/FluidSupportProviderImpl/" done in 723.2 μs
[17:39:12] [REI-ReloadPlugins/TRACE] [REI] [REIPlugin START] Reloading Section: "reloadable-plugin/me.shedaniel.rei.plugin.client.runtime.PluginStageExecutionWatcher$1/"
[17:39:12] [REI-ReloadPlugins/TRACE] [REI] [REIPlugin START] Reloading Section: "reloadable-plugin/me.shedaniel.rei.plugin.client.runtime.PluginStageExecutionWatcher$1/DefaultClientPluginImpl of DefaultClientPluginImpl [roughlyenoughitems]/"
[17:39:12] [REI-ReloadPlugins/TRACE] [REI] [REIPlugin START] Reloading Section: "reloadable-plugin/me.shedaniel.rei.plugin.client.runtime.PluginStageExecutionWatcher$1/DefaultClientPluginImpl of DefaultClientPluginImpl [roughlyenoughitems]/" done in 15.18 μs
[17:39:12] [REI-ReloadPlugins/TRACE] [REI] [REIPlugin START] Reloading Section: "reloadable-plugin/me.shedaniel.rei.plugin.client.runtime.PluginStageExecutionWatcher$1/DefaultPluginImpl of DefaultPluginImpl [roughlyenoughitems]/"
[17:39:12] [REI-ReloadPlugins/TRACE] [REI] [REIPlugin START] Reloading Section: "reloadable-plugin/me.shedaniel.rei.plugin.client.runtime.PluginStageExecutionWatcher$1/DefaultPluginImpl of DefaultPluginImpl [roughlyenoughitems]/" done in 10.75 μs
[17:39:12] [REI-ReloadPlugins/TRACE] [REI] [REIPlugin START] Reloading Section: "reloadable-plugin/me.shedaniel.rei.plugin.client.runtime.PluginStageExecutionWatcher$1/HideIngredientsFromTagsPlugin of HideIngredientsFromTagsPlugin [roughlyenoughitems]/"
[17:39:12] [REI-ReloadPlugins/TRACE] [REI] [REIPlugin START] Reloading Section: "reloadable-plugin/me.shedaniel.rei.plugin.client.runtime.PluginStageExecutionWatcher$1/HideIngredientsFromTagsPlugin of HideIngredientsFromTagsPlugin [roughlyenoughitems]/" done in 14.58 μs
[17:39:12] [REI-ReloadPlugins/TRACE] [REI] [REIPlugin START] Reloading Section: "reloadable-plugin/me.shedaniel.rei.plugin.client.runtime.PluginStageExecutionWatcher$1/DefaultClientRuntimePlugin of DefaultClientRuntimePlugin [roughlyenoughitems]/"
[17:39:12] [REI-ReloadPlugins/TRACE] [REI] [REIPlugin START] Reloading Section: "reloadable-plugin/me.shedaniel.rei.plugin.client.runtime.PluginStageExecutionWatcher$1/DefaultClientRuntimePlugin of DefaultClientRuntimePlugin [roughlyenoughitems]/" done in 13.67 μs
[17:39:12] [REI-ReloadPlugins/TRACE] [REI] [REIPlugin START] Reloading Section: "reloadable-plugin/me.shedaniel.rei.plugin.client.runtime.PluginStageExecutionWatcher$1/DefaultRuntimePlugin of DefaultRuntimePlugin [roughlyenoughitems]/"
[17:39:12] [REI-ReloadPlugins/TRACE] [REI] [REIPlugin START] Reloading Section: "reloadable-plugin/me.shedaniel.rei.plugin.client.runtime.PluginStageExecutionWatcher$1/DefaultRuntimePlugin of DefaultRuntimePlugin [roughlyenoughitems]/" done in 9.598 μs
[17:39:12] [REI-ReloadPlugins/TRACE] [REI] [REIPlugin START] Reloading Section: "reloadable-plugin/me.shedaniel.rei.plugin.client.runtime.PluginStageExecutionWatcher$1/REIPlugin of REIPluginLoader [toms_storage]/"
[17:39:12] [REI-ReloadPlugins/TRACE] [REI] [REIPlugin START] Reloading Section: "reloadable-plugin/me.shedaniel.rei.plugin.client.runtime.PluginStageExecutionWatcher$1/REIPlugin of REIPluginLoader [toms_storage]/" done in 13.02 μs
[17:39:12] [REI-ReloadPlugins/TRACE] [REI] [REIPlugin START] Reloading Section: "reloadable-plugin/me.shedaniel.rei.plugin.client.runtime.PluginStageExecutionWatcher$1/StorageReiClientPlugin of StorageReiClientPlugin [sophisticatedstorage]/"
[17:39:12] [REI-ReloadPlugins/TRACE] [REI] [REIPlugin START] Reloading Section: "reloadable-plugin/me.shedaniel.rei.plugin.client.runtime.PluginStageExecutionWatcher$1/StorageReiClientPlugin of StorageReiClientPlugin [sophisticatedstorage]/" done in 9.327 μs
[17:39:12] [REI-ReloadPlugins/TRACE] [REI] [REIPlugin START] Reloading Section: "reloadable-plugin/me.shedaniel.rei.plugin.client.runtime.PluginStageExecutionWatcher$1/OwoReiPlugin of OwoReiPlugin [owo]/"
[17:39:12] [REI-ReloadPlugins/TRACE] [REI] [REIPlugin START] Reloading Section: "reloadable-plugin/me.shedaniel.rei.plugin.client.runtime.PluginStageExecutionWatcher$1/OwoReiPlugin of OwoReiPlugin [owo]/" done in 9.347 μs
[17:39:12] [REI-ReloadPlugins/TRACE] [REI] [REIPlugin START] Reloading Section: "reloadable-plugin/me.shedaniel.rei.plugin.client.runtime.PluginStageExecutionWatcher$1/CuriosReiPlugin of CuriosReiPlugin [curios]/"
[17:39:12] [REI-ReloadPlugins/TRACE] [REI] [REIPlugin START] Reloading Section: "reloadable-plugin/me.shedaniel.rei.plugin.client.runtime.PluginStageExecutionWatcher$1/CuriosReiPlugin of CuriosReiPlugin [curios]/" done in 9.939 μs
[17:39:12] [REI-ReloadPlugins/TRACE] [REI] [REIPlugin START] Reloading Section: "reloadable-plugin/me.shedaniel.rei.plugin.client.runtime.PluginStageExecutionWatcher$1/BackpackReiClientPlugin of BackpackReiClientPlugin [sophisticatedbackpacks]/"
[17:39:12] [REI-ReloadPlugins/TRACE] [REI] [REIPlugin START] Reloading Section: "reloadable-plugin/me.shedaniel.rei.plugin.client.runtime.PluginStageExecutionWatcher$1/BackpackReiClientPlugin of BackpackReiClientPlugin [sophisticatedbackpacks]/" done in 10.88 μs
[17:39:12] [REI-ReloadPlugins/TRACE] [REI] [REIPlugin START] Reloading Section: "reloadable-plugin/me.shedaniel.rei.plugin.client.runtime.PluginStageExecutionWatcher$1/StorageReiCommonPlugin of StorageReiCommonPlugin [sophisticatedstorage]/"
[17:39:12] [REI-ReloadPlugins/TRACE] [REI] [REIPlugin START] Reloading Section: "reloadable-plugin/me.shedaniel.rei.plugin.client.runtime.PluginStageExecutionWatcher$1/StorageReiCommonPlugin of StorageReiCommonPlugin [sophisticatedstorage]/" done in 16.08 μs
[17:39:12] [REI-ReloadPlugins/TRACE] [REI] [REIPlugin START] Reloading Section: "reloadable-plugin/me.shedaniel.rei.plugin.client.runtime.PluginStageExecutionWatcher$1/BackpackReiCommonPlugin of BackpackReiCommonPlugin [sophisticatedbackpacks]/"
[17:39:12] [REI-ReloadPlugins/TRACE] [REI] [REIPlugin START] Reloading Section: "reloadable-plugin/me.shedaniel.rei.plugin.client.runtime.PluginStageExecutionWatcher$1/BackpackReiCommonPlugin of BackpackReiCommonPlugin [sophisticatedbackpacks]/" done in 10.41 μs
[17:39:12] [REI-ReloadPlugins/TRACE] [REI] [REIPlugin START] Reloading Section: "reloadable-plugin/me.shedaniel.rei.plugin.client.runtime.PluginStageExecutionWatcher$1/CoreReiCommonPlugin of CoreReiCommonPlugin [sophisticatedcore]/"
[17:39:12] [REI-ReloadPlugins/TRACE] [REI] [REIPlugin START] Reloading Section: "reloadable-plugin/me.shedaniel.rei.plugin.client.runtime.PluginStageExecutionWatcher$1/CoreReiCommonPlugin of CoreReiCommonPlugin [sophisticatedcore]/" done in 41.08 μs
[17:39:12] [REI-ReloadPlugins/TRACE] [REI] [REIPlugin START] Reloading Section: "reloadable-plugin/me.shedaniel.rei.plugin.client.runtime.PluginStageExecutionWatcher$1/KubeJSREIPlugin of KubeJSREIPlugin [kubejs]/"
[17:39:12] [REI-ReloadPlugins/TRACE] [REI] [REIPlugin START] Reloading Section: "reloadable-plugin/me.shedaniel.rei.plugin.client.runtime.PluginStageExecutionWatcher$1/KubeJSREIPlugin of KubeJSREIPlugin [kubejs]/" done in 8.917 μs
[17:39:12] [REI-ReloadPlugins/TRACE] [REI] [REIPlugin START] Reloading Section: "reloadable-plugin/me.shedaniel.rei.plugin.client.runtime.PluginStageExecutionWatcher$1/" done in 488.2 μs
[17:39:12] [REI-ReloadPlugins/DEBUG] [REI] ========================================
[17:39:12] [REI-ReloadPlugins/DEBUG] [REI] REIPlugin ending main-reload for START.
[17:39:12] [REI-ReloadPlugins/DEBUG] [REI] ========================================
[17:39:12] [REI-ReloadPlugins/TRACE] [REI] [REIPlugin START] Reloading Section: "end-reload/"
[17:39:12] [REI-ReloadPlugins/TRACE] [REI] [REIPlugin START] Reloading Section: "end-reload/EntryTypeRegistryImpl/"
[17:39:12] [REI-ReloadPlugins/TRACE] [REI] [REIPlugin START] Reloading Section: "end-reload/EntryTypeRegistryImpl/" done in 17.10 μs
[17:39:12] [REI-ReloadPlugins/TRACE] [REI] [REIPlugin START] Reloading Section: "end-reload/EntrySettingsAdapterRegistryImpl/"
[17:39:12] [REI-ReloadPlugins/TRACE] [REI] [REIPlugin START] Reloading Section: "end-reload/EntrySettingsAdapterRegistryImpl/" done in 7.193 μs
[17:39:12] [REI-ReloadPlugins/TRACE] [REI] [REIPlugin START] Reloading Section: "end-reload/RecipeManagerContextImpl/"
[17:39:12] [REI-ReloadPlugins/TRACE] [REI] [REIPlugin START] Reloading Section: "end-reload/RecipeManagerContextImpl/" done in 6.783 μs
[17:39:12] [REI-ReloadPlugins/TRACE] [REI] [REIPlugin START] Reloading Section: "end-reload/ItemComparatorRegistryImpl/"
[17:39:12] [REI-ReloadPlugins/TRACE] [REI] [REIPlugin START] Reloading Section: "end-reload/ItemComparatorRegistryImpl/" done in 6.803 μs
[17:39:12] [REI-ReloadPlugins/TRACE] [REI] [REIPlugin START] Reloading Section: "end-reload/FluidComparatorRegistryImpl/"
[17:39:12] [REI-ReloadPlugins/TRACE] [REI] [REIPlugin START] Reloading Section: "end-reload/FluidComparatorRegistryImpl/" done in 15.76 μs
[17:39:12] [REI-ReloadPlugins/TRACE] [REI] [REIPlugin START] Reloading Section: "end-reload/DisplaySerializerRegistryImpl/"
[17:39:12] [REI-ReloadPlugins/TRACE] [REI] [REIPlugin START] Reloading Section: "end-reload/DisplaySerializerRegistryImpl/" done in 10.37 μs
[17:39:12] [REI-ReloadPlugins/TRACE] [REI] [REIPlugin START] Reloading Section: "end-reload/FluidSupportProviderImpl/"
[17:39:12] [REI-ReloadPlugins/TRACE] [REI] [REIPlugin START] Reloading Section: "end-reload/FluidSupportProviderImpl/" done in 9.889 μs
[17:39:12] [REI-ReloadPlugins/TRACE] [REI] [REIPlugin START] Reloading Section: "end-reload/me.shedaniel.rei.plugin.client.runtime.PluginStageExecutionWatcher$1/"
[17:39:12] [REI-ReloadPlugins/TRACE] [REI] [REIPlugin START] Reloading Section: "end-reload/me.shedaniel.rei.plugin.client.runtime.PluginStageExecutionWatcher$1/" done in 14.26 μs
[17:39:12] [REI-ReloadPlugins/TRACE] [REI] [REIPlugin START] Reloading Section: "end-reload/" done in 255.1 μs
[17:39:12] [REI-ReloadPlugins/DEBUG] [REI] ========================================
[17:39:12] [REI-ReloadPlugins/DEBUG] [REI] REIPlugin ended main-reload for START in 14.63 ms.
[17:39:12] [REI-ReloadPlugins/DEBUG] [REI] ========================================
[17:39:12] [REI-ReloadPlugins/INFO] [REI] ****************************************
[17:39:12] [REI-ReloadPlugins/INFO] [REI] REIClientPlugin starting main-reload for START.
[17:39:12] [REI-ReloadPlugins/DEBUG] [REI] Reloadables (18):
[17:39:12] [REI-ReloadPlugins/DEBUG] [REI]  - EntryRendererRegistryImpl
[17:39:12] [REI-ReloadPlugins/DEBUG] [REI]  - ViewsImpl
[17:39:12] [REI-ReloadPlugins/DEBUG] [REI]  - InputMethodRegistryImpl
[17:39:12] [REI-ReloadPlugins/DEBUG] [REI]  - SearchProviderImpl
[17:39:12] [REI-ReloadPlugins/DEBUG] [REI]  - ConfigManagerImpl
[17:39:12] [REI-ReloadPlugins/DEBUG] [REI]  - EntryRegistryImpl
[17:39:12] [REI-ReloadPlugins/DEBUG] [REI]  - CollapsibleEntryRegistryImpl
[17:39:12] [REI-ReloadPlugins/DEBUG] [REI]  - BasicFilteringRuleImpl
[17:39:12] [REI-ReloadPlugins/DEBUG] [REI]  - CategoryRegistryImpl
[17:39:12] [REI-ReloadPlugins/DEBUG] [REI]  - DisplayRegistryImpl
[17:39:12] [REI-ReloadPlugins/DEBUG] [REI]  - ScreenRegistryImpl
[17:39:12] [REI-ReloadPlugins/DEBUG] [REI]  - FavoriteEntryTypeRegistryImpl
[17:39:12] [REI-ReloadPlugins/DEBUG] [REI]  - SubsetsRegistryImpl
[17:39:12] [REI-ReloadPlugins/DEBUG] [REI]  - TransferHandlerRegistryImpl
[17:39:12] [REI-ReloadPlugins/DEBUG] [REI]  - SearchRuntime
[17:39:12] [REI-ReloadPlugins/DEBUG] [REI]  - REIRuntimeImpl
[17:39:12] [REI-ReloadPlugins/DEBUG] [REI]  - ConfigAddonRegistryImpl
[17:39:12] [REI-ReloadPlugins/DEBUG] [REI]  - me.shedaniel.rei.plugin.client.runtime.PluginStageExecutionWatcher$1
[17:39:12] [REI-ReloadPlugins/INFO] [REI] Plugins (9):
[17:39:12] [REI-ReloadPlugins/INFO] [REI]  - (-100.00) DefaultClientPluginImpl of DefaultClientPluginImpl [roughlyenoughitems]
[17:39:12] [REI-ReloadPlugins/INFO] [REI]  - (0.00) REIPlugin of REIPluginLoader [toms_storage]
[17:39:12] [REI-ReloadPlugins/INFO] [REI]  - (0.00) StorageReiClientPlugin of StorageReiClientPlugin [sophisticatedstorage]
[17:39:12] [REI-ReloadPlugins/INFO] [REI]  - (0.00) OwoReiPlugin of OwoReiPlugin [owo]
[17:39:12] [REI-ReloadPlugins/INFO] [REI]  - (0.00) CuriosReiPlugin of CuriosReiPlugin [curios]
[17:39:12] [REI-ReloadPlugins/INFO] [REI]  - (0.00) BackpackReiClientPlugin of BackpackReiClientPlugin [sophisticatedbackpacks]
[17:39:12] [REI-ReloadPlugins/INFO] [REI]  - (0.00) HideIngredientsFromTagsPlugin of HideIngredientsFromTagsPlugin [roughlyenoughitems]
[17:39:12] [REI-ReloadPlugins/INFO] [REI]  - (0.00) DefaultClientRuntimePlugin of DefaultClientRuntimePlugin [roughlyenoughitems]
[17:39:12] [REI-ReloadPlugins/INFO] [REI]  - (10000000.00) KubeJSREIPlugin of KubeJSREIPlugin [kubejs]
[17:39:12] [REI-ReloadPlugins/INFO] [REI] ****************************************
[17:39:12] [REI-ReloadPlugins/TRACE] [REI] [REIClientPlugin START] Reloading Section: "start-reload/"
[17:39:12] [REI-ReloadPlugins/TRACE] [REI] [REIClientPlugin START] Reloading Section: "start-reload/EntryRendererRegistryImpl/"
[17:39:12] [REI-ReloadPlugins/TRACE] [REI] [REIClientPlugin START] Reloading Section: "start-reload/EntryRendererRegistryImpl/" done in 13.87 μs
[17:39:12] [REI-ReloadPlugins/TRACE] [REI] [REIClientPlugin START] Reloading Section: "start-reload/ViewsImpl/"
[17:39:12] [REI-ReloadPlugins/TRACE] [REI] [REIClientPlugin START] Reloading Section: "start-reload/ViewsImpl/" done in 10.85 μs
[17:39:12] [REI-ReloadPlugins/TRACE] [REI] [REIClientPlugin START] Reloading Section: "start-reload/InputMethodRegistryImpl/"
[17:39:12] [REI-ReloadPlugins/TRACE] [REI] [REIClientPlugin START] Reloading Section: "start-reload/InputMethodRegistryImpl/" done in 19.39 μs
[17:39:12] [REI-ReloadPlugins/TRACE] [REI] [REIClientPlugin START] Reloading Section: "start-reload/SearchProviderImpl/"
[17:39:12] [REI-ReloadPlugins/TRACE] [REI] [REIClientPlugin START] Reloading Section: "start-reload/SearchProviderImpl/" done in 9.307 μs
[17:39:12] [REI-ReloadPlugins/TRACE] [REI] [REIClientPlugin START] Reloading Section: "start-reload/ConfigManagerImpl/"
[17:39:12] [REI-ReloadPlugins/TRACE] [REI] [REIClientPlugin START] Reloading Section: "start-reload/ConfigManagerImpl/" done in 10.58 μs
[17:39:12] [REI-ReloadPlugins/TRACE] [REI] [REIClientPlugin START] Reloading Section: "start-reload/EntryRegistryImpl/"
[17:39:12] [REI-ReloadPlugins/TRACE] [REI] [REIClientPlugin START] Reloading Section: "start-reload/EntryRegistryImpl/" done in 31.68 μs
[17:39:12] [REI-ReloadPlugins/TRACE] [REI] [REIClientPlugin START] Reloading Section: "start-reload/CollapsibleEntryRegistryImpl/"
[17:39:12] [REI-ReloadPlugins/TRACE] [REI] [REIClientPlugin START] Reloading Section: "start-reload/CollapsibleEntryRegistryImpl/" done in 10.59 μs
[17:39:12] [REI-ReloadPlugins/TRACE] [REI] [REIClientPlugin START] Reloading Section: "start-reload/BasicFilteringRuleImpl/"
[17:39:12] [REI-ReloadPlugins/TRACE] [REI] [REIClientPlugin START] Reloading Section: "start-reload/BasicFilteringRuleImpl/" done in 14.50 μs
[17:39:12] [REI-ReloadPlugins/TRACE] [REI] [REIClientPlugin START] Reloading Section: "start-reload/CategoryRegistryImpl/"
[17:39:12] [REI-ReloadPlugins/TRACE] [REI] [REIClientPlugin START] Reloading Section: "start-reload/CategoryRegistryImpl/" done in 8.596 μs
[17:39:12] [REI-ReloadPlugins/TRACE] [REI] [REIClientPlugin START] Reloading Section: "start-reload/DisplayRegistryImpl/"
[17:39:12] [REI-ReloadPlugins/TRACE] [REI] [REIClientPlugin START] Reloading Section: "start-reload/DisplayRegistryImpl/" done in 9.808 μs
[17:39:12] [REI-ReloadPlugins/TRACE] [REI] [REIClientPlugin START] Reloading Section: "start-reload/ScreenRegistryImpl/"
[17:39:12] [REI-ReloadPlugins/DEBUG] [REI] Added overlay decider: me.shedaniel.rei.impl.client.registry.screen.ExclusionZonesImpl@6b24e43f [-5.00 priority]
[17:39:12] [REI-ReloadPlugins/DEBUG] [REI] Added overlay decider: me.shedaniel.rei.impl.client.registry.screen.ScreenRegistryImpl$1@6a4724f8 [-10.00 priority]
[17:39:12] [REI-ReloadPlugins/DEBUG] [REI] Added overlay decider: me.shedaniel.rei.impl.client.registry.screen.ScreenRegistryImpl$2@3606e71b [-10.00 priority]
[17:39:12] [REI-ReloadPlugins/DEBUG] [REI] Added overlay decider: me.shedaniel.rei.impl.client.registry.screen.ScreenRegistryImpl$3@62cec2b5 [-20.00 priority]
[17:39:12] [REI-ReloadPlugins/DEBUG] [REI] Added focused stack provider: me.shedaniel.rei.impl.client.registry.screen.ScreenRegistryImpl$4@6762ed96 [-10.00 priority]
[17:39:12] [REI-ReloadPlugins/DEBUG] [REI] Added draggable component provider: me.shedaniel.rei.api.client.gui.drag.component.DraggableComponentProviderWidget$1@37c044b8 [0.00 priority]
[17:39:12] [REI-ReloadPlugins/DEBUG] [REI] Added draggable component visitor: me.shedaniel.rei.api.client.gui.drag.component.DraggableComponentVisitorWidget$2@315feab2 [0.00 priority]
[17:39:12] [REI-ReloadPlugins/TRACE] [REI] [REIClientPlugin START] Reloading Section: "start-reload/ScreenRegistryImpl/" done in 1.783 ms
[17:39:12] [REI-ReloadPlugins/TRACE] [REI] [REIClientPlugin START] Reloading Section: "start-reload/FavoriteEntryTypeRegistryImpl/"
[17:39:12] [REI-ReloadPlugins/TRACE] [REI] [REIClientPlugin START] Reloading Section: "start-reload/FavoriteEntryTypeRegistryImpl/" done in 21.67 μs
[17:39:12] [REI-ReloadPlugins/TRACE] [REI] [REIClientPlugin START] Reloading Section: "start-reload/SubsetsRegistryImpl/"
[17:39:12] [REI-ReloadPlugins/TRACE] [REI] [REIClientPlugin START] Reloading Section: "start-reload/SubsetsRegistryImpl/" done in 9.227 μs
[17:39:12] [REI-ReloadPlugins/TRACE] [REI] [REIClientPlugin START] Reloading Section: "start-reload/TransferHandlerRegistryImpl/"
[17:39:12] [REI-ReloadPlugins/TRACE] [REI] [REIClientPlugin START] Reloading Section: "start-reload/TransferHandlerRegistryImpl/" done in 12.56 μs
[17:39:12] [REI-ReloadPlugins/TRACE] [REI] [REIClientPlugin START] Reloading Section: "start-reload/SearchRuntime/"
[17:39:12] [REI-ReloadPlugins/DEBUG] [REI] Preparing collapsed entry groups cache with 0 entries and 0 stacks
[17:39:12] [REI-ReloadPlugins/DEBUG] [REI] Prepared collapsed entry groups cache with 0 entries and 0 stacks
[17:39:12] [REI-ReloadPlugins/TRACE] [REI] [REIClientPlugin START] Reloading Section: "start-reload/SearchRuntime/" done in 667.8 μs
[17:39:12] [REI-ReloadPlugins/TRACE] [REI] [REIClientPlugin START] Reloading Section: "start-reload/REIRuntimeImpl/"
[17:39:12] [REI-ReloadPlugins/TRACE] [REI] [REIClientPlugin START] Reloading Section: "start-reload/REIRuntimeImpl/" done in 510.6 μs
[17:39:12] [REI-ReloadPlugins/TRACE] [REI] [REIClientPlugin START] Reloading Section: "start-reload/ConfigAddonRegistryImpl/"
[17:39:12] [REI-ReloadPlugins/TRACE] [REI] [REIClientPlugin START] Reloading Section: "start-reload/ConfigAddonRegistryImpl/" done in 16.20 μs
[17:39:12] [REI-ReloadPlugins/TRACE] [REI] [REIClientPlugin START] Reloading Section: "start-reload/me.shedaniel.rei.plugin.client.runtime.PluginStageExecutionWatcher$1/"
[17:39:12] [REI-ReloadPlugins/TRACE] [REI] [REIClientPlugin START] Reloading Section: "start-reload/me.shedaniel.rei.plugin.client.runtime.PluginStageExecutionWatcher$1/" done in 7.745 μs
[17:39:12] [REI-ReloadPlugins/TRACE] [REI] [REIClientPlugin START] Reloading Section: "start-reload/" done in 3.668 ms
[17:39:12] [REI-ReloadPlugins/DEBUG] [REI] ========================================
[17:39:12] [REI-ReloadPlugins/DEBUG] [REI] REIClientPlugin started main-reload for START.
[17:39:12] [REI-ReloadPlugins/DEBUG] [REI] ========================================
[17:39:12] [REI-ReloadPlugins/TRACE] [REI] [REIClientPlugin START] Reloading Section: "reloadable-plugin/EntryRendererRegistryImpl/"
[17:39:12] [REI-ReloadPlugins/TRACE] [REI] [REIClientPlugin START] Reloading Section: "reloadable-plugin/EntryRendererRegistryImpl/DefaultClientPluginImpl of DefaultClientPluginImpl [roughlyenoughitems]/"
[17:39:12] [REI-ReloadPlugins/TRACE] [REI] [REIClientPlugin START] Reloading Section: "reloadable-plugin/EntryRendererRegistryImpl/DefaultClientPluginImpl of DefaultClientPluginImpl [roughlyenoughitems]/" done in 12.71 μs
[17:39:12] [REI-ReloadPlugins/TRACE] [REI] [REIClientPlugin START] Reloading Section: "reloadable-plugin/EntryRendererRegistryImpl/REIPlugin of REIPluginLoader [toms_storage]/"
[17:39:12] [REI-ReloadPlugins/TRACE] [REI] [REIClientPlugin START] Reloading Section: "reloadable-plugin/EntryRendererRegistryImpl/REIPlugin of REIPluginLoader [toms_storage]/" done in 14.63 μs
[17:39:12] [REI-ReloadPlugins/TRACE] [REI] [REIClientPlugin START] Reloading Section: "reloadable-plugin/EntryRendererRegistryImpl/StorageReiClientPlugin of StorageReiClientPlugin [sophisticatedstorage]/"
[17:39:12] [REI-ReloadPlugins/TRACE] [REI] [REIClientPlugin START] Reloading Section: "reloadable-plugin/EntryRendererRegistryImpl/StorageReiClientPlugin of StorageReiClientPlugin [sophisticatedstorage]/" done in 10.33 μs
[17:39:12] [REI-ReloadPlugins/TRACE] [REI] [REIClientPlugin START] Reloading Section: "reloadable-plugin/EntryRendererRegistryImpl/OwoReiPlugin of OwoReiPlugin [owo]/"
[17:39:12] [REI-ReloadPlugins/TRACE] [REI] [REIClientPlugin START] Reloading Section: "reloadable-plugin/EntryRendererRegistryImpl/OwoReiPlugin of OwoReiPlugin [owo]/" done in 9.888 μs
[17:39:12] [REI-ReloadPlugins/TRACE] [REI] [REIClientPlugin START] Reloading Section: "reloadable-plugin/EntryRendererRegistryImpl/CuriosReiPlugin of CuriosReiPlugin [curios]/"
[17:39:12] [REI-ReloadPlugins/TRACE] [REI] [REIClientPlugin START] Reloading Section: "reloadable-plugin/EntryRendererRegistryImpl/CuriosReiPlugin of CuriosReiPlugin [curios]/" done in 9.658 μs
[17:39:12] [REI-ReloadPlugins/TRACE] [REI] [REIClientPlugin START] Reloading Section: "reloadable-plugin/EntryRendererRegistryImpl/BackpackReiClientPlugin of BackpackReiClientPlugin [sophisticatedbackpacks]/"
[17:39:12] [REI-ReloadPlugins/TRACE] [REI] [REIClientPlugin START] Reloading Section: "reloadable-plugin/EntryRendererRegistryImpl/BackpackReiClientPlugin of BackpackReiClientPlugin [sophisticatedbackpacks]/" done in 17.61 μs
[17:39:12] [REI-ReloadPlugins/TRACE] [REI] [REIClientPlugin START] Reloading Section: "reloadable-plugin/EntryRendererRegistryImpl/HideIngredientsFromTagsPlugin of HideIngredientsFromTagsPlugin [roughlyenoughitems]/"
[17:39:12] [REI-ReloadPlugins/TRACE] [REI] [REIClientPlugin START] Reloading Section: "reloadable-plugin/EntryRendererRegistryImpl/HideIngredientsFromTagsPlugin of HideIngredientsFromTagsPlugin [roughlyenoughitems]/" done in 10.27 μs
[17:39:12] [REI-ReloadPlugins/TRACE] [REI] [REIClientPlugin START] Reloading Section: "reloadable-plugin/EntryRendererRegistryImpl/DefaultClientRuntimePlugin of DefaultClientRuntimePlugin [roughlyenoughitems]/"
[17:39:12] [REI-ReloadPlugins/TRACE] [REI] [REIClientPlugin START] Reloading Section: "reloadable-plugin/EntryRendererRegistryImpl/DefaultClientRuntimePlugin of DefaultClientRuntimePlugin [roughlyenoughitems]/" done in 10.81 μs
[17:39:12] [REI-ReloadPlugins/TRACE] [REI] [REIClientPlugin START] Reloading Section: "reloadable-plugin/EntryRendererRegistryImpl/KubeJSREIPlugin of KubeJSREIPlugin [kubejs]/"
[17:39:12] [REI-ReloadPlugins/TRACE] [REI] [REIClientPlugin START] Reloading Section: "reloadable-plugin/EntryRendererRegistryImpl/KubeJSREIPlugin of KubeJSREIPlugin [kubejs]/" done in 9.738 μs
[17:39:12] [REI-ReloadPlugins/TRACE] [REI] [REIClientPlugin START] Reloading Section: "reloadable-plugin/EntryRendererRegistryImpl/" done in 266.3 μs
[17:39:12] [REI-ReloadPlugins/TRACE] [REI] [REIClientPlugin START] Reloading Section: "reloadable-plugin/ViewsImpl/"
[17:39:12] [REI-ReloadPlugins/TRACE] [REI] [REIClientPlugin START] Reloading Section: "reloadable-plugin/ViewsImpl/DefaultClientPluginImpl of DefaultClientPluginImpl [roughlyenoughitems]/"
[17:39:12] [REI-ReloadPlugins/TRACE] [REI] [REIClientPlugin START] Reloading Section: "reloadable-plugin/ViewsImpl/DefaultClientPluginImpl of DefaultClientPluginImpl [roughlyenoughitems]/" done in 10.80 μs
[17:39:12] [REI-ReloadPlugins/TRACE] [REI] [REIClientPlugin START] Reloading Section: "reloadable-plugin/ViewsImpl/REIPlugin of REIPluginLoader [toms_storage]/"
[17:39:12] [REI-ReloadPlugins/TRACE] [REI] [REIClientPlugin START] Reloading Section: "reloadable-plugin/ViewsImpl/REIPlugin of REIPluginLoader [toms_storage]/" done in 11.46 μs
[17:39:12] [REI-ReloadPlugins/TRACE] [REI] [REIClientPlugin START] Reloading Section: "reloadable-plugin/ViewsImpl/StorageReiClientPlugin of StorageReiClientPlugin [sophisticatedstorage]/"
[17:39:12] [REI-ReloadPlugins/TRACE] [REI] [REIClientPlugin START] Reloading Section: "reloadable-plugin/ViewsImpl/StorageReiClientPlugin of StorageReiClientPlugin [sophisticatedstorage]/" done in 9.578 μs
[17:39:12] [REI-ReloadPlugins/TRACE] [REI] [REIClientPlugin START] Reloading Section: "reloadable-plugin/ViewsImpl/OwoReiPlugin of OwoReiPlugin [owo]/"
[17:39:12] [REI-ReloadPlugins/TRACE] [REI] [REIClientPlugin START] Reloading Section: "reloadable-plugin/ViewsImpl/OwoReiPlugin of OwoReiPlugin [owo]/" done in 9.939 μs
[17:39:12] [REI-ReloadPlugins/TRACE] [REI] [REIClientPlugin START] Reloading Section: "reloadable-plugin/ViewsImpl/CuriosReiPlugin of CuriosReiPlugin [curios]/"
[17:39:12] [REI-ReloadPlugins/TRACE] [REI] [REIClientPlugin START] Reloading Section: "reloadable-plugin/ViewsImpl/CuriosReiPlugin of CuriosReiPlugin [curios]/" done in 9.427 μs
[17:39:12] [REI-ReloadPlugins/TRACE] [REI] [REIClientPlugin START] Reloading Section: "reloadable-plugin/ViewsImpl/BackpackReiClientPlugin of BackpackReiClientPlugin [sophisticatedbackpacks]/"
[17:39:12] [REI-ReloadPlugins/TRACE] [REI] [REIClientPlugin START] Reloading Section: "reloadable-plugin/ViewsImpl/BackpackReiClientPlugin of BackpackReiClientPlugin [sophisticatedbackpacks]/" done in 9.527 μs
[17:39:12] [REI-ReloadPlugins/TRACE] [REI] [REIClientPlugin START] Reloading Section: "reloadable-plugin/ViewsImpl/HideIngredientsFromTagsPlugin of HideIngredientsFromTagsPlugin [roughlyenoughitems]/"
[17:39:12] [REI-ReloadPlugins/TRACE] [REI] [REIClientPlugin START] Reloading Section: "reloadable-plugin/ViewsImpl/HideIngredientsFromTagsPlugin of HideIngredientsFromTagsPlugin [roughlyenoughitems]/" done in 17.95 μs
[17:39:12] [REI-ReloadPlugins/TRACE] [REI] [REIClientPlugin START] Reloading Section: "reloadable-plugin/ViewsImpl/DefaultClientRuntimePlugin of DefaultClientRuntimePlugin [roughlyenoughitems]/"
[17:39:12] [REI-ReloadPlugins/TRACE] [REI] [REIClientPlugin START] Reloading Section: "reloadable-plugin/ViewsImpl/DefaultClientRuntimePlugin of DefaultClientRuntimePlugin [roughlyenoughitems]/" done in 9.949 μs
[17:39:12] [REI-ReloadPlugins/TRACE] [REI] [REIClientPlugin START] Reloading Section: "reloadable-plugin/ViewsImpl/KubeJSREIPlugin of KubeJSREIPlugin [kubejs]/"
[17:39:12] [REI-ReloadPlugins/TRACE] [REI] [REIClientPlugin START] Reloading Section: "reloadable-plugin/ViewsImpl/KubeJSREIPlugin of KubeJSREIPlugin [kubejs]/" done in 10.61 μs
[17:39:12] [REI-ReloadPlugins/TRACE] [REI] [REIClientPlugin START] Reloading Section: "reloadable-plugin/ViewsImpl/" done in 219.8 μs
[17:39:12] [REI-ReloadPlugins/TRACE] [REI] [REIClientPlugin START] Reloading Section: "reloadable-plugin/InputMethodRegistryImpl/"
[17:39:12] [REI-ReloadPlugins/TRACE] [REI] [REIClientPlugin START] Reloading Section: "reloadable-plugin/InputMethodRegistryImpl/DefaultClientPluginImpl of DefaultClientPluginImpl [roughlyenoughitems]/"
[17:39:12] [REI-ReloadPlugins/TRACE] [REI] [REIClientPlugin START] Reloading Section: "reloadable-plugin/InputMethodRegistryImpl/DefaultClientPluginImpl of DefaultClientPluginImpl [roughlyenoughitems]/" done in 10.97 μs
[17:39:12] [REI-ReloadPlugins/TRACE] [REI] [REIClientPlugin START] Reloading Section: "reloadable-plugin/InputMethodRegistryImpl/REIPlugin of REIPluginLoader [toms_storage]/"
[17:39:12] [REI-ReloadPlugins/TRACE] [REI] [REIClientPlugin START] Reloading Section: "reloadable-plugin/InputMethodRegistryImpl/REIPlugin of REIPluginLoader [toms_storage]/" done in 10.81 μs
[17:39:12] [REI-ReloadPlugins/TRACE] [REI] [REIClientPlugin START] Reloading Section: "reloadable-plugin/InputMethodRegistryImpl/StorageReiClientPlugin of StorageReiClientPlugin [sophisticatedstorage]/"
[17:39:12] [REI-ReloadPlugins/TRACE] [REI] [REIClientPlugin START] Reloading Section: "reloadable-plugin/InputMethodRegistryImpl/StorageReiClientPlugin of StorageReiClientPlugin [sophisticatedstorage]/" done in 14.44 μs
[17:39:12] [REI-ReloadPlugins/TRACE] [REI] [REIClientPlugin START] Reloading Section: "reloadable-plugin/InputMethodRegistryImpl/OwoReiPlugin of OwoReiPlugin [owo]/"
[17:39:12] [REI-ReloadPlugins/TRACE] [REI] [REIClientPlugin START] Reloading Section: "reloadable-plugin/InputMethodRegistryImpl/OwoReiPlugin of OwoReiPlugin [owo]/" done in 13.32 μs
[17:39:12] [REI-ReloadPlugins/TRACE] [REI] [REIClientPlugin START] Reloading Section: "reloadable-plugin/InputMethodRegistryImpl/CuriosReiPlugin of CuriosReiPlugin [curios]/"
[17:39:12] [REI-ReloadPlugins/TRACE] [REI] [REIClientPlugin START] Reloading Section: "reloadable-plugin/InputMethodRegistryImpl/CuriosReiPlugin of CuriosReiPlugin [curios]/" done in 13.63 μs
[17:39:12] [REI-ReloadPlugins/TRACE] [REI] [REIClientPlugin START] Reloading Section: "reloadable-plugin/InputMethodRegistryImpl/BackpackReiClientPlugin of BackpackReiClientPlugin [sophisticatedbackpacks]/"
[17:39:12] [REI-ReloadPlugins/TRACE] [REI] [REIClientPlugin START] Reloading Section: "reloadable-plugin/InputMethodRegistryImpl/BackpackReiClientPlugin of BackpackReiClientPlugin [sophisticatedbackpacks]/" done in 11.50 μs
[17:39:12] [REI-ReloadPlugins/TRACE] [REI] [REIClientPlugin START] Reloading Section: "reloadable-plugin/InputMethodRegistryImpl/HideIngredientsFromTagsPlugin of HideIngredientsFromTagsPlugin [roughlyenoughitems]/"
[17:39:12] [REI-ReloadPlugins/TRACE] [REI] [REIClientPlugin START] Reloading Section: "reloadable-plugin/InputMethodRegistryImpl/HideIngredientsFromTagsPlugin of HideIngredientsFromTagsPlugin [roughlyenoughitems]/" done in 13.38 μs
[17:39:12] [REI-ReloadPlugins/TRACE] [REI] [REIClientPlugin START] Reloading Section: "reloadable-plugin/InputMethodRegistryImpl/DefaultClientRuntimePlugin of DefaultClientRuntimePlugin [roughlyenoughitems]/"
[17:39:12] [REI-ReloadPlugins/TRACE] [REI] [REIClientPlugin START] Reloading Section: "reloadable-plugin/InputMethodRegistryImpl/DefaultClientRuntimePlugin of DefaultClientRuntimePlugin [roughlyenoughitems]/" done in 29.76 μs
[17:39:12] [REI-ReloadPlugins/TRACE] [REI] [REIClientPlugin START] Reloading Section: "reloadable-plugin/InputMethodRegistryImpl/KubeJSREIPlugin of KubeJSREIPlugin [kubejs]/"
[17:39:12] [REI-ReloadPlugins/TRACE] [REI] [REIClientPlugin START] Reloading Section: "reloadable-plugin/InputMethodRegistryImpl/KubeJSREIPlugin of KubeJSREIPlugin [kubejs]/" done in 13.04 μs
[17:39:12] [REI-ReloadPlugins/TRACE] [REI] [REIClientPlugin START] Reloading Section: "reloadable-plugin/InputMethodRegistryImpl/" done in 327.3 μs
[17:39:12] [REI-ReloadPlugins/TRACE] [REI] [REIClientPlugin START] Reloading Section: "reloadable-plugin/SearchProviderImpl/"
[17:39:12] [REI-ReloadPlugins/TRACE] [REI] [REIClientPlugin START] Reloading Section: "reloadable-plugin/SearchProviderImpl/DefaultClientPluginImpl of DefaultClientPluginImpl [roughlyenoughitems]/"
[17:39:12] [REI-ReloadPlugins/TRACE] [REI] [REIClientPlugin START] Reloading Section: "reloadable-plugin/SearchProviderImpl/DefaultClientPluginImpl of DefaultClientPluginImpl [roughlyenoughitems]/" done in 16.81 μs
[17:39:12] [REI-ReloadPlugins/TRACE] [REI] [REIClientPlugin START] Reloading Section: "reloadable-plugin/SearchProviderImpl/REIPlugin of REIPluginLoader [toms_storage]/"
[17:39:12] [REI-ReloadPlugins/TRACE] [REI] [REIClientPlugin START] Reloading Section: "reloadable-plugin/SearchProviderImpl/REIPlugin of REIPluginLoader [toms_storage]/" done in 15.45 μs
[17:39:12] [REI-ReloadPlugins/TRACE] [REI] [REIClientPlugin START] Reloading Section: "reloadable-plugin/SearchProviderImpl/StorageReiClientPlugin of StorageReiClientPlugin [sophisticatedstorage]/"
[17:39:12] [REI-ReloadPlugins/TRACE] [REI] [REIClientPlugin START] Reloading Section: "reloadable-plugin/SearchProviderImpl/StorageReiClientPlugin of StorageReiClientPlugin [sophisticatedstorage]/" done in 11.56 μs
[17:39:12] [REI-ReloadPlugins/TRACE] [REI] [REIClientPlugin START] Reloading Section: "reloadable-plugin/SearchProviderImpl/OwoReiPlugin of OwoReiPlugin [owo]/"
[17:39:12] [REI-ReloadPlugins/TRACE] [REI] [REIClientPlugin START] Reloading Section: "reloadable-plugin/SearchProviderImpl/OwoReiPlugin of OwoReiPlugin [owo]/" done in 12.21 μs
[17:39:12] [REI-ReloadPlugins/TRACE] [REI] [REIClientPlugin START] Reloading Section: "reloadable-plugin/SearchProviderImpl/CuriosReiPlugin of CuriosReiPlugin [curios]/"
[17:39:12] [REI-ReloadPlugins/TRACE] [REI] [REIClientPlugin START] Reloading Section: "reloadable-plugin/SearchProviderImpl/CuriosReiPlugin of CuriosReiPlugin [curios]/" done in 10.69 μs
[17:39:12] [REI-ReloadPlugins/TRACE] [REI] [REIClientPlugin START] Reloading Section: "reloadable-plugin/SearchProviderImpl/BackpackReiClientPlugin of BackpackReiClientPlugin [sophisticatedbackpacks]/"
[17:39:12] [REI-ReloadPlugins/TRACE] [REI] [REIClientPlugin START] Reloading Section: "reloadable-plugin/SearchProviderImpl/BackpackReiClientPlugin of BackpackReiClientPlugin [sophisticatedbackpacks]/" done in 10.59 μs
[17:39:12] [REI-ReloadPlugins/TRACE] [REI] [REIClientPlugin START] Reloading Section: "reloadable-plugin/SearchProviderImpl/HideIngredientsFromTagsPlugin of HideIngredientsFromTagsPlugin [roughlyenoughitems]/"
[17:39:12] [REI-ReloadPlugins/TRACE] [REI] [REIClientPlugin START] Reloading Section: "reloadable-plugin/SearchProviderImpl/HideIngredientsFromTagsPlugin of HideIngredientsFromTagsPlugin [roughlyenoughitems]/" done in 10.42 μs
[17:39:12] [REI-ReloadPlugins/TRACE] [REI] [REIClientPlugin START] Reloading Section: "reloadable-plugin/SearchProviderImpl/DefaultClientRuntimePlugin of DefaultClientRuntimePlugin [roughlyenoughitems]/"
[17:39:12] [REI-ReloadPlugins/TRACE] [REI] [REIClientPlugin START] Reloading Section: "reloadable-plugin/SearchProviderImpl/DefaultClientRuntimePlugin of DefaultClientRuntimePlugin [roughlyenoughitems]/" done in 18.69 μs
[17:39:12] [REI-ReloadPlugins/TRACE] [REI] [REIClientPlugin START] Reloading Section: "reloadable-plugin/SearchProviderImpl/KubeJSREIPlugin of KubeJSREIPlugin [kubejs]/"
[17:39:12] [REI-ReloadPlugins/TRACE] [REI] [REIClientPlugin START] Reloading Section: "reloadable-plugin/SearchProviderImpl/KubeJSREIPlugin of KubeJSREIPlugin [kubejs]/" done in 10.20 μs
[17:39:12] [REI-ReloadPlugins/TRACE] [REI] [REIClientPlugin START] Reloading Section: "reloadable-plugin/SearchProviderImpl/" done in 280.4 μs
[17:39:12] [REI-ReloadPlugins/TRACE] [REI] [REIClientPlugin START] Reloading Section: "reloadable-plugin/ConfigManagerImpl/"
[17:39:12] [REI-ReloadPlugins/TRACE] [REI] [REIClientPlugin START] Reloading Section: "reloadable-plugin/ConfigManagerImpl/DefaultClientPluginImpl of DefaultClientPluginImpl [roughlyenoughitems]/"
[17:39:12] [REI-ReloadPlugins/TRACE] [REI] [REIClientPlugin START] Reloading Section: "reloadable-plugin/ConfigManagerImpl/DefaultClientPluginImpl of DefaultClientPluginImpl [roughlyenoughitems]/" done in 12.87 μs
[17:39:12] [REI-ReloadPlugins/TRACE] [REI] [REIClientPlugin START] Reloading Section: "reloadable-plugin/ConfigManagerImpl/REIPlugin of REIPluginLoader [toms_storage]/"
[17:39:12] [REI-ReloadPlugins/TRACE] [REI] [REIClientPlugin START] Reloading Section: "reloadable-plugin/ConfigManagerImpl/REIPlugin of REIPluginLoader [toms_storage]/" done in 10.38 μs
[17:39:12] [REI-ReloadPlugins/TRACE] [REI] [REIClientPlugin START] Reloading Section: "reloadable-plugin/ConfigManagerImpl/StorageReiClientPlugin of StorageReiClientPlugin [sophisticatedstorage]/"
[17:39:12] [REI-ReloadPlugins/TRACE] [REI] [REIClientPlugin START] Reloading Section: "reloadable-plugin/ConfigManagerImpl/StorageReiClientPlugin of StorageReiClientPlugin [sophisticatedstorage]/" done in 45.48 μs
[17:39:12] [REI-ReloadPlugins/TRACE] [REI] [REIClientPlugin START] Reloading Section: "reloadable-plugin/ConfigManagerImpl/OwoReiPlugin of OwoReiPlugin [owo]/"
[17:39:12] [REI-ReloadPlugins/TRACE] [REI] [REIClientPlugin START] Reloading Section: "reloadable-plugin/ConfigManagerImpl/OwoReiPlugin of OwoReiPlugin [owo]/" done in 8.867 μs
[17:39:12] [REI-ReloadPlugins/TRACE] [REI] [REIClientPlugin START] Reloading Section: "reloadable-plugin/ConfigManagerImpl/CuriosReiPlugin of CuriosReiPlugin [curios]/"
[17:39:12] [REI-ReloadPlugins/TRACE] [REI] [REIClientPlugin START] Reloading Section: "reloadable-plugin/ConfigManagerImpl/CuriosReiPlugin of CuriosReiPlugin [curios]/" done in 8.256 μs
[17:39:12] [REI-ReloadPlugins/TRACE] [REI] [REIClientPlugin START] Reloading Section: "reloadable-plugin/ConfigManagerImpl/BackpackReiClientPlugin of BackpackReiClientPlugin [sophisticatedbackpacks]/"
[17:39:12] [REI-ReloadPlugins/TRACE] [REI] [REIClientPlugin START] Reloading Section: "reloadable-plugin/ConfigManagerImpl/BackpackReiClientPlugin of BackpackReiClientPlugin [sophisticatedbackpacks]/" done in 8.346 μs
[17:39:12] [REI-ReloadPlugins/TRACE] [REI] [REIClientPlugin START] Reloading Section: "reloadable-plugin/ConfigManagerImpl/HideIngredientsFromTagsPlugin of HideIngredientsFromTagsPlugin [roughlyenoughitems]/"
[17:39:12] [REI-ReloadPlugins/TRACE] [REI] [REIClientPlugin START] Reloading Section: "reloadable-plugin/ConfigManagerImpl/HideIngredientsFromTagsPlugin of HideIngredientsFromTagsPlugin [roughlyenoughitems]/" done in 7.023 μs
[17:39:12] [REI-ReloadPlugins/TRACE] [REI] [REIClientPlugin START] Reloading Section: "reloadable-plugin/ConfigManagerImpl/DefaultClientRuntimePlugin of DefaultClientRuntimePlugin [roughlyenoughitems]/"
[17:39:12] [REI-ReloadPlugins/TRACE] [REI] [REIClientPlugin START] Reloading Section: "reloadable-plugin/ConfigManagerImpl/DefaultClientRuntimePlugin of DefaultClientRuntimePlugin [roughlyenoughitems]/" done in 7.033 μs
[17:39:12] [REI-ReloadPlugins/TRACE] [REI] [REIClientPlugin START] Reloading Section: "reloadable-plugin/ConfigManagerImpl/KubeJSREIPlugin of KubeJSREIPlugin [kubejs]/"
[17:39:12] [REI-ReloadPlugins/TRACE] [REI] [REIClientPlugin START] Reloading Section: "reloadable-plugin/ConfigManagerImpl/KubeJSREIPlugin of KubeJSREIPlugin [kubejs]/" done in 21.09 μs
[17:39:12] [REI-ReloadPlugins/TRACE] [REI] [REIClientPlugin START] Reloading Section: "reloadable-plugin/ConfigManagerImpl/" done in 260.5 μs
[17:39:12] [REI-ReloadPlugins/TRACE] [REI] [REIClientPlugin START] Reloading Section: "reloadable-plugin/EntryRegistryImpl/"
[17:39:12] [REI-ReloadPlugins/TRACE] [REI] [REIClientPlugin START] Reloading Section: "reloadable-plugin/EntryRegistryImpl/DefaultClientPluginImpl of DefaultClientPluginImpl [roughlyenoughitems]/"
[17:39:13] [Render thread/DEBUG] [REI] Starting Reload Plugins of stage END
java.lang.Throwable
	at TRANSFORMER/roughlyenoughitems@16.0.799/me.shedaniel.rei.impl.common.plugins.ReloadManagerImpl.reloadPlugins(ReloadManagerImpl.java:110)
	at TRANSFORMER/roughlyenoughitems@16.0.799/me.shedaniel.rei.RoughlyEnoughItemsCoreClient.reloadPlugins(RoughlyEnoughItemsCoreClient.java:478)
	at TRANSFORMER/roughlyenoughitems@16.0.799/me.shedaniel.rei.RoughlyEnoughItemsCoreClient.reloadPlugins(RoughlyEnoughItemsCoreClient.java:465)
	at TRANSFORMER/roughlyenoughitems@16.0.799/me.shedaniel.rei.RoughlyEnoughItemsCoreClient.lambda$registerEvents$10(RoughlyEnoughItemsCoreClient.java:315)
	at TRANSFORMER/architectury@13.0.11/dev.architectury.event.forge.EventHandlerImplClient.event(EventHandlerImplClient.java:176)
	at MC-BOOTSTRAP/net.neoforged.bus/net.neoforged.bus.EventBus.post(EventBus.java:360)
	at MC-BOOTSTRAP/net.neoforged.bus/net.neoforged.bus.EventBus.post(EventBus.java:328)
	at TRANSFORMER/neoforge@21.1.251/net.neoforged.neoforge.client.ClientHooks.onRecipesUpdated(ClientHooks.java:664)
	at TRANSFORMER/minecraft@1.21.1/net.minecraft.client.multiplayer.ClientPacketListener.handleUpdateRecipes(ClientPacketListener.java:1506)
	at TRANSFORMER/minecraft@1.21.1/net.minecraft.network.protocol.game.ClientboundUpdateRecipesPacket.handle(ClientboundUpdateRecipesPacket.java:32)
	at TRANSFORMER/minecraft@1.21.1/net.minecraft.network.protocol.game.ClientboundUpdateRecipesPacket.handle(ClientboundUpdateRecipesPacket.java:13)
	at TRANSFORMER/minecraft@1.21.1/net.minecraft.network.protocol.PacketUtils.lambda$ensureRunningOnSameThread$0(PacketUtils.java:27)
	at TRANSFORMER/minecraft@1.21.1/net.minecraft.util.thread.BlockableEventLoop.doRunTask(BlockableEventLoop.java:148)
	at TRANSFORMER/minecraft@1.21.1/net.minecraft.util.thread.ReentrantBlockableEventLoop.doRunTask(ReentrantBlockableEventLoop.java:23)
	at TRANSFORMER/minecraft@1.21.1/net.minecraft.util.thread.BlockableEventLoop.pollTask(BlockableEventLoop.java:122)
	at TRANSFORMER/minecraft@1.21.1/net.minecraft.util.thread.BlockableEventLoop.runAllTasks(BlockableEventLoop.java:111)
	at TRANSFORMER/minecraft@1.21.1/net.minecraft.client.Minecraft.runTick(Minecraft.java:1155)
	at TRANSFORMER/minecraft@1.21.1/net.minecraft.client.Minecraft.run(Minecraft.java:807)
	at TRANSFORMER/minecraft@1.21.1/net.minecraft.client.main.Main.main(Main.java:230)
	at java.base/jdk.internal.reflect.DirectMethodHandleAccessor.invoke(DirectMethodHandleAccessor.java:103)
	at java.base/java.lang.reflect.Method.invoke(Method.java:580)
	at MC-BOOTSTRAP/fml_loader@4.0.44/net.neoforged.fml.loading.targets.CommonLaunchHandler.runTarget(CommonLaunchHandler.java:136)
	at MC-BOOTSTRAP/fml_loader@4.0.44/net.neoforged.fml.loading.targets.CommonLaunchHandler.clientService(CommonLaunchHandler.java:124)
	at MC-BOOTSTRAP/fml_loader@4.0.44/net.neoforged.fml.loading.targets.CommonClientLaunchHandler.runService(CommonClientLaunchHandler.java:32)
	at MC-BOOTSTRAP/fml_loader@4.0.44/net.neoforged.fml.loading.targets.CommonLaunchHandler.lambda$launchService$4(CommonLaunchHandler.java:118)
	at MC-BOOTSTRAP/cpw.mods.modlauncher@11.0.5/cpw.mods.modlauncher.LaunchServiceHandlerDecorator.launch(LaunchServiceHandlerDecorator.java:30)
	at MC-BOOTSTRAP/cpw.mods.modlauncher@11.0.5/cpw.mods.modlauncher.LaunchServiceHandler.launch(LaunchServiceHandler.java:53)
	at MC-BOOTSTRAP/cpw.mods.modlauncher@11.0.5/cpw.mods.modlauncher.LaunchServiceHandler.launch(LaunchServiceHandler.java:71)
	at MC-BOOTSTRAP/cpw.mods.modlauncher@11.0.5/cpw.mods.modlauncher.Launcher.run(Launcher.java:103)
	at MC-BOOTSTRAP/cpw.mods.modlauncher@11.0.5/cpw.mods.modlauncher.Launcher.main(Launcher.java:74)
	at MC-BOOTSTRAP/cpw.mods.modlauncher@11.0.5/cpw.mods.modlauncher.BootstrapLaunchConsumer.accept(BootstrapLaunchConsumer.java:26)
	at MC-BOOTSTRAP/cpw.mods.modlauncher@11.0.5/cpw.mods.modlauncher.BootstrapLaunchConsumer.accept(BootstrapLaunchConsumer.java:23)
	at cpw.mods.bootstraplauncher@2.0.2/cpw.mods.bootstraplauncher.BootstrapLauncher.run(BootstrapLauncher.java:210)
	at cpw.mods.bootstraplauncher@2.0.2/cpw.mods.bootstraplauncher.BootstrapLauncher.main(BootstrapLauncher.java:69)
	at java.base/jdk.internal.reflect.DirectMethodHandleAccessor.invoke(DirectMethodHandleAccessor.java:103)
	at java.base/java.lang.reflect.Method.invoke(Method.java:580)
	at io.github.zekerzhayard.forgewrapper.installer.Main.main(Main.java:67)
	at org.prismlauncher.launcher.impl.StandardLauncher.launch(StandardLauncher.java:115)
	at org.prismlauncher.EntryPoint.listen(EntryPoint.java:129)
	at org.prismlauncher.EntryPoint.main(EntryPoint.java:70)
[17:39:13] [Render thread/WARN] [REI] Found 1 existing reload task(s) after trying to terminate them!
[17:39:13] [REI-ReloadPlugins/TRACE] [REI] Registered 4363 entries from plugin DefaultClientPluginImpl
[17:39:13] [REI-ReloadPlugins/TRACE] [REI] [REIClientPlugin START] Reloading Section: "reloadable-plugin/EntryRegistryImpl/DefaultClientPluginImpl of DefaultClientPluginImpl [roughlyenoughitems]/" done in 150.9 ms
[17:39:13] [REI-ReloadPlugins/TRACE] [REI] [REIClientPlugin START] Reloading Section: "reloadable-plugin/EntryRegistryImpl/REIPlugin of REIPluginLoader [toms_storage]/"
[17:39:13] [REI-ReloadPlugins/TRACE] [REI] Registered 0 entries from plugin REIPlugin
[17:39:13] [REI-ReloadPlugins/TRACE] [REI] [REIClientPlugin START] Reloading Section: "reloadable-plugin/EntryRegistryImpl/REIPlugin of REIPluginLoader [toms_storage]/" done in 32.90 μs
[17:39:13] [REI-ReloadPlugins/TRACE] [REI] [REIClientPlugin START] Reloading Section: "reloadable-plugin/EntryRegistryImpl/StorageReiClientPlugin of StorageReiClientPlugin [sophisticatedstorage]/"
[17:39:13] [REI-ReloadPlugins/TRACE] [REI] Registered 0 entries from plugin StorageReiClientPlugin
[17:39:13] [REI-ReloadPlugins/TRACE] [REI] [REIClientPlugin START] Reloading Section: "reloadable-plugin/EntryRegistryImpl/StorageReiClientPlugin of StorageReiClientPlugin [sophisticatedstorage]/" done in 2.679 ms
[17:39:13] [REI-ReloadPlugins/TRACE] [REI] [REIClientPlugin START] Reloading Section: "reloadable-plugin/EntryRegistryImpl/OwoReiPlugin of OwoReiPlugin [owo]/"
[17:39:13] [REI-ReloadPlugins/TRACE] [REI] Registered 0 entries from plugin OwoReiPlugin
[17:39:13] [REI-ReloadPlugins/TRACE] [REI] [REIClientPlugin START] Reloading Section: "reloadable-plugin/EntryRegistryImpl/OwoReiPlugin of OwoReiPlugin [owo]/" done in 23.30 μs
[17:39:13] [REI-ReloadPlugins/TRACE] [REI] [REIClientPlugin START] Reloading Section: "reloadable-plugin/EntryRegistryImpl/CuriosReiPlugin of CuriosReiPlugin [curios]/"
[17:39:13] [REI-ReloadPlugins/TRACE] [REI] Registered 0 entries from plugin CuriosReiPlugin
[17:39:13] [REI-ReloadPlugins/TRACE] [REI] [REIClientPlugin START] Reloading Section: "reloadable-plugin/EntryRegistryImpl/CuriosReiPlugin of CuriosReiPlugin [curios]/" done in 17.10 μs
[17:39:13] [REI-ReloadPlugins/TRACE] [REI] [REIClientPlugin START] Reloading Section: "reloadable-plugin/EntryRegistryImpl/BackpackReiClientPlugin of BackpackReiClientPlugin [sophisticatedbackpacks]/"
[17:39:13] [REI-ReloadPlugins/TRACE] [REI] Registered 0 entries from plugin BackpackReiClientPlugin
[17:39:13] [REI-ReloadPlugins/TRACE] [REI] [REIClientPlugin START] Reloading Section: "reloadable-plugin/EntryRegistryImpl/BackpackReiClientPlugin of BackpackReiClientPlugin [sophisticatedbackpacks]/" done in 453.6 μs
[17:39:13] [REI-ReloadPlugins/TRACE] [REI] [REIClientPlugin START] Reloading Section: "reloadable-plugin/EntryRegistryImpl/HideIngredientsFromTagsPlugin of HideIngredientsFromTagsPlugin [roughlyenoughitems]/"
[17:39:13] [REI-ReloadPlugins/TRACE] [REI] Registered 0 entries from plugin HideIngredientsFromTagsPlugin
[17:39:13] [REI-ReloadPlugins/TRACE] [REI] [REIClientPlugin START] Reloading Section: "reloadable-plugin/EntryRegistryImpl/HideIngredientsFromTagsPlugin of HideIngredientsFromTagsPlugin [roughlyenoughitems]/" done in 28.68 μs
[17:39:13] [REI-ReloadPlugins/TRACE] [REI] [REIClientPlugin START] Reloading Section: "reloadable-plugin/EntryRegistryImpl/DefaultClientRuntimePlugin of DefaultClientRuntimePlugin [roughlyenoughitems]/"
[17:39:13] [REI-ReloadPlugins/TRACE] [REI] Registered 0 entries from plugin DefaultClientRuntimePlugin
[17:39:13] [REI-ReloadPlugins/TRACE] [REI] [REIClientPlugin START] Reloading Section: "reloadable-plugin/EntryRegistryImpl/DefaultClientRuntimePlugin of DefaultClientRuntimePlugin [roughlyenoughitems]/" done in 830.5 μs
[17:39:13] [REI-ReloadPlugins/TRACE] [REI] [REIClientPlugin START] Reloading Section: "reloadable-plugin/EntryRegistryImpl/KubeJSREIPlugin of KubeJSREIPlugin [kubejs]/"
[17:39:13] [REI-ReloadPlugins/TRACE] [REI] Registered 0 entries from plugin KubeJSREIPlugin
[17:39:13] [REI-ReloadPlugins/TRACE] [REI] [REIClientPlugin START] Reloading Section: "reloadable-plugin/EntryRegistryImpl/KubeJSREIPlugin of KubeJSREIPlugin [kubejs]/" done in 399.2 μs
[17:39:13] [REI-ReloadPlugins/TRACE] [REI] [REIClientPlugin START] Reloading Section: "reloadable-plugin/EntryRegistryImpl/" done in 155.7 ms
[17:39:13] [REI-ReloadPlugins/TRACE] [REI] [REIClientPlugin START] Reloading Section: "reloadable-plugin/CollapsibleEntryRegistryImpl/"
[17:39:13] [REI-ReloadPlugins/TRACE] [REI] [REIClientPlugin START] Reloading Section: "reloadable-plugin/CollapsibleEntryRegistryImpl/DefaultClientPluginImpl of DefaultClientPluginImpl [roughlyenoughitems]/"
[17:39:13] [REI-ReloadPlugins/TRACE] [REI] [REIClientPlugin START] Reloading Section: "reloadable-plugin/CollapsibleEntryRegistryImpl/DefaultClientPluginImpl of DefaultClientPluginImpl [roughlyenoughitems]/" done in 35.87 μs
[17:39:13] [REI-ReloadPlugins/TRACE] [REI] [REIClientPlugin START] Reloading Section: "reloadable-plugin/CollapsibleEntryRegistryImpl/REIPlugin of REIPluginLoader [toms_storage]/"
[17:39:13] [REI-ReloadPlugins/TRACE] [REI] [REIClientPlugin START] Reloading Section: "reloadable-plugin/CollapsibleEntryRegistryImpl/REIPlugin of REIPluginLoader [toms_storage]/" done in 12.50 μs
[17:39:13] [REI-ReloadPlugins/TRACE] [REI] [REIClientPlugin START] Reloading Section: "reloadable-plugin/CollapsibleEntryRegistryImpl/StorageReiClientPlugin of StorageReiClientPlugin [sophisticatedstorage]/"
[17:39:13] [REI-ReloadPlugins/TRACE] [REI] [REIClientPlugin START] Reloading Section: "reloadable-plugin/CollapsibleEntryRegistryImpl/StorageReiClientPlugin of StorageReiClientPlugin [sophisticatedstorage]/" done in 8.085 μs
[17:39:13] [REI-ReloadPlugins/TRACE] [REI] [REIClientPlugin START] Reloading Section: "reloadable-plugin/CollapsibleEntryRegistryImpl/OwoReiPlugin of OwoReiPlugin [owo]/"
[17:39:13] [REI-ReloadPlugins/TRACE] [REI] [REIClientPlugin START] Reloading Section: "reloadable-plugin/CollapsibleEntryRegistryImpl/OwoReiPlugin of OwoReiPlugin [owo]/" done in 7.464 μs
[17:39:13] [REI-ReloadPlugins/TRACE] [REI] [REIClientPlugin START] Reloading Section: "reloadable-plugin/CollapsibleEntryRegistryImpl/CuriosReiPlugin of CuriosReiPlugin [curios]/"
[17:39:13] [REI-ReloadPlugins/TRACE] [REI] [REIClientPlugin START] Reloading Section: "reloadable-plugin/CollapsibleEntryRegistryImpl/CuriosReiPlugin of CuriosReiPlugin [curios]/" done in 6.953 μs
[17:39:13] [REI-ReloadPlugins/TRACE] [REI] [REIClientPlugin START] Reloading Section: "reloadable-plugin/CollapsibleEntryRegistryImpl/BackpackReiClientPlugin of BackpackReiClientPlugin [sophisticatedbackpacks]/"
[17:39:13] [REI-ReloadPlugins/TRACE] [REI] [REIClientPlugin START] Reloading Section: "reloadable-plugin/CollapsibleEntryRegistryImpl/BackpackReiClientPlugin of BackpackReiClientPlugin [sophisticatedbackpacks]/" done in 6.842 μs
[17:39:13] [REI-ReloadPlugins/TRACE] [REI] [REIClientPlugin START] Reloading Section: "reloadable-plugin/CollapsibleEntryRegistryImpl/HideIngredientsFromTagsPlugin of HideIngredientsFromTagsPlugin [roughlyenoughitems]/"
[17:39:13] [REI-ReloadPlugins/TRACE] [REI] [REIClientPlugin START] Reloading Section: "reloadable-plugin/CollapsibleEntryRegistryImpl/HideIngredientsFromTagsPlugin of HideIngredientsFromTagsPlugin [roughlyenoughitems]/" done in 11.83 μs
[17:39:13] [REI-ReloadPlugins/TRACE] [REI] [REIClientPlugin START] Reloading Section: "reloadable-plugin/CollapsibleEntryRegistryImpl/DefaultClientRuntimePlugin of DefaultClientRuntimePlugin [roughlyenoughitems]/"
[17:39:13] [REI-ReloadPlugins/TRACE] [REI] [REIClientPlugin START] Reloading Section: "reloadable-plugin/CollapsibleEntryRegistryImpl/DefaultClientRuntimePlugin of DefaultClientRuntimePlugin [roughlyenoughitems]/" done in 8.436 μs
[17:39:13] [REI-ReloadPlugins/TRACE] [REI] [REIClientPlugin START] Reloading Section: "reloadable-plugin/CollapsibleEntryRegistryImpl/KubeJSREIPlugin of KubeJSREIPlugin [kubejs]/"
[17:39:13] [REI-ReloadPlugins/TRACE] [REI] [REIClientPlugin START] Reloading Section: "reloadable-plugin/CollapsibleEntryRegistryImpl/KubeJSREIPlugin of KubeJSREIPlugin [kubejs]/" done in 7.865 μs
[17:39:13] [REI-ReloadPlugins/TRACE] [REI] [REIClientPlugin START] Reloading Section: "reloadable-plugin/CollapsibleEntryRegistryImpl/" done in 273.0 μs
[17:39:13] [REI-ReloadPlugins/TRACE] [REI] [REIClientPlugin START] Reloading Section: "reloadable-plugin/BasicFilteringRuleImpl/"
[17:39:13] [REI-ReloadPlugins/TRACE] [REI] [REIClientPlugin START] Reloading Section: "reloadable-plugin/BasicFilteringRuleImpl/DefaultClientPluginImpl of DefaultClientPluginImpl [roughlyenoughitems]/"
[17:39:13] [REI-ReloadPlugins/TRACE] [REI] [REIClientPlugin START] Reloading Section: "reloadable-plugin/BasicFilteringRuleImpl/DefaultClientPluginImpl of DefaultClientPluginImpl [roughlyenoughitems]/" done in 34.02 μs
[17:39:13] [REI-ReloadPlugins/TRACE] [REI] [REIClientPlugin START] Reloading Section: "reloadable-plugin/BasicFilteringRuleImpl/REIPlugin of REIPluginLoader [toms_storage]/"
[17:39:13] [REI-ReloadPlugins/TRACE] [REI] [REIClientPlugin START] Reloading Section: "reloadable-plugin/BasicFilteringRuleImpl/REIPlugin of REIPluginLoader [toms_storage]/" done in 9.056 μs
[17:39:13] [REI-ReloadPlugins/TRACE] [REI] [REIClientPlugin START] Reloading Section: "reloadable-plugin/BasicFilteringRuleImpl/StorageReiClientPlugin of StorageReiClientPlugin [sophisticatedstorage]/"
[17:39:13] [REI-ReloadPlugins/TRACE] [REI] [REIClientPlugin START] Reloading Section: "reloadable-plugin/BasicFilteringRuleImpl/StorageReiClientPlugin of StorageReiClientPlugin [sophisticatedstorage]/" done in 7.244 μs
[17:39:13] [REI-ReloadPlugins/TRACE] [REI] [REIClientPlugin START] Reloading Section: "reloadable-plugin/BasicFilteringRuleImpl/OwoReiPlugin of OwoReiPlugin [owo]/"
[17:39:13] [REI-ReloadPlugins/TRACE] [REI] [REIClientPlugin START] Reloading Section: "reloadable-plugin/BasicFilteringRuleImpl/OwoReiPlugin of OwoReiPlugin [owo]/" done in 7.104 μs
[17:39:13] [REI-ReloadPlugins/TRACE] [REI] [REIClientPlugin START] Reloading Section: "reloadable-plugin/BasicFilteringRuleImpl/CuriosReiPlugin of CuriosReiPlugin [curios]/"
[17:39:13] [REI-ReloadPlugins/TRACE] [REI] [REIClientPlugin START] Reloading Section: "reloadable-plugin/BasicFilteringRuleImpl/CuriosReiPlugin of CuriosReiPlugin [curios]/" done in 6.823 μs
[17:39:13] [REI-ReloadPlugins/TRACE] [REI] [REIClientPlugin START] Reloading Section: "reloadable-plugin/BasicFilteringRuleImpl/BackpackReiClientPlugin of BackpackReiClientPlugin [sophisticatedbackpacks]/"
[17:39:13] [REI-ReloadPlugins/TRACE] [REI] [REIClientPlugin START] Reloading Section: "reloadable-plugin/BasicFilteringRuleImpl/BackpackReiClientPlugin of BackpackReiClientPlugin [sophisticatedbackpacks]/" done in 6.783 μs
[17:39:13] [REI-ReloadPlugins/TRACE] [REI] [REIClientPlugin START] Reloading Section: "reloadable-plugin/BasicFilteringRuleImpl/HideIngredientsFromTagsPlugin of HideIngredientsFromTagsPlugin [roughlyenoughitems]/"
[17:39:13] [REI-ReloadPlugins/TRACE] [REI] [REIClientPlugin START] Reloading Section: "reloadable-plugin/BasicFilteringRuleImpl/HideIngredientsFromTagsPlugin of HideIngredientsFromTagsPlugin [roughlyenoughitems]/" done in 12.15 μs
[17:39:13] [REI-ReloadPlugins/TRACE] [REI] [REIClientPlugin START] Reloading Section: "reloadable-plugin/BasicFilteringRuleImpl/DefaultClientRuntimePlugin of DefaultClientRuntimePlugin [roughlyenoughitems]/"
[17:39:13] [REI-ReloadPlugins/TRACE] [REI] [REIClientPlugin START] Reloading Section: "reloadable-plugin/BasicFilteringRuleImpl/DefaultClientRuntimePlugin of DefaultClientRuntimePlugin [roughlyenoughitems]/" done in 7.354 μs
[17:39:13] [REI-ReloadPlugins/TRACE] [REI] [REIClientPlugin START] Reloading Section: "reloadable-plugin/BasicFilteringRuleImpl/KubeJSREIPlugin of KubeJSREIPlugin [kubejs]/"
[17:39:13] [REI-ReloadPlugins/TRACE] [REI] [REIClientPlugin START] Reloading Section: "reloadable-plugin/BasicFilteringRuleImpl/KubeJSREIPlugin of KubeJSREIPlugin [kubejs]/" done in 11.42 μs
[17:39:13] [REI-ReloadPlugins/TRACE] [REI] [REIClientPlugin START] Reloading Section: "reloadable-plugin/BasicFilteringRuleImpl/" done in 218.8 μs
[17:39:13] [REI-ReloadPlugins/TRACE] [REI] [REIClientPlugin START] Reloading Section: "reloadable-plugin/CategoryRegistryImpl/"
[17:39:13] [REI-ReloadPlugins/TRACE] [REI] [REIClientPlugin START] Reloading Section: "reloadable-plugin/CategoryRegistryImpl/DefaultClientPluginImpl of DefaultClientPluginImpl [roughlyenoughitems]/"
[17:39:13] [REI-ReloadPlugins/TRACE] [REI] [REIClientPlugin START] Reloading Section: "reloadable-plugin/CategoryRegistryImpl/DefaultClientPluginImpl of DefaultClientPluginImpl [roughlyenoughitems]/" done in 12.05 μs
[17:39:13] [REI-ReloadPlugins/TRACE] [REI] [REIClientPlugin START] Reloading Section: "reloadable-plugin/CategoryRegistryImpl/REIPlugin of REIPluginLoader [toms_storage]/"
[17:39:13] [REI-ReloadPlugins/TRACE] [REI] [REIClientPlugin START] Reloading Section: "reloadable-plugin/CategoryRegistryImpl/REIPlugin of REIPluginLoader [toms_storage]/" done in 9.838 μs
[17:39:13] [REI-ReloadPlugins/TRACE] [REI] [REIClientPlugin START] Reloading Section: "reloadable-plugin/CategoryRegistryImpl/StorageReiClientPlugin of StorageReiClientPlugin [sophisticatedstorage]/"
[17:39:13] [REI-ReloadPlugins/TRACE] [REI] [REIClientPlugin START] Reloading Section: "reloadable-plugin/CategoryRegistryImpl/StorageReiClientPlugin of StorageReiClientPlugin [sophisticatedstorage]/" done in 8.205 μs
[17:39:13] [REI-ReloadPlugins/TRACE] [REI] [REIClientPlugin START] Reloading Section: "reloadable-plugin/CategoryRegistryImpl/OwoReiPlugin of OwoReiPlugin [owo]/"
[17:39:13] [REI-ReloadPlugins/TRACE] [REI] [REIClientPlugin START] Reloading Section: "reloadable-plugin/CategoryRegistryImpl/OwoReiPlugin of OwoReiPlugin [owo]/" done in 6.683 μs
[17:39:13] [REI-ReloadPlugins/TRACE] [REI] [REIClientPlugin START] Reloading Section: "reloadable-plugin/CategoryRegistryImpl/CuriosReiPlugin of CuriosReiPlugin [curios]/"
[17:39:13] [REI-ReloadPlugins/TRACE] [REI] [REIClientPlugin START] Reloading Section: "reloadable-plugin/CategoryRegistryImpl/CuriosReiPlugin of CuriosReiPlugin [curios]/" done in 6.632 μs
[17:39:13] [REI-ReloadPlugins/TRACE] [REI] [REIClientPlugin START] Reloading Section: "reloadable-plugin/CategoryRegistryImpl/BackpackReiClientPlugin of BackpackReiClientPlugin [sophisticatedbackpacks]/"
[17:39:13] [REI-ReloadPlugins/TRACE] [REI] [REIClientPlugin START] Reloading Section: "reloadable-plugin/CategoryRegistryImpl/BackpackReiClientPlugin of BackpackReiClientPlugin [sophisticatedbackpacks]/" done in 7.133 μs
[17:39:13] [REI-ReloadPlugins/TRACE] [REI] [REIClientPlugin START] Reloading Section: "reloadable-plugin/CategoryRegistryImpl/HideIngredientsFromTagsPlugin of HideIngredientsFromTagsPlugin [roughlyenoughitems]/"
[17:39:13] [REI-ReloadPlugins/TRACE] [REI] [REIClientPlugin START] Reloading Section: "reloadable-plugin/CategoryRegistryImpl/HideIngredientsFromTagsPlugin of HideIngredientsFromTagsPlugin [roughlyenoughitems]/" done in 6.752 μs
[17:39:13] [REI-ReloadPlugins/TRACE] [REI] [REIClientPlugin START] Reloading Section: "reloadable-plugin/CategoryRegistryImpl/DefaultClientRuntimePlugin of DefaultClientRuntimePlugin [roughlyenoughitems]/"
[17:39:13] [REI-ReloadPlugins/TRACE] [REI] [REIClientPlugin START] Reloading Section: "reloadable-plugin/CategoryRegistryImpl/DefaultClientRuntimePlugin of DefaultClientRuntimePlugin [roughlyenoughitems]/" done in 9.428 μs
[17:39:13] [REI-ReloadPlugins/TRACE] [REI] [REIClientPlugin START] Reloading Section: "reloadable-plugin/CategoryRegistryImpl/KubeJSREIPlugin of KubeJSREIPlugin [kubejs]/"
[17:39:13] [REI-ReloadPlugins/TRACE] [REI] [REIClientPlugin START] Reloading Section: "reloadable-plugin/CategoryRegistryImpl/KubeJSREIPlugin of KubeJSREIPlugin [kubejs]/" done in 6.633 μs
[17:39:13] [REI-ReloadPlugins/TRACE] [REI] [REIClientPlugin START] Reloading Section: "reloadable-plugin/CategoryRegistryImpl/" done in 195.5 μs
[17:39:13] [REI-ReloadPlugins/TRACE] [REI] [REIClientPlugin START] Reloading Section: "reloadable-plugin/DisplayRegistryImpl/"
[17:39:13] [REI-ReloadPlugins/TRACE] [REI] [REIClientPlugin START] Reloading Section: "reloadable-plugin/DisplayRegistryImpl/DefaultClientPluginImpl of DefaultClientPluginImpl [roughlyenoughitems]/"
[17:39:13] [REI-ReloadPlugins/TRACE] [REI] [REIClientPlugin START] Reloading Section: "reloadable-plugin/DisplayRegistryImpl/DefaultClientPluginImpl of DefaultClientPluginImpl [roughlyenoughitems]/" done in 8.926 μs
[17:39:13] [REI-ReloadPlugins/TRACE] [REI] [REIClientPlugin START] Reloading Section: "reloadable-plugin/DisplayRegistryImpl/REIPlugin of REIPluginLoader [toms_storage]/"
[17:39:13] [REI-ReloadPlugins/TRACE] [REI] [REIClientPlugin START] Reloading Section: "reloadable-plugin/DisplayRegistryImpl/REIPlugin of REIPluginLoader [toms_storage]/" done in 6.942 μs
[17:39:13] [REI-ReloadPlugins/TRACE] [REI] [REIClientPlugin START] Reloading Section: "reloadable-plugin/DisplayRegistryImpl/StorageReiClientPlugin of StorageReiClientPlugin [sophisticatedstorage]/"
[17:39:13] [REI-ReloadPlugins/TRACE] [REI] [REIClientPlugin START] Reloading Section: "reloadable-plugin/DisplayRegistryImpl/StorageReiClientPlugin of StorageReiClientPlugin [sophisticatedstorage]/" done in 7.494 μs
[17:39:13] [REI-ReloadPlugins/TRACE] [REI] [REIClientPlugin START] Reloading Section: "reloadable-plugin/DisplayRegistryImpl/OwoReiPlugin of OwoReiPlugin [owo]/"
[17:39:13] [REI-ReloadPlugins/TRACE] [REI] [REIClientPlugin START] Reloading Section: "reloadable-plugin/DisplayRegistryImpl/OwoReiPlugin of OwoReiPlugin [owo]/" done in 6.552 μs
[17:39:13] [REI-ReloadPlugins/TRACE] [REI] [REIClientPlugin START] Reloading Section: "reloadable-plugin/DisplayRegistryImpl/CuriosReiPlugin of CuriosReiPlugin [curios]/"
[17:39:13] [REI-ReloadPlugins/TRACE] [REI] [REIClientPlugin START] Reloading Section: "reloadable-plugin/DisplayRegistryImpl/CuriosReiPlugin of CuriosReiPlugin [curios]/" done in 6.743 μs
[17:39:13] [REI-ReloadPlugins/TRACE] [REI] [REIClientPlugin START] Reloading Section: "reloadable-plugin/DisplayRegistryImpl/BackpackReiClientPlugin of BackpackReiClientPlugin [sophisticatedbackpacks]/"
[17:39:13] [REI-ReloadPlugins/TRACE] [REI] [REIClientPlugin START] Reloading Section: "reloadable-plugin/DisplayRegistryImpl/BackpackReiClientPlugin of BackpackReiClientPlugin [sophisticatedbackpacks]/" done in 6.672 μs
[17:39:13] [REI-ReloadPlugins/TRACE] [REI] [REIClientPlugin START] Reloading Section: "reloadable-plugin/DisplayRegistryImpl/HideIngredientsFromTagsPlugin of HideIngredientsFromTagsPlugin [roughlyenoughitems]/"
[17:39:13] [REI-ReloadPlugins/TRACE] [REI] [REIClientPlugin START] Reloading Section: "reloadable-plugin/DisplayRegistryImpl/HideIngredientsFromTagsPlugin of HideIngredientsFromTagsPlugin [roughlyenoughitems]/" done in 6.562 μs
[17:39:13] [REI-ReloadPlugins/TRACE] [REI] [REIClientPlugin START] Reloading Section: "reloadable-plugin/DisplayRegistryImpl/DefaultClientRuntimePlugin of DefaultClientRuntimePlugin [roughlyenoughitems]/"
[17:39:13] [REI-ReloadPlugins/TRACE] [REI] [REIClientPlugin START] Reloading Section: "reloadable-plugin/DisplayRegistryImpl/DefaultClientRuntimePlugin of DefaultClientRuntimePlugin [roughlyenoughitems]/" done in 10.41 μs
[17:39:13] [REI-ReloadPlugins/TRACE] [REI] [REIClientPlugin START] Reloading Section: "reloadable-plugin/DisplayRegistryImpl/KubeJSREIPlugin of KubeJSREIPlugin [kubejs]/"
[17:39:13] [REI-ReloadPlugins/TRACE] [REI] [REIClientPlugin START] Reloading Section: "reloadable-plugin/DisplayRegistryImpl/KubeJSREIPlugin of KubeJSREIPlugin [kubejs]/" done in 6.592 μs
[17:39:13] [REI-ReloadPlugins/TRACE] [REI] [REIClientPlugin START] Reloading Section: "reloadable-plugin/DisplayRegistryImpl/" done in 169.1 μs
[17:39:13] [REI-ReloadPlugins/TRACE] [REI] [REIClientPlugin START] Reloading Section: "reloadable-plugin/ScreenRegistryImpl/"
[17:39:13] [REI-ReloadPlugins/TRACE] [REI] [REIClientPlugin START] Reloading Section: "reloadable-plugin/ScreenRegistryImpl/DefaultClientPluginImpl of DefaultClientPluginImpl [roughlyenoughitems]/"
[17:39:13] [REI-ReloadPlugins/DEBUG] [REI] Added click area provider for net.minecraft.client.gui.screens.inventory.CraftingScreen: me.shedaniel.rei.api.client.registry.screen.SimpleClickArea$$Lambda/0x00000008031f7200@100c9ad2
[17:39:13] [REI-ReloadPlugins/DEBUG] [REI] Added click area provider for net.minecraft.client.gui.screens.inventory.InventoryScreen: me.shedaniel.rei.api.client.registry.screen.SimpleClickArea$$Lambda/0x00000008031f7200@6d57adad
[17:39:13] [REI-ReloadPlugins/DEBUG] [REI] Added click area provider for net.minecraft.client.gui.screens.inventory.BrewingStandScreen: me.shedaniel.rei.api.client.registry.screen.SimpleClickArea$$Lambda/0x00000008031f7200@4e3cab1f
[17:39:13] [REI-ReloadPlugins/DEBUG] [REI] Added click area provider for net.minecraft.client.gui.screens.inventory.FurnaceScreen: me.shedaniel.rei.api.client.registry.screen.SimpleClickArea$$Lambda/0x00000008031f7200@3a927200
[17:39:13] [REI-ReloadPlugins/DEBUG] [REI] Added click area provider for net.minecraft.client.gui.screens.inventory.SmokerScreen: me.shedaniel.rei.api.client.registry.screen.SimpleClickArea$$Lambda/0x00000008031f7200@288b3d84
[17:39:13] [REI-ReloadPlugins/DEBUG] [REI] Added click area provider for net.minecraft.client.gui.screens.inventory.BlastFurnaceScreen: me.shedaniel.rei.api.client.registry.screen.SimpleClickArea$$Lambda/0x00000008031f7200@7861d7fd
[17:39:13] [REI-ReloadPlugins/DEBUG] [REI] Added exclusion zones provider: me.shedaniel.rei.plugin.client.exclusionzones.DefaultPotionEffectExclusionZones@1b364465 for net.minecraft.client.gui.screens.inventory.EffectRenderingInventoryScreen
[17:39:13] [REI-ReloadPlugins/DEBUG] [REI] Added exclusion zones provider: me.shedaniel.rei.plugin.client.exclusionzones.DefaultRecipeBookExclusionZones@7b8a99f9 for net.minecraft.client.gui.screens.recipebook.RecipeUpdateListener
[17:39:13] [REI-ReloadPlugins/TRACE] [REI] [REIClientPlugin START] Reloading Section: "reloadable-plugin/ScreenRegistryImpl/DefaultClientPluginImpl of DefaultClientPluginImpl [roughlyenoughitems]/" done in 2.722 ms
[17:39:13] [REI-ReloadPlugins/TRACE] [REI] [REIClientPlugin START] Reloading Section: "reloadable-plugin/ScreenRegistryImpl/REIPlugin of REIPluginLoader [toms_storage]/"
[17:39:13] [REI-ReloadPlugins/DEBUG] [REI] Added focused stack provider: com.tom.storagemod.rei.REIPlugin$$Lambda/0x00000008031fc878@606f6bcc [0.00 priority]
[17:39:13] [REI-ReloadPlugins/DEBUG] [REI] Added draggable component visitor: com.tom.storagemod.rei.ReiGhostIngredientHandler@78bb8b16 [0.00 priority]
[17:39:13] [REI-ReloadPlugins/DEBUG] [REI] Added exclusion zones provider: com.tom.storagemod.rei.REIPlugin$$Lambda/0x00000008031fe310@60bbefc5 for com.tom.storagemod.screen.IScreen
[17:39:13] [REI-ReloadPlugins/TRACE] [REI] [REIClientPlugin START] Reloading Section: "reloadable-plugin/ScreenRegistryImpl/REIPlugin of REIPluginLoader [toms_storage]/" done in 553.4 μs
[17:39:13] [REI-ReloadPlugins/TRACE] [REI] [REIClientPlugin START] Reloading Section: "reloadable-plugin/ScreenRegistryImpl/StorageReiClientPlugin of StorageReiClientPlugin [sophisticatedstorage]/"
[17:39:13] [REI-ReloadPlugins/DEBUG] [REI] Added draggable component visitor: net.p3pp3rf1y.sophisticatedcore.compat.recipeviewers.rei.ReiStorageGhostIngredientHandler@2b33d6bd [0.00 priority]
[17:39:13] [REI-ReloadPlugins/DEBUG] [REI] Added draggable component visitor: net.p3pp3rf1y.sophisticatedcore.compat.recipeviewers.rei.ReiSettingsGhostIngredientHandler@74dcea97 [0.00 priority]
[17:39:13] [REI-ReloadPlugins/DEBUG] [REI] Added exclusion zones provider: net.p3pp3rf1y.sophisticatedstorage.compat.recipeviewers.rei.StorageReiClientPlugin$$Lambda/0x00000008031ffce8@1d50413c for net.p3pp3rf1y.sophisticatedstorage.client.gui.StorageScreen
[17:39:13] [REI-ReloadPlugins/DEBUG] [REI] Added exclusion zones provider: net.p3pp3rf1y.sophisticatedstorage.compat.recipeviewers.rei.StorageReiClientPlugin$$Lambda/0x00000008031fa2e8@5efaa69e for net.p3pp3rf1y.sophisticatedstorage.client.gui.StorageSettingsScreen
[17:39:13] [REI-ReloadPlugins/TRACE] [REI] [REIClientPlugin START] Reloading Section: "reloadable-plugin/ScreenRegistryImpl/StorageReiClientPlugin of StorageReiClientPlugin [sophisticatedstorage]/" done in 866.0 μs
[17:39:13] [REI-ReloadPlugins/TRACE] [REI] [REIClientPlugin START] Reloading Section: "reloadable-plugin/ScreenRegistryImpl/OwoReiPlugin of OwoReiPlugin [owo]/"
[17:39:13] [REI-ReloadPlugins/DEBUG] [REI] Added overlay decider: io.wispforest.owo.compat.rei.OwoReiPlugin$1@ee95d48 [0.00 priority]
[17:39:13] [REI-ReloadPlugins/DEBUG] [REI] Added exclusion zones provider: io.wispforest.owo.compat.rei.OwoReiPlugin$$Lambda/0x00000008031fabc8@2392d20a for net.minecraft.client.gui.screens.inventory.CreativeModeInventoryScreen
[17:39:13] [REI-ReloadPlugins/DEBUG] [REI] Added exclusion zones provider: io.wispforest.owo.compat.rei.OwoReiPlugin$$Lambda/0x00000008031fb658@5b16d353 for io.wispforest.owo.ui.base.BaseOwoHandledScreen
[17:39:13] [REI-ReloadPlugins/TRACE] [REI] [REIClientPlugin START] Reloading Section: "reloadable-plugin/ScreenRegistryImpl/OwoReiPlugin of OwoReiPlugin [owo]/" done in 1.011 ms
[17:39:13] [REI-ReloadPlugins/TRACE] [REI] [REIClientPlugin START] Reloading Section: "reloadable-plugin/ScreenRegistryImpl/CuriosReiPlugin of CuriosReiPlugin [curios]/"
[17:39:13] [REI-ReloadPlugins/DEBUG] [REI] Added exclusion zones provider: top.theillusivec4.curios.common.integration.rei.CuriosReiPlugin$$Lambda/0x00000008031fba90@5c91f83b for top.theillusivec4.curios.client.gui.CuriosScreen
[17:39:13] [REI-ReloadPlugins/TRACE] [REI] [REIClientPlugin START] Reloading Section: "reloadable-plugin/ScreenRegistryImpl/CuriosReiPlugin of CuriosReiPlugin [curios]/" done in 122.2 μs
[17:39:13] [REI-ReloadPlugins/TRACE] [REI] [REIClientPlugin START] Reloading Section: "reloadable-plugin/ScreenRegistryImpl/BackpackReiClientPlugin of BackpackReiClientPlugin [sophisticatedbackpacks]/"
[17:39:13] [REI-ReloadPlugins/DEBUG] [REI] Added draggable component visitor: net.p3pp3rf1y.sophisticatedcore.compat.recipeviewers.rei.ReiStorageGhostIngredientHandler@317034b1 [0.00 priority]
[17:39:13] [REI-ReloadPlugins/DEBUG] [REI] Added draggable component visitor: net.p3pp3rf1y.sophisticatedcore.compat.recipeviewers.rei.ReiSettingsGhostIngredientHandler@3d354257 [0.00 priority]
[17:39:13] [REI-ReloadPlugins/DEBUG] [REI] Added exclusion zones provider: net.p3pp3rf1y.sophisticatedbackpacks.compat.recipeviewers.rei.BackpackReiClientPlugin$$Lambda/0x00000008031f9c38@baa8adf for net.p3pp3rf1y.sophisticatedbackpacks.client.gui.BackpackScreen
[17:39:13] [REI-ReloadPlugins/DEBUG] [REI] Added exclusion zones provider: net.p3pp3rf1y.sophisticatedbackpacks.compat.recipeviewers.rei.BackpackReiClientPlugin$$Lambda/0x00000008031f8800@54b94179 for net.p3pp3rf1y.sophisticatedbackpacks.client.gui.BackpackSettingsScreen
[17:39:13] [REI-ReloadPlugins/TRACE] [REI] [REIClientPlugin START] Reloading Section: "reloadable-plugin/ScreenRegistryImpl/BackpackReiClientPlugin of BackpackReiClientPlugin [sophisticatedbackpacks]/" done in 263.4 μs
[17:39:13] [REI-ReloadPlugins/TRACE] [REI] [REIClientPlugin START] Reloading Section: "reloadable-plugin/ScreenRegistryImpl/HideIngredientsFromTagsPlugin of HideIngredientsFromTagsPlugin [roughlyenoughitems]/"
[17:39:13] [REI-ReloadPlugins/TRACE] [REI] [REIClientPlugin START] Reloading Section: "reloadable-plugin/ScreenRegistryImpl/HideIngredientsFromTagsPlugin of HideIngredientsFromTagsPlugin [roughlyenoughitems]/" done in 20.07 μs
[17:39:13] [REI-ReloadPlugins/TRACE] [REI] [REIClientPlugin START] Reloading Section: "reloadable-plugin/ScreenRegistryImpl/DefaultClientRuntimePlugin of DefaultClientRuntimePlugin [roughlyenoughitems]/"
[17:39:13] [REI-ReloadPlugins/DEBUG] [REI] Added exclusion zones provider: me.shedaniel.rei.plugin.client.runtime.DefaultClientRuntimePlugin$$Lambda/0x00000008031f8a10@7346e7a2 for me.shedaniel.rei.impl.client.gui.screen.DefaultDisplayViewingScreen
[17:39:13] [REI-ReloadPlugins/DEBUG] [REI] Added exclusion zones provider: me.shedaniel.rei.plugin.client.runtime.DefaultClientRuntimePlugin$$Lambda/0x00000008031f8400@203c6a2a for net.minecraft.client.gui.screens.Screen
[17:39:13] [REI-ReloadPlugins/DEBUG] [REI] Added draggable component provider: me.shedaniel.rei.api.client.gui.drag.component.DraggableComponentProviderWidget$1@1678c388 [0.00 priority]
[17:39:13] [REI-ReloadPlugins/DEBUG] [REI] Added draggable component visitor: me.shedaniel.rei.api.client.gui.drag.component.DraggableComponentVisitorWidget$2@5b967e75 [0.00 priority]
[17:39:13] [REI-ReloadPlugins/TRACE] [REI] [REIClientPlugin START] Reloading Section: "reloadable-plugin/ScreenRegistryImpl/DefaultClientRuntimePlugin of DefaultClientRuntimePlugin [roughlyenoughitems]/" done in 439.6 μs
[17:39:13] [REI-ReloadPlugins/TRACE] [REI] [REIClientPlugin START] Reloading Section: "reloadable-plugin/ScreenRegistryImpl/KubeJSREIPlugin of KubeJSREIPlugin [kubejs]/"
[17:39:13] [REI-ReloadPlugins/TRACE] [REI] [REIClientPlugin START] Reloading Section: "reloadable-plugin/ScreenRegistryImpl/KubeJSREIPlugin of KubeJSREIPlugin [kubejs]/" done in 14.79 μs
[17:39:13] [REI-ReloadPlugins/TRACE] [REI] [REIClientPlugin START] Reloading Section: "reloadable-plugin/ScreenRegistryImpl/" done in 6.329 ms
[17:39:13] [REI-ReloadPlugins/TRACE] [REI] [REIClientPlugin START] Reloading Section: "reloadable-plugin/FavoriteEntryTypeRegistryImpl/"
[17:39:13] [REI-ReloadPlugins/TRACE] [REI] [REIClientPlugin START] Reloading Section: "reloadable-plugin/FavoriteEntryTypeRegistryImpl/DefaultClientPluginImpl of DefaultClientPluginImpl [roughlyenoughitems]/"
[17:39:13] [REI-ReloadPlugins/DEBUG] [REI] Added favorite entry type [roughlyenoughitems:gamemode]: INSTANCE
[17:39:13] [REI-ReloadPlugins/DEBUG] [REI] Added favorite entry type [roughlyenoughitems:weather]: INSTANCE
[17:39:13] [REI-ReloadPlugins/DEBUG] [REI] Added favorite entry type [roughlyenoughitems:time]: INSTANCE
[17:39:13] [REI-ReloadPlugins/TRACE] [REI] [REIClientPlugin START] Reloading Section: "reloadable-plugin/FavoriteEntryTypeRegistryImpl/DefaultClientPluginImpl of DefaultClientPluginImpl [roughlyenoughitems]/" done in 3.440 ms
[17:39:13] [REI-ReloadPlugins/TRACE] [REI] [REIClientPlugin START] Reloading Section: "reloadable-plugin/FavoriteEntryTypeRegistryImpl/REIPlugin of REIPluginLoader [toms_storage]/"
[17:39:13] [REI-ReloadPlugins/TRACE] [REI] [REIClientPlugin START] Reloading Section: "reloadable-plugin/FavoriteEntryTypeRegistryImpl/REIPlugin of REIPluginLoader [toms_storage]/" done in 15.37 μs
[17:39:13] [REI-ReloadPlugins/TRACE] [REI] [REIClientPlugin START] Reloading Section: "reloadable-plugin/FavoriteEntryTypeRegistryImpl/StorageReiClientPlugin of StorageReiClientPlugin [sophisticatedstorage]/"
[17:39:13] [REI-ReloadPlugins/TRACE] [REI] [REIClientPlugin START] Reloading Section: "reloadable-plugin/FavoriteEntryTypeRegistryImpl/StorageReiClientPlugin of StorageReiClientPlugin [sophisticatedstorage]/" done in 9.408 μs
[17:39:13] [REI-ReloadPlugins/TRACE] [REI] [REIClientPlugin START] Reloading Section: "reloadable-plugin/FavoriteEntryTypeRegistryImpl/OwoReiPlugin of OwoReiPlugin [owo]/"
[17:39:13] [REI-ReloadPlugins/TRACE] [REI] [REIClientPlugin START] Reloading Section: "reloadable-plugin/FavoriteEntryTypeRegistryImpl/OwoReiPlugin of OwoReiPlugin [owo]/" done in 16.71 μs
[17:39:13] [REI-ReloadPlugins/TRACE] [REI] [REIClientPlugin START] Reloading Section: "reloadable-plugin/FavoriteEntryTypeRegistryImpl/CuriosReiPlugin of CuriosReiPlugin [curios]/"
[17:39:13] [REI-ReloadPlugins/TRACE] [REI] [REIClientPlugin START] Reloading Section: "reloadable-plugin/FavoriteEntryTypeRegistryImpl/CuriosReiPlugin of CuriosReiPlugin [curios]/" done in 8.485 μs
[17:39:13] [REI-ReloadPlugins/TRACE] [REI] [REIClientPlugin START] Reloading Section: "reloadable-plugin/FavoriteEntryTypeRegistryImpl/BackpackReiClientPlugin of BackpackReiClientPlugin [sophisticatedbackpacks]/"
[17:39:13] [REI-ReloadPlugins/TRACE] [REI] [REIClientPlugin START] Reloading Section: "reloadable-plugin/FavoriteEntryTypeRegistryImpl/BackpackReiClientPlugin of BackpackReiClientPlugin [sophisticatedbackpacks]/" done in 6.993 μs
[17:39:13] [REI-ReloadPlugins/TRACE] [REI] [REIClientPlugin START] Reloading Section: "reloadable-plugin/FavoriteEntryTypeRegistryImpl/HideIngredientsFromTagsPlugin of HideIngredientsFromTagsPlugin [roughlyenoughitems]/"
[17:39:13] [REI-ReloadPlugins/TRACE] [REI] [REIClientPlugin START] Reloading Section: "reloadable-plugin/FavoriteEntryTypeRegistryImpl/HideIngredientsFromTagsPlugin of HideIngredientsFromTagsPlugin [roughlyenoughitems]/" done in 6.893 μs
[17:39:13] [REI-ReloadPlugins/TRACE] [REI] [REIClientPlugin START] Reloading Section: "reloadable-plugin/FavoriteEntryTypeRegistryImpl/DefaultClientRuntimePlugin of DefaultClientRuntimePlugin [roughlyenoughitems]/"
[17:39:13] [REI-ReloadPlugins/DEBUG] [REI] Added favorite entry type [roughlyenoughitems:entry_stack]: INSTANCE
[17:39:13] [REI-ReloadPlugins/DEBUG] [REI] Added favorite entry type [roughlyenoughitems:display]: INSTANCE
[17:39:13] [REI-ReloadPlugins/TRACE] [REI] [REIClientPlugin START] Reloading Section: "reloadable-plugin/FavoriteEntryTypeRegistryImpl/DefaultClientRuntimePlugin of DefaultClientRuntimePlugin [roughlyenoughitems]/" done in 534.2 μs
[17:39:13] [REI-ReloadPlugins/TRACE] [REI] [REIClientPlugin START] Reloading Section: "reloadable-plugin/FavoriteEntryTypeRegistryImpl/KubeJSREIPlugin of KubeJSREIPlugin [kubejs]/"
[17:39:13] [REI-ReloadPlugins/TRACE] [REI] [REIClientPlugin START] Reloading Section: "reloadable-plugin/FavoriteEntryTypeRegistryImpl/KubeJSREIPlugin of KubeJSREIPlugin [kubejs]/" done in 12.43 μs
[17:39:13] [REI-ReloadPlugins/TRACE] [REI] [REIClientPlugin START] Reloading Section: "reloadable-plugin/FavoriteEntryTypeRegistryImpl/" done in 4.251 ms
[17:39:13] [REI-ReloadPlugins/TRACE] [REI] [REIClientPlugin START] Reloading Section: "reloadable-plugin/SubsetsRegistryImpl/"
[17:39:13] [REI-ReloadPlugins/TRACE] [REI] [REIClientPlugin START] Reloading Section: "reloadable-plugin/SubsetsRegistryImpl/DefaultClientPluginImpl of DefaultClientPluginImpl [roughlyenoughitems]/"
[17:39:13] [REI-ReloadPlugins/TRACE] [REI] [REIClientPlugin START] Reloading Section: "reloadable-plugin/SubsetsRegistryImpl/DefaultClientPluginImpl of DefaultClientPluginImpl [roughlyenoughitems]/" done in 11.75 μs
[17:39:13] [REI-ReloadPlugins/TRACE] [REI] [REIClientPlugin START] Reloading Section: "reloadable-plugin/SubsetsRegistryImpl/REIPlugin of REIPluginLoader [toms_storage]/"
[17:39:13] [REI-ReloadPlugins/TRACE] [REI] [REIClientPlugin START] Reloading Section: "reloadable-plugin/SubsetsRegistryImpl/REIPlugin of REIPluginLoader [toms_storage]/" done in 10.85 μs
[17:39:13] [REI-ReloadPlugins/TRACE] [REI] [REIClientPlugin START] Reloading Section: "reloadable-plugin/SubsetsRegistryImpl/StorageReiClientPlugin of StorageReiClientPlugin [sophisticatedstorage]/"
[17:39:13] [REI-ReloadPlugins/TRACE] [REI] [REIClientPlugin START] Reloading Section: "reloadable-plugin/SubsetsRegistryImpl/StorageReiClientPlugin of StorageReiClientPlugin [sophisticatedstorage]/" done in 7.804 μs
[17:39:13] [REI-ReloadPlugins/TRACE] [REI] [REIClientPlugin START] Reloading Section: "reloadable-plugin/SubsetsRegistryImpl/OwoReiPlugin of OwoReiPlugin [owo]/"
[17:39:13] [REI-ReloadPlugins/TRACE] [REI] [REIClientPlugin START] Reloading Section: "reloadable-plugin/SubsetsRegistryImpl/OwoReiPlugin of OwoReiPlugin [owo]/" done in 14.15 μs
[17:39:13] [REI-ReloadPlugins/TRACE] [REI] [REIClientPlugin START] Reloading Section: "reloadable-plugin/SubsetsRegistryImpl/CuriosReiPlugin of CuriosReiPlugin [curios]/"
[17:39:13] [REI-ReloadPlugins/TRACE] [REI] [REIClientPlugin START] Reloading Section: "reloadable-plugin/SubsetsRegistryImpl/CuriosReiPlugin of CuriosReiPlugin [curios]/" done in 9.107 μs
[17:39:13] [REI-ReloadPlugins/TRACE] [REI] [REIClientPlugin START] Reloading Section: "reloadable-plugin/SubsetsRegistryImpl/BackpackReiClientPlugin of BackpackReiClientPlugin [sophisticatedbackpacks]/"
[17:39:13] [REI-ReloadPlugins/TRACE] [REI] [REIClientPlugin START] Reloading Section: "reloadable-plugin/SubsetsRegistryImpl/BackpackReiClientPlugin of BackpackReiClientPlugin [sophisticatedbackpacks]/" done in 6.993 μs
[17:39:13] [REI-ReloadPlugins/TRACE] [REI] [REIClientPlugin START] Reloading Section: "reloadable-plugin/SubsetsRegistryImpl/HideIngredientsFromTagsPlugin of HideIngredientsFromTagsPlugin [roughlyenoughitems]/"
[17:39:13] [REI-ReloadPlugins/TRACE] [REI] [REIClientPlugin START] Reloading Section: "reloadable-plugin/SubsetsRegistryImpl/HideIngredientsFromTagsPlugin of HideIngredientsFromTagsPlugin [roughlyenoughitems]/" done in 9.478 μs
[17:39:13] [REI-ReloadPlugins/TRACE] [REI] [REIClientPlugin START] Reloading Section: "reloadable-plugin/SubsetsRegistryImpl/DefaultClientRuntimePlugin of DefaultClientRuntimePlugin [roughlyenoughitems]/"
[17:39:13] [REI-ReloadPlugins/TRACE] [REI] [REIClientPlugin START] Reloading Section: "reloadable-plugin/SubsetsRegistryImpl/DefaultClientRuntimePlugin of DefaultClientRuntimePlugin [roughlyenoughitems]/" done in 8.636 μs
[17:39:13] [REI-ReloadPlugins/TRACE] [REI] [REIClientPlugin START] Reloading Section: "reloadable-plugin/SubsetsRegistryImpl/KubeJSREIPlugin of KubeJSREIPlugin [kubejs]/"
[17:39:13] [REI-ReloadPlugins/TRACE] [REI] [REIClientPlugin START] Reloading Section: "reloadable-plugin/SubsetsRegistryImpl/KubeJSREIPlugin of KubeJSREIPlugin [kubejs]/" done in 10.08 μs
[17:39:13] [REI-ReloadPlugins/TRACE] [REI] [REIClientPlugin START] Reloading Section: "reloadable-plugin/SubsetsRegistryImpl/" done in 224.6 μs
[17:39:13] [REI-ReloadPlugins/TRACE] [REI] [REIClientPlugin START] Reloading Section: "reloadable-plugin/TransferHandlerRegistryImpl/"
[17:39:13] [REI-ReloadPlugins/TRACE] [REI] [REIClientPlugin START] Reloading Section: "reloadable-plugin/TransferHandlerRegistryImpl/DefaultClientPluginImpl of DefaultClientPluginImpl [roughlyenoughitems]/"
[17:39:13] [REI-ReloadPlugins/TRACE] [REI] [REIClientPlugin START] Reloading Section: "reloadable-plugin/TransferHandlerRegistryImpl/DefaultClientPluginImpl of DefaultClientPluginImpl [roughlyenoughitems]/" done in 9.808 μs
[17:39:13] [REI-ReloadPlugins/TRACE] [REI] [REIClientPlugin START] Reloading Section: "reloadable-plugin/TransferHandlerRegistryImpl/REIPlugin of REIPluginLoader [toms_storage]/"
[17:39:13] [REI-ReloadPlugins/TRACE] [REI] [REIClientPlugin START] Reloading Section: "reloadable-plugin/TransferHandlerRegistryImpl/REIPlugin of REIPluginLoader [toms_storage]/" done in 8.976 μs
[17:39:13] [REI-ReloadPlugins/TRACE] [REI] [REIClientPlugin START] Reloading Section: "reloadable-plugin/TransferHandlerRegistryImpl/StorageReiClientPlugin of StorageReiClientPlugin [sophisticatedstorage]/"
[17:39:13] [REI-ReloadPlugins/TRACE] [REI] [REIClientPlugin START] Reloading Section: "reloadable-plugin/TransferHandlerRegistryImpl/StorageReiClientPlugin of StorageReiClientPlugin [sophisticatedstorage]/" done in 7.143 μs
[17:39:13] [REI-ReloadPlugins/TRACE] [REI] [REIClientPlugin START] Reloading Section: "reloadable-plugin/TransferHandlerRegistryImpl/OwoReiPlugin of OwoReiPlugin [owo]/"
[17:39:13] [REI-ReloadPlugins/TRACE] [REI] [REIClientPlugin START] Reloading Section: "reloadable-plugin/TransferHandlerRegistryImpl/OwoReiPlugin of OwoReiPlugin [owo]/" done in 6.622 μs
[17:39:13] [REI-ReloadPlugins/TRACE] [REI] [REIClientPlugin START] Reloading Section: "reloadable-plugin/TransferHandlerRegistryImpl/CuriosReiPlugin of CuriosReiPlugin [curios]/"
[17:39:13] [REI-ReloadPlugins/TRACE] [REI] [REIClientPlugin START] Reloading Section: "reloadable-plugin/TransferHandlerRegistryImpl/CuriosReiPlugin of CuriosReiPlugin [curios]/" done in 9.147 μs
[17:39:13] [REI-ReloadPlugins/TRACE] [REI] [REIClientPlugin START] Reloading Section: "reloadable-plugin/TransferHandlerRegistryImpl/BackpackReiClientPlugin of BackpackReiClientPlugin [sophisticatedbackpacks]/"
[17:39:13] [REI-ReloadPlugins/TRACE] [REI] [REIClientPlugin START] Reloading Section: "reloadable-plugin/TransferHandlerRegistryImpl/BackpackReiClientPlugin of BackpackReiClientPlugin [sophisticatedbackpacks]/" done in 37.47 μs
[17:39:13] [REI-ReloadPlugins/TRACE] [REI] [REIClientPlugin START] Reloading Section: "reloadable-plugin/TransferHandlerRegistryImpl/HideIngredientsFromTagsPlugin of HideIngredientsFromTagsPlugin [roughlyenoughitems]/"
[17:39:13] [REI-ReloadPlugins/TRACE] [REI] [REIClientPlugin START] Reloading Section: "reloadable-plugin/TransferHandlerRegistryImpl/HideIngredientsFromTagsPlugin of HideIngredientsFromTagsPlugin [roughlyenoughitems]/" done in 7.193 μs
[17:39:13] [REI-ReloadPlugins/TRACE] [REI] [REIClientPlugin START] Reloading Section: "reloadable-plugin/TransferHandlerRegistryImpl/DefaultClientRuntimePlugin of DefaultClientRuntimePlugin [roughlyenoughitems]/"
[17:39:13] [REI-ReloadPlugins/TRACE] [REI] [REIClientPlugin START] Reloading Section: "reloadable-plugin/TransferHandlerRegistryImpl/DefaultClientRuntimePlugin of DefaultClientRuntimePlugin [roughlyenoughitems]/" done in 6.983 μs
[17:39:13] [REI-ReloadPlugins/TRACE] [REI] [REIClientPlugin START] Reloading Section: "reloadable-plugin/TransferHandlerRegistryImpl/KubeJSREIPlugin of KubeJSREIPlugin [kubejs]/"
[17:39:13] [REI-ReloadPlugins/TRACE] [REI] [REIClientPlugin START] Reloading Section: "reloadable-plugin/TransferHandlerRegistryImpl/KubeJSREIPlugin of KubeJSREIPlugin [kubejs]/" done in 7.424 μs
[17:39:13] [REI-ReloadPlugins/TRACE] [REI] [REIClientPlugin START] Reloading Section: "reloadable-plugin/TransferHandlerRegistryImpl/" done in 217.1 μs
[17:39:13] [REI-ReloadPlugins/TRACE] [REI] [REIClientPlugin START] Reloading Section: "reloadable-plugin/SearchRuntime/"
[17:39:13] [REI-ReloadPlugins/TRACE] [REI] [REIClientPlugin START] Reloading Section: "reloadable-plugin/SearchRuntime/DefaultClientPluginImpl of DefaultClientPluginImpl [roughlyenoughitems]/"
[17:39:13] [REI-ReloadPlugins/TRACE] [REI] [REIClientPlugin START] Reloading Section: "reloadable-plugin/SearchRuntime/DefaultClientPluginImpl of DefaultClientPluginImpl [roughlyenoughitems]/" done in 7.574 μs
[17:39:13] [REI-ReloadPlugins/TRACE] [REI] [REIClientPlugin START] Reloading Section: "reloadable-plugin/SearchRuntime/REIPlugin of REIPluginLoader [toms_storage]/"
[17:39:13] [REI-ReloadPlugins/TRACE] [REI] [REIClientPlugin START] Reloading Section: "reloadable-plugin/SearchRuntime/REIPlugin of REIPluginLoader [toms_storage]/" done in 9.227 μs
[17:39:13] [REI-ReloadPlugins/TRACE] [REI] [REIClientPlugin START] Reloading Section: "reloadable-plugin/SearchRuntime/StorageReiClientPlugin of StorageReiClientPlugin [sophisticatedstorage]/"
[17:39:13] [REI-ReloadPlugins/TRACE] [REI] [REIClientPlugin START] Reloading Section: "reloadable-plugin/SearchRuntime/StorageReiClientPlugin of StorageReiClientPlugin [sophisticatedstorage]/" done in 7.364 μs
[17:39:13] [REI-ReloadPlugins/TRACE] [REI] [REIClientPlugin START] Reloading Section: "reloadable-plugin/SearchRuntime/OwoReiPlugin of OwoReiPlugin [owo]/"
[17:39:13] [REI-ReloadPlugins/TRACE] [REI] [REIClientPlugin START] Reloading Section: "reloadable-plugin/SearchRuntime/OwoReiPlugin of OwoReiPlugin [owo]/" done in 6.783 μs
[17:39:13] [REI-ReloadPlugins/TRACE] [REI] [REIClientPlugin START] Reloading Section: "reloadable-plugin/SearchRuntime/CuriosReiPlugin of CuriosReiPlugin [curios]/"
[17:39:13] [REI-ReloadPlugins/TRACE] [REI] [REIClientPlugin START] Reloading Section: "reloadable-plugin/SearchRuntime/CuriosReiPlugin of CuriosReiPlugin [curios]/" done in 6.913 μs
[17:39:13] [REI-ReloadPlugins/TRACE] [REI] [REIClientPlugin START] Reloading Section: "reloadable-plugin/SearchRuntime/BackpackReiClientPlugin of BackpackReiClientPlugin [sophisticatedbackpacks]/"
[17:39:13] [REI-ReloadPlugins/TRACE] [REI] [REIClientPlugin START] Reloading Section: "reloadable-plugin/SearchRuntime/BackpackReiClientPlugin of BackpackReiClientPlugin [sophisticatedbackpacks]/" done in 9.277 μs
[17:39:13] [REI-ReloadPlugins/TRACE] [REI] [REIClientPlugin START] Reloading Section: "reloadable-plugin/SearchRuntime/HideIngredientsFromTagsPlugin of HideIngredientsFromTagsPlugin [roughlyenoughitems]/"
[17:39:13] [REI-ReloadPlugins/TRACE] [REI] [REIClientPlugin START] Reloading Section: "reloadable-plugin/SearchRuntime/HideIngredientsFromTagsPlugin of HideIngredientsFromTagsPlugin [roughlyenoughitems]/" done in 6.623 μs
[17:39:13] [REI-ReloadPlugins/TRACE] [REI] [REIClientPlugin START] Reloading Section: "reloadable-plugin/SearchRuntime/DefaultClientRuntimePlugin of DefaultClientRuntimePlugin [roughlyenoughitems]/"
[17:39:13] [REI-ReloadPlugins/TRACE] [REI] [REIClientPlugin START] Reloading Section: "reloadable-plugin/SearchRuntime/DefaultClientRuntimePlugin of DefaultClientRuntimePlugin [roughlyenoughitems]/" done in 6.662 μs
[17:39:13] [REI-ReloadPlugins/TRACE] [REI] [REIClientPlugin START] Reloading Section: "reloadable-plugin/SearchRuntime/KubeJSREIPlugin of KubeJSREIPlugin [kubejs]/"
[17:39:13] [REI-ReloadPlugins/TRACE] [REI] [REIClientPlugin START] Reloading Section: "reloadable-plugin/SearchRuntime/KubeJSREIPlugin of KubeJSREIPlugin [kubejs]/" done in 7.844 μs
[17:39:13] [REI-ReloadPlugins/TRACE] [REI] [REIClientPlugin START] Reloading Section: "reloadable-plugin/SearchRuntime/" done in 174.6 μs
[17:39:13] [REI-ReloadPlugins/TRACE] [REI] [REIClientPlugin START] Reloading Section: "reloadable-plugin/REIRuntimeImpl/"
[17:39:13] [REI-ReloadPlugins/TRACE] [REI] [REIClientPlugin START] Reloading Section: "reloadable-plugin/REIRuntimeImpl/DefaultClientPluginImpl of DefaultClientPluginImpl [roughlyenoughitems]/"
[17:39:13] [REI-ReloadPlugins/TRACE] [REI] [REIClientPlugin START] Reloading Section: "reloadable-plugin/REIRuntimeImpl/DefaultClientPluginImpl of DefaultClientPluginImpl [roughlyenoughitems]/" done in 9.708 μs
[17:39:13] [REI-ReloadPlugins/TRACE] [REI] [REIClientPlugin START] Reloading Section: "reloadable-plugin/REIRuntimeImpl/REIPlugin of REIPluginLoader [toms_storage]/"
[17:39:13] [REI-ReloadPlugins/TRACE] [REI] [REIClientPlugin START] Reloading Section: "reloadable-plugin/REIRuntimeImpl/REIPlugin of REIPluginLoader [toms_storage]/" done in 6.993 μs
[17:39:13] [REI-ReloadPlugins/TRACE] [REI] [REIClientPlugin START] Reloading Section: "reloadable-plugin/REIRuntimeImpl/StorageReiClientPlugin of StorageReiClientPlugin [sophisticatedstorage]/"
[17:39:13] [REI-ReloadPlugins/TRACE] [REI] [REIClientPlugin START] Reloading Section: "reloadable-plugin/REIRuntimeImpl/StorageReiClientPlugin of StorageReiClientPlugin [sophisticatedstorage]/" done in 9.097 μs
[17:39:13] [REI-ReloadPlugins/TRACE] [REI] [REIClientPlugin START] Reloading Section: "reloadable-plugin/REIRuntimeImpl/OwoReiPlugin of OwoReiPlugin [owo]/"
[17:39:13] [REI-ReloadPlugins/TRACE] [REI] [REIClientPlugin START] Reloading Section: "reloadable-plugin/REIRuntimeImpl/OwoReiPlugin of OwoReiPlugin [owo]/" done in 9.427 μs
[17:39:13] [REI-ReloadPlugins/TRACE] [REI] [REIClientPlugin START] Reloading Section: "reloadable-plugin/REIRuntimeImpl/CuriosReiPlugin of CuriosReiPlugin [curios]/"
[17:39:13] [REI-ReloadPlugins/TRACE] [REI] [REIClientPlugin START] Reloading Section: "reloadable-plugin/REIRuntimeImpl/CuriosReiPlugin of CuriosReiPlugin [curios]/" done in 7.554 μs
[17:39:13] [REI-ReloadPlugins/TRACE] [REI] [REIClientPlugin START] Reloading Section: "reloadable-plugin/REIRuntimeImpl/BackpackReiClientPlugin of BackpackReiClientPlugin [sophisticatedbackpacks]/"
[17:39:13] [REI-ReloadPlugins/TRACE] [REI] [REIClientPlugin START] Reloading Section: "reloadable-plugin/REIRuntimeImpl/BackpackReiClientPlugin of BackpackReiClientPlugin [sophisticatedbackpacks]/" done in 7.374 μs
[17:39:13] [REI-ReloadPlugins/TRACE] [REI] [REIClientPlugin START] Reloading Section: "reloadable-plugin/REIRuntimeImpl/HideIngredientsFromTagsPlugin of HideIngredientsFromTagsPlugin [roughlyenoughitems]/"
[17:39:13] [REI-ReloadPlugins/TRACE] [REI] [REIClientPlugin START] Reloading Section: "reloadable-plugin/REIRuntimeImpl/HideIngredientsFromTagsPlugin of HideIngredientsFromTagsPlugin [roughlyenoughitems]/" done in 12.59 μs
[17:39:13] [REI-ReloadPlugins/TRACE] [REI] [REIClientPlugin START] Reloading Section: "reloadable-plugin/REIRuntimeImpl/DefaultClientRuntimePlugin of DefaultClientRuntimePlugin [roughlyenoughitems]/"
[17:39:13] [REI-ReloadPlugins/TRACE] [REI] [REIClientPlugin START] Reloading Section: "reloadable-plugin/REIRuntimeImpl/DefaultClientRuntimePlugin of DefaultClientRuntimePlugin [roughlyenoughitems]/" done in 9.598 μs
[17:39:13] [REI-ReloadPlugins/TRACE] [REI] [REIClientPlugin START] Reloading Section: "reloadable-plugin/REIRuntimeImpl/KubeJSREIPlugin of KubeJSREIPlugin [kubejs]/"
[17:39:13] [REI-ReloadPlugins/TRACE] [REI] [REIClientPlugin START] Reloading Section: "reloadable-plugin/REIRuntimeImpl/KubeJSREIPlugin of KubeJSREIPlugin [kubejs]/" done in 9.899 μs
[17:39:13] [REI-ReloadPlugins/TRACE] [REI] [REIClientPlugin START] Reloading Section: "reloadable-plugin/REIRuntimeImpl/" done in 203.6 μs
[17:39:13] [REI-ReloadPlugins/TRACE] [REI] [REIClientPlugin START] Reloading Section: "reloadable-plugin/ConfigAddonRegistryImpl/"
[17:39:13] [REI-ReloadPlugins/TRACE] [REI] [REIClientPlugin START] Reloading Section: "reloadable-plugin/ConfigAddonRegistryImpl/DefaultClientPluginImpl of DefaultClientPluginImpl [roughlyenoughitems]/"
[17:39:13] [REI-ReloadPlugins/TRACE] [REI] [REIClientPlugin START] Reloading Section: "reloadable-plugin/ConfigAddonRegistryImpl/DefaultClientPluginImpl of DefaultClientPluginImpl [roughlyenoughitems]/" done in 9.458 μs
[17:39:13] [REI-ReloadPlugins/TRACE] [REI] [REIClientPlugin START] Reloading Section: "reloadable-plugin/ConfigAddonRegistryImpl/REIPlugin of REIPluginLoader [toms_storage]/"
[17:39:13] [REI-ReloadPlugins/TRACE] [REI] [REIClientPlugin START] Reloading Section: "reloadable-plugin/ConfigAddonRegistryImpl/REIPlugin of REIPluginLoader [toms_storage]/" done in 20.57 μs
[17:39:13] [REI-ReloadPlugins/TRACE] [REI] [REIClientPlugin START] Reloading Section: "reloadable-plugin/ConfigAddonRegistryImpl/StorageReiClientPlugin of StorageReiClientPlugin [sophisticatedstorage]/"
[17:39:13] [REI-ReloadPlugins/TRACE] [REI] [REIClientPlugin START] Reloading Section: "reloadable-plugin/ConfigAddonRegistryImpl/StorageReiClientPlugin of StorageReiClientPlugin [sophisticatedstorage]/" done in 7.895 μs
[17:39:13] [REI-ReloadPlugins/TRACE] [REI] [REIClientPlugin START] Reloading Section: "reloadable-plugin/ConfigAddonRegistryImpl/OwoReiPlugin of OwoReiPlugin [owo]/"
[17:39:13] [REI-ReloadPlugins/TRACE] [REI] [REIClientPlugin START] Reloading Section: "reloadable-plugin/ConfigAddonRegistryImpl/OwoReiPlugin of OwoReiPlugin [owo]/" done in 6.802 μs
[17:39:13] [REI-ReloadPlugins/TRACE] [REI] [REIClientPlugin START] Reloading Section: "reloadable-plugin/ConfigAddonRegistryImpl/CuriosReiPlugin of CuriosReiPlugin [curios]/"
[17:39:13] [REI-ReloadPlugins/TRACE] [REI] [REIClientPlugin START] Reloading Section: "reloadable-plugin/ConfigAddonRegistryImpl/CuriosReiPlugin of CuriosReiPlugin [curios]/" done in 6.803 μs
[17:39:13] [REI-ReloadPlugins/TRACE] [REI] [REIClientPlugin START] Reloading Section: "reloadable-plugin/ConfigAddonRegistryImpl/BackpackReiClientPlugin of BackpackReiClientPlugin [sophisticatedbackpacks]/"
[17:39:13] [REI-ReloadPlugins/TRACE] [REI] [REIClientPlugin START] Reloading Section: "reloadable-plugin/ConfigAddonRegistryImpl/BackpackReiClientPlugin of BackpackReiClientPlugin [sophisticatedbackpacks]/" done in 6.733 μs
[17:39:13] [REI-ReloadPlugins/TRACE] [REI] [REIClientPlugin START] Reloading Section: "reloadable-plugin/ConfigAddonRegistryImpl/HideIngredientsFromTagsPlugin of HideIngredientsFromTagsPlugin [roughlyenoughitems]/"
[17:39:13] [REI-ReloadPlugins/TRACE] [REI] [REIClientPlugin START] Reloading Section: "reloadable-plugin/ConfigAddonRegistryImpl/HideIngredientsFromTagsPlugin of HideIngredientsFromTagsPlugin [roughlyenoughitems]/" done in 10.95 μs
[17:39:13] [REI-ReloadPlugins/TRACE] [REI] [REIClientPlugin START] Reloading Section: "reloadable-plugin/ConfigAddonRegistryImpl/DefaultClientRuntimePlugin of DefaultClientRuntimePlugin [roughlyenoughitems]/"
[17:39:13] [REI-ReloadPlugins/TRACE] [REI] [REIClientPlugin START] Reloading Section: "reloadable-plugin/ConfigAddonRegistryImpl/DefaultClientRuntimePlugin of DefaultClientRuntimePlugin [roughlyenoughitems]/" done in 6.953 μs
[17:39:13] [REI-ReloadPlugins/TRACE] [REI] [REIClientPlugin START] Reloading Section: "reloadable-plugin/ConfigAddonRegistryImpl/KubeJSREIPlugin of KubeJSREIPlugin [kubejs]/"
[17:39:13] [REI-ReloadPlugins/TRACE] [REI] [REIClientPlugin START] Reloading Section: "reloadable-plugin/ConfigAddonRegistryImpl/KubeJSREIPlugin of KubeJSREIPlugin [kubejs]/" done in 6.632 μs
[17:39:13] [REI-ReloadPlugins/TRACE] [REI] [REIClientPlugin START] Reloading Section: "reloadable-plugin/ConfigAddonRegistryImpl/" done in 212.4 μs
[17:39:13] [REI-ReloadPlugins/TRACE] [REI] [REIClientPlugin START] Reloading Section: "reloadable-plugin/me.shedaniel.rei.plugin.client.runtime.PluginStageExecutionWatcher$1/"
[17:39:13] [REI-ReloadPlugins/TRACE] [REI] [REIClientPlugin START] Reloading Section: "reloadable-plugin/me.shedaniel.rei.plugin.client.runtime.PluginStageExecutionWatcher$1/DefaultClientPluginImpl of DefaultClientPluginImpl [roughlyenoughitems]/"
[17:39:13] [REI-ReloadPlugins/TRACE] [REI] [REIClientPlugin START] Reloading Section: "reloadable-plugin/me.shedaniel.rei.plugin.client.runtime.PluginStageExecutionWatcher$1/DefaultClientPluginImpl of DefaultClientPluginImpl [roughlyenoughitems]/" done in 10.31 μs
[17:39:13] [REI-ReloadPlugins/TRACE] [REI] [REIClientPlugin START] Reloading Section: "reloadable-plugin/me.shedaniel.rei.plugin.client.runtime.PluginStageExecutionWatcher$1/REIPlugin of REIPluginLoader [toms_storage]/"
[17:39:13] [REI-ReloadPlugins/TRACE] [REI] [REIClientPlugin START] Reloading Section: "reloadable-plugin/me.shedaniel.rei.plugin.client.runtime.PluginStageExecutionWatcher$1/REIPlugin of REIPluginLoader [toms_storage]/" done in 7.654 μs
[17:39:13] [REI-ReloadPlugins/TRACE] [REI] [REIClientPlugin START] Reloading Section: "reloadable-plugin/me.shedaniel.rei.plugin.client.runtime.PluginStageExecutionWatcher$1/StorageReiClientPlugin of StorageReiClientPlugin [sophisticatedstorage]/"
[17:39:13] [REI-ReloadPlugins/TRACE] [REI] [REIClientPlugin START] Reloading Section: "reloadable-plugin/me.shedaniel.rei.plugin.client.runtime.PluginStageExecutionWatcher$1/StorageReiClientPlugin of StorageReiClientPlugin [sophisticatedstorage]/" done in 8.686 μs
[17:39:13] [REI-ReloadPlugins/TRACE] [REI] [REIClientPlugin START] Reloading Section: "reloadable-plugin/me.shedaniel.rei.plugin.client.runtime.PluginStageExecutionWatcher$1/OwoReiPlugin of OwoReiPlugin [owo]/"
[17:39:13] [REI-ReloadPlugins/TRACE] [REI] [REIClientPlugin START] Reloading Section: "reloadable-plugin/me.shedaniel.rei.plugin.client.runtime.PluginStageExecutionWatcher$1/OwoReiPlugin of OwoReiPlugin [owo]/" done in 7.815 μs
[17:39:13] [REI-ReloadPlugins/TRACE] [REI] [REIClientPlugin START] Reloading Section: "reloadable-plugin/me.shedaniel.rei.plugin.client.runtime.PluginStageExecutionWatcher$1/CuriosReiPlugin of CuriosReiPlugin [curios]/"
[17:39:13] [REI-ReloadPlugins/TRACE] [REI] [REIClientPlugin START] Reloading Section: "reloadable-plugin/me.shedaniel.rei.plugin.client.runtime.PluginStageExecutionWatcher$1/CuriosReiPlugin of CuriosReiPlugin [curios]/" done in 6.793 μs
[17:39:13] [REI-ReloadPlugins/TRACE] [REI] [REIClientPlugin START] Reloading Section: "reloadable-plugin/me.shedaniel.rei.plugin.client.runtime.PluginStageExecutionWatcher$1/BackpackReiClientPlugin of BackpackReiClientPlugin [sophisticatedbackpacks]/"
[17:39:13] [REI-ReloadPlugins/TRACE] [REI] [REIClientPlugin START] Reloading Section: "reloadable-plugin/me.shedaniel.rei.plugin.client.runtime.PluginStageExecutionWatcher$1/BackpackReiClientPlugin of BackpackReiClientPlugin [sophisticatedbackpacks]/" done in 10.61 μs
[17:39:13] [REI-ReloadPlugins/TRACE] [REI] [REIClientPlugin START] Reloading Section: "reloadable-plugin/me.shedaniel.rei.plugin.client.runtime.PluginStageExecutionWatcher$1/HideIngredientsFromTagsPlugin of HideIngredientsFromTagsPlugin [roughlyenoughitems]/"
[17:39:13] [REI-ReloadPlugins/TRACE] [REI] [REIClientPlugin START] Reloading Section: "reloadable-plugin/me.shedaniel.rei.plugin.client.runtime.PluginStageExecutionWatcher$1/HideIngredientsFromTagsPlugin of HideIngredientsFromTagsPlugin [roughlyenoughitems]/" done in 7.013 μs
[17:39:13] [REI-ReloadPlugins/TRACE] [REI] [REIClientPlugin START] Reloading Section: "reloadable-plugin/me.shedaniel.rei.plugin.client.runtime.PluginStageExecutionWatcher$1/DefaultClientRuntimePlugin of DefaultClientRuntimePlugin [roughlyenoughitems]/"
[17:39:13] [REI-ReloadPlugins/TRACE] [REI] [REIClientPlugin START] Reloading Section: "reloadable-plugin/me.shedaniel.rei.plugin.client.runtime.PluginStageExecutionWatcher$1/DefaultClientRuntimePlugin of DefaultClientRuntimePlugin [roughlyenoughitems]/" done in 8.776 μs
[17:39:13] [REI-ReloadPlugins/TRACE] [REI] [REIClientPlugin START] Reloading Section: "reloadable-plugin/me.shedaniel.rei.plugin.client.runtime.PluginStageExecutionWatcher$1/KubeJSREIPlugin of KubeJSREIPlugin [kubejs]/"
[17:39:13] [REI-ReloadPlugins/TRACE] [REI] [REIClientPlugin START] Reloading Section: "reloadable-plugin/me.shedaniel.rei.plugin.client.runtime.PluginStageExecutionWatcher$1/KubeJSREIPlugin of KubeJSREIPlugin [kubejs]/" done in 8.285 μs
[17:39:13] [REI-ReloadPlugins/TRACE] [REI] [REIClientPlugin START] Reloading Section: "reloadable-plugin/me.shedaniel.rei.plugin.client.runtime.PluginStageExecutionWatcher$1/" done in 195.1 μs
[17:39:13] [REI-ReloadPlugins/DEBUG] [REI] ========================================
[17:39:13] [REI-ReloadPlugins/DEBUG] [REI] REIClientPlugin ending main-reload for START.
[17:39:13] [REI-ReloadPlugins/DEBUG] [REI] ========================================
[17:39:13] [REI-ReloadPlugins/TRACE] [REI] [REIClientPlugin START] Reloading Section: "end-reload/"
[17:39:13] [REI-ReloadPlugins/TRACE] [REI] [REIClientPlugin START] Reloading Section: "end-reload/EntryRendererRegistryImpl/"
[17:39:13] [REI-ReloadPlugins/TRACE] [REI] [REIClientPlugin START] Reloading Section: "end-reload/EntryRendererRegistryImpl/" done in 7.945 μs
[17:39:13] [REI-ReloadPlugins/TRACE] [REI] [REIClientPlugin START] Reloading Section: "end-reload/ViewsImpl/"
[17:39:13] [REI-ReloadPlugins/TRACE] [REI] [REIClientPlugin START] Reloading Section: "end-reload/ViewsImpl/" done in 6.112 μs
[17:39:13] [REI-ReloadPlugins/TRACE] [REI] [REIClientPlugin START] Reloading Section: "end-reload/InputMethodRegistryImpl/"
[17:39:13] [REI-ReloadPlugins/TRACE] [REI] [REIClientPlugin START] Reloading Section: "end-reload/InputMethodRegistryImpl/" done in 6.272 μs
[17:39:13] [REI-ReloadPlugins/TRACE] [REI] [REIClientPlugin START] Reloading Section: "end-reload/SearchProviderImpl/"
[17:39:13] [REI-ReloadPlugins/TRACE] [REI] [REIClientPlugin START] Reloading Section: "end-reload/SearchProviderImpl/" done in 6.913 μs
[17:39:13] [REI-ReloadPlugins/TRACE] [REI] [REIClientPlugin START] Reloading Section: "end-reload/ConfigManagerImpl/"
[17:39:13] [REI-ReloadPlugins/TRACE] [REI] [REIClientPlugin START] Reloading Section: "end-reload/ConfigManagerImpl/" done in 6.652 μs
[17:39:13] [REI-ReloadPlugins/TRACE] [REI] [REIClientPlugin START] Reloading Section: "end-reload/EntryRegistryImpl/"
[17:39:13] [REI-ReloadPlugins/DEBUG] [REI] Config saved
[17:39:13] [REI-ReloadPlugins/DEBUG] [REI] Refiltered rule [INSTANCE] in 2.247 ms.
[17:39:13] [REI-ReloadPlugins/DEBUG] [REI] Refiltered rule [INSTANCE] in 1.536 ms.
[17:39:13] [REI-ReloadPlugins/DEBUG] [REI] Refiltered rule [INSTANCE] in 3.832 ms.
[17:39:13] [REI-ReloadPlugins/DEBUG] [REI] Refiltered 4363 entries with 3 rules in 29.71 ms.
[17:39:13] [REI-ReloadPlugins/DEBUG] [REI] Computed existing filtered displays with 3 rules in 2.099 ms
[17:39:13] [REI-ReloadPlugins/DEBUG] [REI] Reloaded entry registry with 4363 entries and 4362 filtered entries
[17:39:13] [REI-ReloadPlugins/TRACE] [REI] [REIClientPlugin START] Reloading Section: "end-reload/EntryRegistryImpl/" done in 34.23 ms
[17:39:13] [REI-ReloadPlugins/TRACE] [REI] [REIClientPlugin START] Reloading Section: "end-reload/CollapsibleEntryRegistryImpl/"
[17:39:13] [REI-ReloadPlugins/TRACE] [REI] [REIClientPlugin START] Reloading Section: "end-reload/CollapsibleEntryRegistryImpl/" done in 13.80 μs
[17:39:13] [REI-ReloadPlugins/TRACE] [REI] [REIClientPlugin START] Reloading Section: "end-reload/BasicFilteringRuleImpl/"
[17:39:13] [REI-ReloadPlugins/TRACE] [REI] [REIClientPlugin START] Reloading Section: "end-reload/BasicFilteringRuleImpl/" done in 10.40 μs
[17:39:13] [REI-ReloadPlugins/TRACE] [REI] [REIClientPlugin START] Reloading Section: "end-reload/CategoryRegistryImpl/"
[17:39:13] [REI-ReloadPlugins/TRACE] [REI] [REIClientPlugin START] Reloading Section: "end-reload/CategoryRegistryImpl/" done in 9.117 μs
[17:39:13] [REI-ReloadPlugins/TRACE] [REI] [REIClientPlugin START] Reloading Section: "end-reload/DisplayRegistryImpl/"
[17:39:13] [REI-ReloadPlugins/TRACE] [REI] [REIClientPlugin START] Reloading Section: "end-reload/DisplayRegistryImpl/" done in 9.468 μs
[17:39:13] [REI-ReloadPlugins/TRACE] [REI] [REIClientPlugin START] Reloading Section: "end-reload/ScreenRegistryImpl/"
[17:39:13] [REI-ReloadPlugins/DEBUG] [REI] Registered 5 overlay deciders and 12 exclusion zones
[17:39:13] [REI-ReloadPlugins/TRACE] [REI] [REIClientPlugin START] Reloading Section: "end-reload/ScreenRegistryImpl/" done in 52.68 μs
[17:39:13] [REI-ReloadPlugins/TRACE] [REI] [REIClientPlugin START] Reloading Section: "end-reload/FavoriteEntryTypeRegistryImpl/"
[17:39:13] [REI-ReloadPlugins/DEBUG] [REI] Config saved
[17:39:13] [REI-ReloadPlugins/DEBUG] [REI] Registered 5 favorite entry types
[17:39:13] [REI-ReloadPlugins/TRACE] [REI] [REIClientPlugin START] Reloading Section: "end-reload/FavoriteEntryTypeRegistryImpl/" done in 1.063 ms
[17:39:13] [REI-ReloadPlugins/TRACE] [REI] [REIClientPlugin START] Reloading Section: "end-reload/SubsetsRegistryImpl/"
[17:39:13] [REI-ReloadPlugins/TRACE] [REI] [REIClientPlugin START] Reloading Section: "end-reload/SubsetsRegistryImpl/" done in 14.34 μs
[17:39:13] [REI-ReloadPlugins/TRACE] [REI] [REIClientPlugin START] Reloading Section: "end-reload/TransferHandlerRegistryImpl/"
[17:39:13] [REI-ReloadPlugins/TRACE] [REI] [REIClientPlugin START] Reloading Section: "end-reload/TransferHandlerRegistryImpl/" done in 11.47 μs
[17:39:13] [REI-ReloadPlugins/TRACE] [REI] [REIClientPlugin START] Reloading Section: "end-reload/SearchRuntime/"
[17:39:13] [REI-ReloadPlugins/TRACE] [REI] Preparing 30541 stacks for search arguments
[17:39:13] [REI-ReloadPlugins/TRACE] [REI] Prepared 30540 / 30541 stacks for search arguments in 396ms
[17:39:13] [REI-ReloadPlugins/DEBUG] [REI] Preparing collapsed entry groups cache with 0 entries and 4363 stacks
[17:39:13] [REI-ReloadPlugins/DEBUG] [REI] Prepared collapsed entry groups cache with 0 entries and 4363 stacks
[17:39:13] [REI-ReloadPlugins/TRACE] [REI] [REIClientPlugin START] Reloading Section: "end-reload/SearchRuntime/" done in 402.7 ms
[17:39:13] [REI-ReloadPlugins/TRACE] [REI] [REIClientPlugin START] Reloading Section: "end-reload/REIRuntimeImpl/"
[17:39:13] [REI-ReloadPlugins/TRACE] [REI] [REIClientPlugin START] Reloading Section: "end-reload/REIRuntimeImpl/" done in 80.87 μs
[17:39:13] [REI-ReloadPlugins/TRACE] [REI] [REIClientPlugin START] Reloading Section: "end-reload/ConfigAddonRegistryImpl/"
[17:39:13] [REI-ReloadPlugins/TRACE] [REI] [REIClientPlugin START] Reloading Section: "end-reload/ConfigAddonRegistryImpl/" done in 16.70 μs
[17:39:13] [REI-ReloadPlugins/TRACE] [REI] [REIClientPlugin START] Reloading Section: "end-reload/me.shedaniel.rei.plugin.client.runtime.PluginStageExecutionWatcher$1/"
[17:39:13] [REI-ReloadPlugins/TRACE] [REI] [REIClientPlugin START] Reloading Section: "end-reload/me.shedaniel.rei.plugin.client.runtime.PluginStageExecutionWatcher$1/" done in 15.66 μs
[17:39:13] [REI-ReloadPlugins/TRACE] [REI] [REIClientPlugin START] Reloading Section: "end-reload/" done in 438.6 ms
[17:39:13] [REI-ReloadPlugins/DEBUG] [REI] ========================================
[17:39:13] [REI-ReloadPlugins/DEBUG] [REI] REIClientPlugin ended main-reload for START in 613.3 ms.
[17:39:13] [REI-ReloadPlugins/DEBUG] [REI] ========================================
[17:39:13] [REI-ReloadPlugins/INFO] [REI] @@@@@@@@@@@@@@@@@@@@@@@@@@@@@@@@@@@@@@@@
[17:39:13] [REI-ReloadPlugins/INFO] [REI] REIServerPlugin starting main-reload for START.
[17:39:13] [REI-ReloadPlugins/DEBUG] [REI] Reloadables (3):
[17:39:13] [REI-ReloadPlugins/DEBUG] [REI]  - MenuInfoRegistryImpl
[17:39:13] [REI-ReloadPlugins/DEBUG] [REI]  - SlotAccessorRegistryImpl
[17:39:13] [REI-ReloadPlugins/DEBUG] [REI]  - me.shedaniel.rei.plugin.client.runtime.PluginStageExecutionWatcher$1
[17:39:13] [REI-ReloadPlugins/INFO] [REI] Plugins (5):
[17:39:13] [REI-ReloadPlugins/INFO] [REI]  - (-100.00) DefaultPluginImpl of DefaultPluginImpl [roughlyenoughitems]
[17:39:13] [REI-ReloadPlugins/INFO] [REI]  - (0.00) StorageReiCommonPlugin of StorageReiCommonPlugin [sophisticatedstorage]
[17:39:13] [REI-ReloadPlugins/INFO] [REI]  - (0.00) BackpackReiCommonPlugin of BackpackReiCommonPlugin [sophisticatedbackpacks]
[17:39:13] [REI-ReloadPlugins/INFO] [REI]  - (0.00) CoreReiCommonPlugin of CoreReiCommonPlugin [sophisticatedcore]
[17:39:13] [REI-ReloadPlugins/INFO] [REI]  - (0.00) DefaultRuntimePlugin of DefaultRuntimePlugin [roughlyenoughitems]
[17:39:13] [REI-ReloadPlugins/INFO] [REI] @@@@@@@@@@@@@@@@@@@@@@@@@@@@@@@@@@@@@@@@
[17:39:13] [REI-ReloadPlugins/TRACE] [REI] [REIServerPlugin START] Reloading Section: "start-reload/"
[17:39:13] [REI-ReloadPlugins/TRACE] [REI] [REIServerPlugin START] Reloading Section: "start-reload/MenuInfoRegistryImpl/"
[17:39:13] [REI-ReloadPlugins/TRACE] [REI] [REIServerPlugin START] Reloading Section: "start-reload/MenuInfoRegistryImpl/" done in 9.849 μs
[17:39:13] [REI-ReloadPlugins/TRACE] [REI] [REIServerPlugin START] Reloading Section: "start-reload/SlotAccessorRegistryImpl/"
[17:39:13] [REI-ReloadPlugins/TRACE] [REI] [REIServerPlugin START] Reloading Section: "start-reload/SlotAccessorRegistryImpl/" done in 8.756 μs
[17:39:13] [REI-ReloadPlugins/TRACE] [REI] [REIServerPlugin START] Reloading Section: "start-reload/me.shedaniel.rei.plugin.client.runtime.PluginStageExecutionWatcher$1/"
[17:39:13] [REI-ReloadPlugins/TRACE] [REI] [REIServerPlugin START] Reloading Section: "start-reload/me.shedaniel.rei.plugin.client.runtime.PluginStageExecutionWatcher$1/" done in 7.644 μs
[17:39:13] [REI-ReloadPlugins/TRACE] [REI] [REIServerPlugin START] Reloading Section: "start-reload/" done in 91.69 μs
[17:39:13] [REI-ReloadPlugins/DEBUG] [REI] ========================================
[17:39:13] [REI-ReloadPlugins/DEBUG] [REI] REIServerPlugin started main-reload for START.
[17:39:13] [REI-ReloadPlugins/DEBUG] [REI] ========================================
[17:39:13] [REI-ReloadPlugins/TRACE] [REI] [REIServerPlugin START] Reloading Section: "reloadable-plugin/MenuInfoRegistryImpl/"
[17:39:13] [REI-ReloadPlugins/TRACE] [REI] [REIServerPlugin START] Reloading Section: "reloadable-plugin/MenuInfoRegistryImpl/DefaultPluginImpl of DefaultPluginImpl [roughlyenoughitems]/"
[17:39:13] [REI-ReloadPlugins/TRACE] [REI] [REIServerPlugin START] Reloading Section: "reloadable-plugin/MenuInfoRegistryImpl/DefaultPluginImpl of DefaultPluginImpl [roughlyenoughitems]/" done in 15.02 μs
[17:39:13] [REI-ReloadPlugins/TRACE] [REI] [REIServerPlugin START] Reloading Section: "reloadable-plugin/MenuInfoRegistryImpl/StorageReiCommonPlugin of StorageReiCommonPlugin [sophisticatedstorage]/"
[17:39:13] [REI-ReloadPlugins/TRACE] [REI] [REIServerPlugin START] Reloading Section: "reloadable-plugin/MenuInfoRegistryImpl/StorageReiCommonPlugin of StorageReiCommonPlugin [sophisticatedstorage]/" done in 8.005 μs
[17:39:13] [REI-ReloadPlugins/TRACE] [REI] [REIServerPlugin START] Reloading Section: "reloadable-plugin/MenuInfoRegistryImpl/BackpackReiCommonPlugin of BackpackReiCommonPlugin [sophisticatedbackpacks]/"
[17:39:13] [REI-ReloadPlugins/TRACE] [REI] [REIServerPlugin START] Reloading Section: "reloadable-plugin/MenuInfoRegistryImpl/BackpackReiCommonPlugin of BackpackReiCommonPlugin [sophisticatedbackpacks]/" done in 10.07 μs
[17:39:13] [REI-ReloadPlugins/TRACE] [REI] [REIServerPlugin START] Reloading Section: "reloadable-plugin/MenuInfoRegistryImpl/CoreReiCommonPlugin of CoreReiCommonPlugin [sophisticatedcore]/"
[17:39:13] [REI-ReloadPlugins/TRACE] [REI] [REIServerPlugin START] Reloading Section: "reloadable-plugin/MenuInfoRegistryImpl/CoreReiCommonPlugin of CoreReiCommonPlugin [sophisticatedcore]/" done in 8.296 μs
[17:39:13] [REI-ReloadPlugins/TRACE] [REI] [REIServerPlugin START] Reloading Section: "reloadable-plugin/MenuInfoRegistryImpl/DefaultRuntimePlugin of DefaultRuntimePlugin [roughlyenoughitems]/"
[17:39:13] [REI-ReloadPlugins/TRACE] [REI] [REIServerPlugin START] Reloading Section: "reloadable-plugin/MenuInfoRegistryImpl/DefaultRuntimePlugin of DefaultRuntimePlugin [roughlyenoughitems]/" done in 7.274 μs
[17:39:13] [REI-ReloadPlugins/TRACE] [REI] [REIServerPlugin START] Reloading Section: "reloadable-plugin/MenuInfoRegistryImpl/" done in 136.4 μs
[17:39:13] [REI-ReloadPlugins/TRACE] [REI] [REIServerPlugin START] Reloading Section: "reloadable-plugin/SlotAccessorRegistryImpl/"
[17:39:13] [REI-ReloadPlugins/TRACE] [REI] [REIServerPlugin START] Reloading Section: "reloadable-plugin/SlotAccessorRegistryImpl/DefaultPluginImpl of DefaultPluginImpl [roughlyenoughitems]/"
[17:39:13] [REI-ReloadPlugins/TRACE] [REI] [REIServerPlugin START] Reloading Section: "reloadable-plugin/SlotAccessorRegistryImpl/DefaultPluginImpl of DefaultPluginImpl [roughlyenoughitems]/" done in 9.097 μs
[17:39:13] [REI-ReloadPlugins/TRACE] [REI] [REIServerPlugin START] Reloading Section: "reloadable-plugin/SlotAccessorRegistryImpl/StorageReiCommonPlugin of StorageReiCommonPlugin [sophisticatedstorage]/"
[17:39:13] [REI-ReloadPlugins/TRACE] [REI] [REIServerPlugin START] Reloading Section: "reloadable-plugin/SlotAccessorRegistryImpl/StorageReiCommonPlugin of StorageReiCommonPlugin [sophisticatedstorage]/" done in 8.045 μs
[17:39:13] [REI-ReloadPlugins/TRACE] [REI] [REIServerPlugin START] Reloading Section: "reloadable-plugin/SlotAccessorRegistryImpl/BackpackReiCommonPlugin of BackpackReiCommonPlugin [sophisticatedbackpacks]/"
[17:39:13] [REI-ReloadPlugins/TRACE] [REI] [REIServerPlugin START] Reloading Section: "reloadable-plugin/SlotAccessorRegistryImpl/BackpackReiCommonPlugin of BackpackReiCommonPlugin [sophisticatedbackpacks]/" done in 7.103 μs
[17:39:13] [REI-ReloadPlugins/TRACE] [REI] [REIServerPlugin START] Reloading Section: "reloadable-plugin/SlotAccessorRegistryImpl/CoreReiCommonPlugin of CoreReiCommonPlugin [sophisticatedcore]/"
[17:39:13] [REI-ReloadPlugins/TRACE] [REI] [REIServerPlugin START] Reloading Section: "reloadable-plugin/SlotAccessorRegistryImpl/CoreReiCommonPlugin of CoreReiCommonPlugin [sophisticatedcore]/" done in 7.153 μs
[17:39:13] [REI-ReloadPlugins/TRACE] [REI] [REIServerPlugin START] Reloading Section: "reloadable-plugin/SlotAccessorRegistryImpl/DefaultRuntimePlugin of DefaultRuntimePlugin [roughlyenoughitems]/"
[17:39:13] [REI-ReloadPlugins/TRACE] [REI] [REIServerPlugin START] Reloading Section: "reloadable-plugin/SlotAccessorRegistryImpl/DefaultRuntimePlugin of DefaultRuntimePlugin [roughlyenoughitems]/" done in 6.902 μs
[17:39:13] [REI-ReloadPlugins/TRACE] [REI] [REIServerPlugin START] Reloading Section: "reloadable-plugin/SlotAccessorRegistryImpl/" done in 105.7 μs
[17:39:13] [REI-ReloadPlugins/TRACE] [REI] [REIServerPlugin START] Reloading Section: "reloadable-plugin/me.shedaniel.rei.plugin.client.runtime.PluginStageExecutionWatcher$1/"
[17:39:13] [REI-ReloadPlugins/TRACE] [REI] [REIServerPlugin START] Reloading Section: "reloadable-plugin/me.shedaniel.rei.plugin.client.runtime.PluginStageExecutionWatcher$1/DefaultPluginImpl of DefaultPluginImpl [roughlyenoughitems]/"
[17:39:13] [REI-ReloadPlugins/TRACE] [REI] [REIServerPlugin START] Reloading Section: "reloadable-plugin/me.shedaniel.rei.plugin.client.runtime.PluginStageExecutionWatcher$1/DefaultPluginImpl of DefaultPluginImpl [roughlyenoughitems]/" done in 17.09 μs
[17:39:13] [REI-ReloadPlugins/TRACE] [REI] [REIServerPlugin START] Reloading Section: "reloadable-plugin/me.shedaniel.rei.plugin.client.runtime.PluginStageExecutionWatcher$1/StorageReiCommonPlugin of StorageReiCommonPlugin [sophisticatedstorage]/"
[17:39:13] [REI-ReloadPlugins/TRACE] [REI] [REIServerPlugin START] Reloading Section: "reloadable-plugin/me.shedaniel.rei.plugin.client.runtime.PluginStageExecutionWatcher$1/StorageReiCommonPlugin of StorageReiCommonPlugin [sophisticatedstorage]/" done in 12.92 μs
[17:39:13] [REI-ReloadPlugins/TRACE] [REI] [REIServerPlugin START] Reloading Section: "reloadable-plugin/me.shedaniel.rei.plugin.client.runtime.PluginStageExecutionWatcher$1/BackpackReiCommonPlugin of BackpackReiCommonPlugin [sophisticatedbackpacks]/"
[17:39:13] [REI-ReloadPlugins/TRACE] [REI] [REIServerPlugin START] Reloading Section: "reloadable-plugin/me.shedaniel.rei.plugin.client.runtime.PluginStageExecutionWatcher$1/BackpackReiCommonPlugin of BackpackReiCommonPlugin [sophisticatedbackpacks]/" done in 7.123 μs
[17:39:13] [REI-ReloadPlugins/TRACE] [REI] [REIServerPlugin START] Reloading Section: "reloadable-plugin/me.shedaniel.rei.plugin.client.runtime.PluginStageExecutionWatcher$1/CoreReiCommonPlugin of CoreReiCommonPlugin [sophisticatedcore]/"
[17:39:13] [REI-ReloadPlugins/TRACE] [REI] [REIServerPlugin START] Reloading Section: "reloadable-plugin/me.shedaniel.rei.plugin.client.runtime.PluginStageExecutionWatcher$1/CoreReiCommonPlugin of CoreReiCommonPlugin [sophisticatedcore]/" done in 15.54 μs
[17:39:13] [REI-ReloadPlugins/TRACE] [REI] [REIServerPlugin START] Reloading Section: "reloadable-plugin/me.shedaniel.rei.plugin.client.runtime.PluginStageExecutionWatcher$1/DefaultRuntimePlugin of DefaultRuntimePlugin [roughlyenoughitems]/"
[17:39:13] [REI-ReloadPlugins/TRACE] [REI] [REIServerPlugin START] Reloading Section: "reloadable-plugin/me.shedaniel.rei.plugin.client.runtime.PluginStageExecutionWatcher$1/DefaultRuntimePlugin of DefaultRuntimePlugin [roughlyenoughitems]/" done in 8.806 μs
[17:39:13] [REI-ReloadPlugins/TRACE] [REI] [REIServerPlugin START] Reloading Section: "reloadable-plugin/me.shedaniel.rei.plugin.client.runtime.PluginStageExecutionWatcher$1/" done in 128.6 μs
[17:39:13] [REI-ReloadPlugins/DEBUG] [REI] ========================================
[17:39:13] [REI-ReloadPlugins/DEBUG] [REI] REIServerPlugin ending main-reload for START.
[17:39:13] [REI-ReloadPlugins/DEBUG] [REI] ========================================
[17:39:13] [REI-ReloadPlugins/TRACE] [REI] [REIServerPlugin START] Reloading Section: "end-reload/"
[17:39:13] [REI-ReloadPlugins/TRACE] [REI] [REIServerPlugin START] Reloading Section: "end-reload/MenuInfoRegistryImpl/"
[17:39:13] [REI-ReloadPlugins/TRACE] [REI] [REIServerPlugin START] Reloading Section: "end-reload/MenuInfoRegistryImpl/" done in 7.854 μs
[17:39:13] [REI-ReloadPlugins/TRACE] [REI] [REIServerPlugin START] Reloading Section: "end-reload/SlotAccessorRegistryImpl/"
[17:39:13] [REI-ReloadPlugins/TRACE] [REI] [REIServerPlugin START] Reloading Section: "end-reload/SlotAccessorRegistryImpl/" done in 7.814 μs
[17:39:13] [REI-ReloadPlugins/TRACE] [REI] [REIServerPlugin START] Reloading Section: "end-reload/me.shedaniel.rei.plugin.client.runtime.PluginStageExecutionWatcher$1/"
[17:39:13] [REI-ReloadPlugins/TRACE] [REI] [REIServerPlugin START] Reloading Section: "end-reload/me.shedaniel.rei.plugin.client.runtime.PluginStageExecutionWatcher$1/" done in 7.023 μs
[17:39:13] [REI-ReloadPlugins/TRACE] [REI] [REIServerPlugin START] Reloading Section: "end-reload/" done in 63.02 μs
[17:39:13] [REI-ReloadPlugins/DEBUG] [REI] ========================================
[17:39:13] [REI-ReloadPlugins/DEBUG] [REI] REIServerPlugin ended main-reload for START in 977.4 μs.
[17:39:13] [REI-ReloadPlugins/DEBUG] [REI] ========================================
[17:39:13] [REI-ReloadPlugins/DEBUG] [REI] ========================================
[17:39:13] [REI-ReloadPlugins/DEBUG] [REI] REIPlugin starting post-reload for START.
[17:39:13] [REI-ReloadPlugins/DEBUG] [REI] Reloadables (8):
[17:39:13] [REI-ReloadPlugins/DEBUG] [REI]  - EntryTypeRegistryImpl
[17:39:13] [REI-ReloadPlugins/DEBUG] [REI]  - EntrySettingsAdapterRegistryImpl
[17:39:13] [REI-ReloadPlugins/DEBUG] [REI]  - RecipeManagerContextImpl
[17:39:13] [REI-ReloadPlugins/DEBUG] [REI]  - ItemComparatorRegistryImpl
[17:39:13] [REI-ReloadPlugins/DEBUG] [REI]  - FluidComparatorRegistryImpl
[17:39:13] [REI-ReloadPlugins/DEBUG] [REI]  - DisplaySerializerRegistryImpl
[17:39:13] [REI-ReloadPlugins/DEBUG] [REI]  - FluidSupportProviderImpl
[17:39:13] [REI-ReloadPlugins/DEBUG] [REI]  - me.shedaniel.rei.plugin.client.runtime.PluginStageExecutionWatcher$1
[17:39:13] [REI-ReloadPlugins/DEBUG] [REI] Plugins (14):
[17:39:13] [REI-ReloadPlugins/DEBUG] [REI]  - (-100.00) DefaultClientPluginImpl of DefaultClientPluginImpl [roughlyenoughitems]
[17:39:13] [REI-ReloadPlugins/DEBUG] [REI]  - (-100.00) DefaultPluginImpl of DefaultPluginImpl [roughlyenoughitems]
[17:39:13] [REI-ReloadPlugins/DEBUG] [REI]  - (0.00) HideIngredientsFromTagsPlugin of HideIngredientsFromTagsPlugin [roughlyenoughitems]
[17:39:13] [REI-ReloadPlugins/DEBUG] [REI]  - (0.00) DefaultClientRuntimePlugin of DefaultClientRuntimePlugin [roughlyenoughitems]
[17:39:13] [REI-ReloadPlugins/DEBUG] [REI]  - (0.00) DefaultRuntimePlugin of DefaultRuntimePlugin [roughlyenoughitems]
[17:39:13] [REI-ReloadPlugins/DEBUG] [REI]  - (0.00) REIPlugin of REIPluginLoader [toms_storage]
[17:39:13] [REI-ReloadPlugins/DEBUG] [REI]  - (0.00) StorageReiClientPlugin of StorageReiClientPlugin [sophisticatedstorage]
[17:39:13] [REI-ReloadPlugins/DEBUG] [REI]  - (0.00) OwoReiPlugin of OwoReiPlugin [owo]
[17:39:13] [REI-ReloadPlugins/DEBUG] [REI]  - (0.00) CuriosReiPlugin of CuriosReiPlugin [curios]
[17:39:13] [REI-ReloadPlugins/DEBUG] [REI]  - (0.00) BackpackReiClientPlugin of BackpackReiClientPlugin [sophisticatedbackpacks]
[17:39:13] [REI-ReloadPlugins/DEBUG] [REI]  - (0.00) StorageReiCommonPlugin of StorageReiCommonPlugin [sophisticatedstorage]
[17:39:13] [REI-ReloadPlugins/DEBUG] [REI]  - (0.00) BackpackReiCommonPlugin of BackpackReiCommonPlugin [sophisticatedbackpacks]
[17:39:13] [REI-ReloadPlugins/DEBUG] [REI]  - (0.00) CoreReiCommonPlugin of CoreReiCommonPlugin [sophisticatedcore]
[17:39:13] [REI-ReloadPlugins/DEBUG] [REI]  - (10000000.00) KubeJSREIPlugin of KubeJSREIPlugin [kubejs]
[17:39:13] [REI-ReloadPlugins/DEBUG] [REI] ========================================
[17:39:13] [REI-ReloadPlugins/TRACE] [REI] [REIPlugin START] Reloading Section: "post-register/"
[17:39:13] [REI-ReloadPlugins/TRACE] [REI] [REIPlugin START] Reloading Section: "post-register/DefaultClientPluginImpl of DefaultClientPluginImpl [roughlyenoughitems]/"
[17:39:13] [REI-ReloadPlugins/TRACE] [REI] [REIPlugin START] Reloading Section: "post-register/DefaultClientPluginImpl of DefaultClientPluginImpl [roughlyenoughitems]/" done in 1.366 ms
[17:39:13] [REI-ReloadPlugins/TRACE] [REI] [REIPlugin START] Reloading Section: "post-register/DefaultPluginImpl of DefaultPluginImpl [roughlyenoughitems]/"
[17:39:13] [REI-ReloadPlugins/TRACE] [REI] [REIPlugin START] Reloading Section: "post-register/DefaultPluginImpl of DefaultPluginImpl [roughlyenoughitems]/" done in 17.24 μs
[17:39:13] [REI-ReloadPlugins/TRACE] [REI] [REIPlugin START] Reloading Section: "post-register/HideIngredientsFromTagsPlugin of HideIngredientsFromTagsPlugin [roughlyenoughitems]/"
[17:39:13] [REI-ReloadPlugins/TRACE] [REI] [REIPlugin START] Reloading Section: "post-register/HideIngredientsFromTagsPlugin of HideIngredientsFromTagsPlugin [roughlyenoughitems]/" done in 12.89 μs
[17:39:13] [REI-ReloadPlugins/TRACE] [REI] [REIPlugin START] Reloading Section: "post-register/DefaultClientRuntimePlugin of DefaultClientRuntimePlugin [roughlyenoughitems]/"
[17:39:13] [REI-ReloadPlugins/TRACE] [REI] [REIPlugin START] Reloading Section: "post-register/DefaultClientRuntimePlugin of DefaultClientRuntimePlugin [roughlyenoughitems]/" done in 19.95 μs
[17:39:13] [REI-ReloadPlugins/TRACE] [REI] [REIPlugin START] Reloading Section: "post-register/DefaultRuntimePlugin of DefaultRuntimePlugin [roughlyenoughitems]/"
[17:39:13] [REI-ReloadPlugins/TRACE] [REI] [REIPlugin START] Reloading Section: "post-register/DefaultRuntimePlugin of DefaultRuntimePlugin [roughlyenoughitems]/" done in 11.91 μs
[17:39:13] [REI-ReloadPlugins/TRACE] [REI] [REIPlugin START] Reloading Section: "post-register/REIPlugin of REIPluginLoader [toms_storage]/"
[17:39:13] [REI-ReloadPlugins/TRACE] [REI] [REIPlugin START] Reloading Section: "post-register/REIPlugin of REIPluginLoader [toms_storage]/" done in 10.64 μs
[17:39:13] [REI-ReloadPlugins/TRACE] [REI] [REIPlugin START] Reloading Section: "post-register/StorageReiClientPlugin of StorageReiClientPlugin [sophisticatedstorage]/"
[17:39:13] [REI-ReloadPlugins/TRACE] [REI] [REIPlugin START] Reloading Section: "post-register/StorageReiClientPlugin of StorageReiClientPlugin [sophisticatedstorage]/" done in 7.494 μs
[17:39:13] [REI-ReloadPlugins/TRACE] [REI] [REIPlugin START] Reloading Section: "post-register/OwoReiPlugin of OwoReiPlugin [owo]/"
[17:39:13] [REI-ReloadPlugins/TRACE] [REI] [REIPlugin START] Reloading Section: "post-register/OwoReiPlugin of OwoReiPlugin [owo]/" done in 6.713 μs
[17:39:13] [REI-ReloadPlugins/TRACE] [REI] [REIPlugin START] Reloading Section: "post-register/CuriosReiPlugin of CuriosReiPlugin [curios]/"
[17:39:13] [REI-ReloadPlugins/TRACE] [REI] [REIPlugin START] Reloading Section: "post-register/CuriosReiPlugin of CuriosReiPlugin [curios]/" done in 7.433 μs
[17:39:13] [REI-ReloadPlugins/TRACE] [REI] [REIPlugin START] Reloading Section: "post-register/BackpackReiClientPlugin of BackpackReiClientPlugin [sophisticatedbackpacks]/"
[17:39:13] [REI-ReloadPlugins/TRACE] [REI] [REIPlugin START] Reloading Section: "post-register/BackpackReiClientPlugin of BackpackReiClientPlugin [sophisticatedbackpacks]/" done in 7.544 μs
[17:39:13] [REI-ReloadPlugins/TRACE] [REI] [REIPlugin START] Reloading Section: "post-register/StorageReiCommonPlugin of StorageReiCommonPlugin [sophisticatedstorage]/"
[17:39:13] [REI-ReloadPlugins/TRACE] [REI] [REIPlugin START] Reloading Section: "post-register/StorageReiCommonPlugin of StorageReiCommonPlugin [sophisticatedstorage]/" done in 6.772 μs
[17:39:13] [REI-ReloadPlugins/TRACE] [REI] [REIPlugin START] Reloading Section: "post-register/BackpackReiCommonPlugin of BackpackReiCommonPlugin [sophisticatedbackpacks]/"
[17:39:13] [REI-ReloadPlugins/TRACE] [REI] [REIPlugin START] Reloading Section: "post-register/BackpackReiCommonPlugin of BackpackReiCommonPlugin [sophisticatedbackpacks]/" done in 7.093 μs
[17:39:13] [REI-ReloadPlugins/TRACE] [REI] [REIPlugin START] Reloading Section: "post-register/CoreReiCommonPlugin of CoreReiCommonPlugin [sophisticatedcore]/"
[17:39:13] [REI-ReloadPlugins/TRACE] [REI] [REIPlugin START] Reloading Section: "post-register/CoreReiCommonPlugin of CoreReiCommonPlugin [sophisticatedcore]/" done in 7.414 μs
[17:39:13] [REI-ReloadPlugins/TRACE] [REI] [REIPlugin START] Reloading Section: "post-register/KubeJSREIPlugin of KubeJSREIPlugin [kubejs]/"
[17:39:13] [REI-ReloadPlugins/TRACE] [REI] [REIPlugin START] Reloading Section: "post-register/KubeJSREIPlugin of KubeJSREIPlugin [kubejs]/" done in 12.20 μs
[17:39:13] [REI-ReloadPlugins/TRACE] [REI] [REIPlugin START] Reloading Section: "post-register/" done in 1.856 ms
[17:39:13] [REI-ReloadPlugins/TRACE] [REI] [REIPlugin START] Reloading Section: "post-stage/"
[17:39:13] [REI-ReloadPlugins/TRACE] [REI] [REIPlugin START] Reloading Section: "post-stage/EntryTypeRegistryImpl/"
[17:39:13] [REI-ReloadPlugins/TRACE] [REI] [REIPlugin START] Reloading Section: "post-stage/EntryTypeRegistryImpl/" done in 14.87 μs
[17:39:13] [REI-ReloadPlugins/TRACE] [REI] [REIPlugin START] Reloading Section: "post-stage/EntrySettingsAdapterRegistryImpl/"
[17:39:13] [REI-ReloadPlugins/TRACE] [REI] [REIPlugin START] Reloading Section: "post-stage/EntrySettingsAdapterRegistryImpl/" done in 7.223 μs
[17:39:13] [REI-ReloadPlugins/TRACE] [REI] [REIPlugin START] Reloading Section: "post-stage/RecipeManagerContextImpl/"
[17:39:13] [REI-ReloadPlugins/TRACE] [REI] [REIPlugin START] Reloading Section: "post-stage/RecipeManagerContextImpl/" done in 9.388 μs
[17:39:13] [REI-ReloadPlugins/TRACE] [REI] [REIPlugin START] Reloading Section: "post-stage/ItemComparatorRegistryImpl/"
[17:39:13] [REI-ReloadPlugins/TRACE] [REI] [REIPlugin START] Reloading Section: "post-stage/ItemComparatorRegistryImpl/" done in 6.361 μs
[17:39:13] [REI-ReloadPlugins/TRACE] [REI] [REIPlugin START] Reloading Section: "post-stage/FluidComparatorRegistryImpl/"
[17:39:13] [REI-ReloadPlugins/TRACE] [REI] [REIPlugin START] Reloading Section: "post-stage/FluidComparatorRegistryImpl/" done in 7.514 μs
[17:39:13] [REI-ReloadPlugins/TRACE] [REI] [REIPlugin START] Reloading Section: "post-stage/DisplaySerializerRegistryImpl/"
[17:39:13] [REI-ReloadPlugins/TRACE] [REI] [REIPlugin START] Reloading Section: "post-stage/DisplaySerializerRegistryImpl/" done in 6.522 μs
[17:39:13] [REI-ReloadPlugins/TRACE] [REI] [REIPlugin START] Reloading Section: "post-stage/FluidSupportProviderImpl/"
[17:39:13] [REI-ReloadPlugins/TRACE] [REI] [REIPlugin START] Reloading Section: "post-stage/FluidSupportProviderImpl/" done in 6.432 μs
[17:39:13] [REI-ReloadPlugins/TRACE] [REI] [REIPlugin START] Reloading Section: "post-stage/me.shedaniel.rei.plugin.client.runtime.PluginStageExecutionWatcher$1/"
[17:39:13] [REI-ReloadPlugins/TRACE] [REI] [REIPlugin START] Reloading Section: "post-stage/me.shedaniel.rei.plugin.client.runtime.PluginStageExecutionWatcher$1/" done in 12.24 μs
[17:39:13] [REI-ReloadPlugins/TRACE] [REI] [REIPlugin START] Reloading Section: "post-stage/" done in 223.8 μs
[17:39:13] [REI-ReloadPlugins/DEBUG] [REI] ========================================
[17:39:13] [REI-ReloadPlugins/INFO] [REI] REIPlugin finished post-reload for START in 2.103 ms, totaling 18.34 ms.
[17:39:13] [REI-ReloadPlugins/DEBUG] [REI] ========================================
[17:39:13] [REI-ReloadPlugins/DEBUG] [REI] ========================================
[17:39:13] [REI-ReloadPlugins/DEBUG] [REI] REIClientPlugin starting post-reload for START.
[17:39:13] [REI-ReloadPlugins/DEBUG] [REI] Reloadables (18):
[17:39:13] [REI-ReloadPlugins/DEBUG] [REI]  - EntryRendererRegistryImpl
[17:39:13] [REI-ReloadPlugins/DEBUG] [REI]  - ViewsImpl
[17:39:13] [REI-ReloadPlugins/DEBUG] [REI]  - InputMethodRegistryImpl
[17:39:13] [REI-ReloadPlugins/DEBUG] [REI]  - SearchProviderImpl
[17:39:13] [REI-ReloadPlugins/DEBUG] [REI]  - ConfigManagerImpl
[17:39:13] [REI-ReloadPlugins/DEBUG] [REI]  - EntryRegistryImpl
[17:39:13] [REI-ReloadPlugins/DEBUG] [REI]  - CollapsibleEntryRegistryImpl
[17:39:13] [REI-ReloadPlugins/DEBUG] [REI]  - BasicFilteringRuleImpl
[17:39:13] [REI-ReloadPlugins/DEBUG] [REI]  - CategoryRegistryImpl
[17:39:13] [REI-ReloadPlugins/DEBUG] [REI]  - DisplayRegistryImpl
[17:39:13] [REI-ReloadPlugins/DEBUG] [REI]  - ScreenRegistryImpl
[17:39:13] [REI-ReloadPlugins/DEBUG] [REI]  - FavoriteEntryTypeRegistryImpl
[17:39:13] [REI-ReloadPlugins/DEBUG] [REI]  - SubsetsRegistryImpl
[17:39:13] [REI-ReloadPlugins/DEBUG] [REI]  - TransferHandlerRegistryImpl
[17:39:13] [REI-ReloadPlugins/DEBUG] [REI]  - SearchRuntime
[17:39:13] [REI-ReloadPlugins/DEBUG] [REI]  - REIRuntimeImpl
[17:39:13] [REI-ReloadPlugins/DEBUG] [REI]  - ConfigAddonRegistryImpl
[17:39:13] [REI-ReloadPlugins/DEBUG] [REI]  - me.shedaniel.rei.plugin.client.runtime.PluginStageExecutionWatcher$1
[17:39:13] [REI-ReloadPlugins/DEBUG] [REI] Plugins (9):
[17:39:13] [REI-ReloadPlugins/DEBUG] [REI]  - (-100.00) DefaultClientPluginImpl of DefaultClientPluginImpl [roughlyenoughitems]
[17:39:13] [REI-ReloadPlugins/DEBUG] [REI]  - (0.00) REIPlugin of REIPluginLoader [toms_storage]
[17:39:13] [REI-ReloadPlugins/DEBUG] [REI]  - (0.00) StorageReiClientPlugin of StorageReiClientPlugin [sophisticatedstorage]
[17:39:13] [REI-ReloadPlugins/DEBUG] [REI]  - (0.00) OwoReiPlugin of OwoReiPlugin [owo]
[17:39:13] [REI-ReloadPlugins/DEBUG] [REI]  - (0.00) CuriosReiPlugin of CuriosReiPlugin [curios]
[17:39:13] [REI-ReloadPlugins/DEBUG] [REI]  - (0.00) BackpackReiClientPlugin of BackpackReiClientPlugin [sophisticatedbackpacks]
[17:39:13] [REI-ReloadPlugins/DEBUG] [REI]  - (0.00) HideIngredientsFromTagsPlugin of HideIngredientsFromTagsPlugin [roughlyenoughitems]
[17:39:13] [REI-ReloadPlugins/DEBUG] [REI]  - (0.00) DefaultClientRuntimePlugin of DefaultClientRuntimePlugin [roughlyenoughitems]
[17:39:13] [REI-ReloadPlugins/DEBUG] [REI]  - (10000000.00) KubeJSREIPlugin of KubeJSREIPlugin [kubejs]
[17:39:13] [REI-ReloadPlugins/DEBUG] [REI] ========================================
[17:39:13] [REI-ReloadPlugins/TRACE] [REI] [REIClientPlugin START] Reloading Section: "post-register/"
[17:39:13] [REI-ReloadPlugins/TRACE] [REI] [REIClientPlugin START] Reloading Section: "post-register/DefaultClientPluginImpl of DefaultClientPluginImpl [roughlyenoughitems]/"
[17:39:13] [REI-ReloadPlugins/TRACE] [REI] [REIClientPlugin START] Reloading Section: "post-register/DefaultClientPluginImpl of DefaultClientPluginImpl [roughlyenoughitems]/" done in 12.39 μs
[17:39:13] [REI-ReloadPlugins/TRACE] [REI] [REIClientPlugin START] Reloading Section: "post-register/REIPlugin of REIPluginLoader [toms_storage]/"
[17:39:13] [REI-ReloadPlugins/TRACE] [REI] [REIClientPlugin START] Reloading Section: "post-register/REIPlugin of REIPluginLoader [toms_storage]/" done in 13.86 μs
[17:39:13] [REI-ReloadPlugins/TRACE] [REI] [REIClientPlugin START] Reloading Section: "post-register/StorageReiClientPlugin of StorageReiClientPlugin [sophisticatedstorage]/"
[17:39:13] [REI-ReloadPlugins/TRACE] [REI] [REIClientPlugin START] Reloading Section: "post-register/StorageReiClientPlugin of StorageReiClientPlugin [sophisticatedstorage]/" done in 7.774 μs
[17:39:13] [REI-ReloadPlugins/TRACE] [REI] [REIClientPlugin START] Reloading Section: "post-register/OwoReiPlugin of OwoReiPlugin [owo]/"
[17:39:13] [REI-ReloadPlugins/TRACE] [REI] [REIClientPlugin START] Reloading Section: "post-register/OwoReiPlugin of OwoReiPlugin [owo]/" done in 7.203 μs
[17:39:13] [REI-ReloadPlugins/TRACE] [REI] [REIClientPlugin START] Reloading Section: "post-register/CuriosReiPlugin of CuriosReiPlugin [curios]/"
[17:39:13] [REI-ReloadPlugins/TRACE] [REI] [REIClientPlugin START] Reloading Section: "post-register/CuriosReiPlugin of CuriosReiPlugin [curios]/" done in 9.428 μs
[17:39:13] [REI-ReloadPlugins/TRACE] [REI] [REIClientPlugin START] Reloading Section: "post-register/BackpackReiClientPlugin of BackpackReiClientPlugin [sophisticatedbackpacks]/"
[17:39:13] [REI-ReloadPlugins/TRACE] [REI] [REIClientPlugin START] Reloading Section: "post-register/BackpackReiClientPlugin of BackpackReiClientPlugin [sophisticatedbackpacks]/" done in 8.957 μs
[17:39:13] [REI-ReloadPlugins/TRACE] [REI] [REIClientPlugin START] Reloading Section: "post-register/HideIngredientsFromTagsPlugin of HideIngredientsFromTagsPlugin [roughlyenoughitems]/"
[17:39:13] [REI-ReloadPlugins/TRACE] [REI] [REIClientPlugin START] Reloading Section: "post-register/HideIngredientsFromTagsPlugin of HideIngredientsFromTagsPlugin [roughlyenoughitems]/" done in 10.79 μs
[17:39:13] [REI-ReloadPlugins/TRACE] [REI] [REIClientPlugin START] Reloading Section: "post-register/DefaultClientRuntimePlugin of DefaultClientRuntimePlugin [roughlyenoughitems]/"
[17:39:13] [REI-ReloadPlugins/TRACE] [REI] [REIClientPlugin START] Reloading Section: "post-register/DefaultClientRuntimePlugin of DefaultClientRuntimePlugin [roughlyenoughitems]/" done in 9.287 μs
[17:39:13] [REI-ReloadPlugins/TRACE] [REI] [REIClientPlugin START] Reloading Section: "post-register/KubeJSREIPlugin of KubeJSREIPlugin [kubejs]/"
[17:39:13] [REI-ReloadPlugins/TRACE] [REI] [REIClientPlugin START] Reloading Section: "post-register/KubeJSREIPlugin of KubeJSREIPlugin [kubejs]/" done in 9.548 μs
[17:39:13] [REI-ReloadPlugins/TRACE] [REI] [REIClientPlugin START] Reloading Section: "post-register/" done in 235.1 μs
[17:39:13] [REI-ReloadPlugins/TRACE] [REI] [REIClientPlugin START] Reloading Section: "post-stage/"
[17:39:13] [REI-ReloadPlugins/TRACE] [REI] [REIClientPlugin START] Reloading Section: "post-stage/EntryRendererRegistryImpl/"
[17:39:13] [REI-ReloadPlugins/TRACE] [REI] [REIClientPlugin START] Reloading Section: "post-stage/EntryRendererRegistryImpl/" done in 10.57 μs
[17:39:13] [REI-ReloadPlugins/TRACE] [REI] [REIClientPlugin START] Reloading Section: "post-stage/ViewsImpl/"
[17:39:13] [REI-ReloadPlugins/TRACE] [REI] [REIClientPlugin START] Reloading Section: "post-stage/ViewsImpl/" done in 7.404 μs
[17:39:13] [REI-ReloadPlugins/TRACE] [REI] [REIClientPlugin START] Reloading Section: "post-stage/InputMethodRegistryImpl/"
[17:39:13] [REI-ReloadPlugins/TRACE] [REI] [REIClientPlugin START] Reloading Section: "post-stage/InputMethodRegistryImpl/" done in 7.134 μs
[17:39:13] [REI-ReloadPlugins/TRACE] [REI] [REIClientPlugin START] Reloading Section: "post-stage/SearchProviderImpl/"
[17:39:13] [REI-ReloadPlugins/TRACE] [REI] [REIClientPlugin START] Reloading Section: "post-stage/SearchProviderImpl/" done in 6.763 μs
[17:39:13] [REI-ReloadPlugins/TRACE] [REI] [REIClientPlugin START] Reloading Section: "post-stage/ConfigManagerImpl/"
[17:39:13] [REI-ReloadPlugins/TRACE] [REI] [REIClientPlugin START] Reloading Section: "post-stage/ConfigManagerImpl/" done in 6.613 μs
[17:39:13] [REI-ReloadPlugins/TRACE] [REI] [REIClientPlugin START] Reloading Section: "post-stage/EntryRegistryImpl/"
[17:39:13] [REI-ReloadPlugins/TRACE] [REI] [REIClientPlugin START] Reloading Section: "post-stage/EntryRegistryImpl/" done in 6.752 μs
[17:39:13] [REI-ReloadPlugins/TRACE] [REI] [REIClientPlugin START] Reloading Section: "post-stage/CollapsibleEntryRegistryImpl/"
[17:39:13] [REI-ReloadPlugins/TRACE] [REI] [REIClientPlugin START] Reloading Section: "post-stage/CollapsibleEntryRegistryImpl/" done in 6.492 μs
[17:39:13] [REI-ReloadPlugins/TRACE] [REI] [REIClientPlugin START] Reloading Section: "post-stage/BasicFilteringRuleImpl/"
[17:39:13] [REI-ReloadPlugins/TRACE] [REI] [REIClientPlugin START] Reloading Section: "post-stage/BasicFilteringRuleImpl/" done in 6.623 μs
[17:39:13] [REI-ReloadPlugins/TRACE] [REI] [REIClientPlugin START] Reloading Section: "post-stage/CategoryRegistryImpl/"
[17:39:13] [REI-ReloadPlugins/TRACE] [REI] [REIClientPlugin START] Reloading Section: "post-stage/CategoryRegistryImpl/" done in 6.482 μs
[17:39:13] [REI-ReloadPlugins/TRACE] [REI] [REIClientPlugin START] Reloading Section: "post-stage/DisplayRegistryImpl/"
[17:39:13] [REI-ReloadPlugins/TRACE] [REI] [REIClientPlugin START] Reloading Section: "post-stage/DisplayRegistryImpl/" done in 10.79 μs
[17:39:13] [REI-ReloadPlugins/TRACE] [REI] [REIClientPlugin START] Reloading Section: "post-stage/ScreenRegistryImpl/"
[17:39:13] [REI-ReloadPlugins/TRACE] [REI] [REIClientPlugin START] Reloading Section: "post-stage/ScreenRegistryImpl/" done in 6.723 μs
[17:39:13] [REI-ReloadPlugins/TRACE] [REI] [REIClientPlugin START] Reloading Section: "post-stage/FavoriteEntryTypeRegistryImpl/"
[17:39:13] [REI-ReloadPlugins/TRACE] [REI] [REIClientPlugin START] Reloading Section: "post-stage/FavoriteEntryTypeRegistryImpl/" done in 11.08 μs
[17:39:13] [REI-ReloadPlugins/TRACE] [REI] [REIClientPlugin START] Reloading Section: "post-stage/SubsetsRegistryImpl/"
[17:39:13] [REI-ReloadPlugins/TRACE] [REI] [REIClientPlugin START] Reloading Section: "post-stage/SubsetsRegistryImpl/" done in 10.37 μs
[17:39:13] [REI-ReloadPlugins/TRACE] [REI] [REIClientPlugin START] Reloading Section: "post-stage/TransferHandlerRegistryImpl/"
[17:39:13] [REI-ReloadPlugins/TRACE] [REI] [REIClientPlugin START] Reloading Section: "post-stage/TransferHandlerRegistryImpl/" done in 6.723 μs
[17:39:13] [REI-ReloadPlugins/TRACE] [REI] [REIClientPlugin START] Reloading Section: "post-stage/SearchRuntime/"
[17:39:13] [REI-ReloadPlugins/TRACE] [REI] [REIClientPlugin START] Reloading Section: "post-stage/SearchRuntime/" done in 6.723 μs
[17:39:13] [REI-ReloadPlugins/TRACE] [REI] [REIClientPlugin START] Reloading Section: "post-stage/REIRuntimeImpl/"
[17:39:13] [REI-ReloadPlugins/TRACE] [REI] [REIClientPlugin START] Reloading Section: "post-stage/REIRuntimeImpl/" done in 15.70 μs
[17:39:13] [REI-ReloadPlugins/TRACE] [REI] [REIClientPlugin START] Reloading Section: "post-stage/ConfigAddonRegistryImpl/"
[17:39:13] [REI-ReloadPlugins/TRACE] [REI] [REIClientPlugin START] Reloading Section: "post-stage/ConfigAddonRegistryImpl/" done in 8.666 μs
[17:39:13] [REI-ReloadPlugins/TRACE] [REI] [REIClientPlugin START] Reloading Section: "post-stage/me.shedaniel.rei.plugin.client.runtime.PluginStageExecutionWatcher$1/"
[17:39:13] [REI-ReloadPlugins/TRACE] [REI] [REIClientPlugin START] Reloading Section: "post-stage/me.shedaniel.rei.plugin.client.runtime.PluginStageExecutionWatcher$1/" done in 31.77 μs
[17:39:13] [REI-ReloadPlugins/TRACE] [REI] [REIClientPlugin START] Reloading Section: "post-stage/" done in 537.2 μs
[17:39:13] [REI-ReloadPlugins/DEBUG] [REI] ========================================
[17:39:13] [REI-ReloadPlugins/INFO] [REI] REIClientPlugin finished post-reload for START in 805.4 μs, totaling 615.1 ms.
[17:39:13] [REI-ReloadPlugins/DEBUG] [REI] ========================================
[17:39:13] [REI-ReloadPlugins/DEBUG] [REI] ========================================
[17:39:13] [REI-ReloadPlugins/DEBUG] [REI] REIServerPlugin starting post-reload for START.
[17:39:13] [REI-ReloadPlugins/DEBUG] [REI] Reloadables (3):
[17:39:13] [REI-ReloadPlugins/DEBUG] [REI]  - MenuInfoRegistryImpl
[17:39:13] [REI-ReloadPlugins/DEBUG] [REI]  - SlotAccessorRegistryImpl
[17:39:13] [REI-ReloadPlugins/DEBUG] [REI]  - me.shedaniel.rei.plugin.client.runtime.PluginStageExecutionWatcher$1
[17:39:13] [REI-ReloadPlugins/DEBUG] [REI] Plugins (5):
[17:39:13] [REI-ReloadPlugins/DEBUG] [REI]  - (-100.00) DefaultPluginImpl of DefaultPluginImpl [roughlyenoughitems]
[17:39:13] [REI-ReloadPlugins/DEBUG] [REI]  - (0.00) StorageReiCommonPlugin of StorageReiCommonPlugin [sophisticatedstorage]
[17:39:13] [REI-ReloadPlugins/DEBUG] [REI]  - (0.00) BackpackReiCommonPlugin of BackpackReiCommonPlugin [sophisticatedbackpacks]
[17:39:13] [REI-ReloadPlugins/DEBUG] [REI]  - (0.00) CoreReiCommonPlugin of CoreReiCommonPlugin [sophisticatedcore]
[17:39:13] [REI-ReloadPlugins/DEBUG] [REI]  - (0.00) DefaultRuntimePlugin of DefaultRuntimePlugin [roughlyenoughitems]
[17:39:13] [REI-ReloadPlugins/DEBUG] [REI] ========================================
[17:39:13] [REI-ReloadPlugins/TRACE] [REI] [REIServerPlugin START] Reloading Section: "post-register/"
[17:39:13] [REI-ReloadPlugins/TRACE] [REI] [REIServerPlugin START] Reloading Section: "post-register/DefaultPluginImpl of DefaultPluginImpl [roughlyenoughitems]/"
[17:39:13] [REI-ReloadPlugins/TRACE] [REI] [REIServerPlugin START] Reloading Section: "post-register/DefaultPluginImpl of DefaultPluginImpl [roughlyenoughitems]/" done in 11.37 μs
[17:39:13] [REI-ReloadPlugins/TRACE] [REI] [REIServerPlugin START] Reloading Section: "post-register/StorageReiCommonPlugin of StorageReiCommonPlugin [sophisticatedstorage]/"
[17:39:13] [REI-ReloadPlugins/TRACE] [REI] [REIServerPlugin START] Reloading Section: "post-register/StorageReiCommonPlugin of StorageReiCommonPlugin [sophisticatedstorage]/" done in 8.596 μs
[17:39:13] [REI-ReloadPlugins/TRACE] [REI] [REIServerPlugin START] Reloading Section: "post-register/BackpackReiCommonPlugin of BackpackReiCommonPlugin [sophisticatedbackpacks]/"
[17:39:13] [REI-ReloadPlugins/TRACE] [REI] [REIServerPlugin START] Reloading Section: "post-register/BackpackReiCommonPlugin of BackpackReiCommonPlugin [sophisticatedbackpacks]/" done in 7.293 μs
[17:39:13] [REI-ReloadPlugins/TRACE] [REI] [REIServerPlugin START] Reloading Section: "post-register/CoreReiCommonPlugin of CoreReiCommonPlugin [sophisticatedcore]/"
[17:39:13] [REI-ReloadPlugins/TRACE] [REI] [REIServerPlugin START] Reloading Section: "post-register/CoreReiCommonPlugin of CoreReiCommonPlugin [sophisticatedcore]/" done in 7.404 μs
[17:39:13] [REI-ReloadPlugins/TRACE] [REI] [REIServerPlugin START] Reloading Section: "post-register/DefaultRuntimePlugin of DefaultRuntimePlugin [roughlyenoughitems]/"
[17:39:13] [REI-ReloadPlugins/TRACE] [REI] [REIServerPlugin START] Reloading Section: "post-register/DefaultRuntimePlugin of DefaultRuntimePlugin [roughlyenoughitems]/" done in 11.59 μs
[17:39:13] [REI-ReloadPlugins/TRACE] [REI] [REIServerPlugin START] Reloading Section: "post-register/" done in 119.8 μs
[17:39:13] [REI-ReloadPlugins/TRACE] [REI] [REIServerPlugin START] Reloading Section: "post-stage/"
[17:39:13] [REI-ReloadPlugins/TRACE] [REI] [REIServerPlugin START] Reloading Section: "post-stage/MenuInfoRegistryImpl/"
[17:39:13] [REI-ReloadPlugins/TRACE] [REI] [REIServerPlugin START] Reloading Section: "post-stage/MenuInfoRegistryImpl/" done in 7.824 μs
[17:39:13] [REI-ReloadPlugins/TRACE] [REI] [REIServerPlugin START] Reloading Section: "post-stage/SlotAccessorRegistryImpl/"
[17:39:13] [REI-ReloadPlugins/TRACE] [REI] [REIServerPlugin START] Reloading Section: "post-stage/SlotAccessorRegistryImpl/" done in 7.173 μs
[17:39:13] [REI-ReloadPlugins/TRACE] [REI] [REIServerPlugin START] Reloading Section: "post-stage/me.shedaniel.rei.plugin.client.runtime.PluginStageExecutionWatcher$1/"
[17:39:13] [REI-ReloadPlugins/TRACE] [REI] [REIServerPlugin START] Reloading Section: "post-stage/me.shedaniel.rei.plugin.client.runtime.PluginStageExecutionWatcher$1/" done in 7.964 μs
[17:39:13] [REI-ReloadPlugins/TRACE] [REI] [REIServerPlugin START] Reloading Section: "post-stage/" done in 62.30 μs
[17:39:13] [REI-ReloadPlugins/DEBUG] [REI] ========================================
[17:39:13] [REI-ReloadPlugins/INFO] [REI] REIServerPlugin finished post-reload for START in 198.8 μs, totaling 1.485 ms.
[17:39:13] [REI-ReloadPlugins/DEBUG] [REI] ========================================
[17:39:13] [REI-ReloadPlugins/DEBUG] [REI] ========================================
[17:39:13] [REI-ReloadPlugins/DEBUG] [REI] REIPlugin starting pre-reload for END.
[17:39:13] [REI-ReloadPlugins/DEBUG] [REI] Reloadables (8):
[17:39:13] [REI-ReloadPlugins/DEBUG] [REI]  - EntryTypeRegistryImpl
[17:39:13] [REI-ReloadPlugins/DEBUG] [REI]  - EntrySettingsAdapterRegistryImpl
[17:39:13] [REI-ReloadPlugins/DEBUG] [REI]  - RecipeManagerContextImpl
[17:39:13] [REI-ReloadPlugins/DEBUG] [REI]  - ItemComparatorRegistryImpl
[17:39:13] [REI-ReloadPlugins/DEBUG] [REI]  - FluidComparatorRegistryImpl
[17:39:13] [REI-ReloadPlugins/DEBUG] [REI]  - DisplaySerializerRegistryImpl
[17:39:13] [REI-ReloadPlugins/DEBUG] [REI]  - FluidSupportProviderImpl
[17:39:13] [REI-ReloadPlugins/DEBUG] [REI]  - me.shedaniel.rei.plugin.client.runtime.PluginStageExecutionWatcher$1
[17:39:13] [REI-ReloadPlugins/DEBUG] [REI] Plugins (14):
[17:39:13] [REI-ReloadPlugins/DEBUG] [REI]  - (-100.00) DefaultClientPluginImpl of DefaultClientPluginImpl [roughlyenoughitems]
[17:39:13] [REI-ReloadPlugins/DEBUG] [REI]  - (-100.00) DefaultPluginImpl of DefaultPluginImpl [roughlyenoughitems]
[17:39:13] [REI-ReloadPlugins/DEBUG] [REI]  - (0.00) HideIngredientsFromTagsPlugin of HideIngredientsFromTagsPlugin [roughlyenoughitems]
[17:39:13] [REI-ReloadPlugins/DEBUG] [REI]  - (0.00) DefaultClientRuntimePlugin of DefaultClientRuntimePlugin [roughlyenoughitems]
[17:39:13] [REI-ReloadPlugins/DEBUG] [REI]  - (0.00) DefaultRuntimePlugin of DefaultRuntimePlugin [roughlyenoughitems]
[17:39:13] [REI-ReloadPlugins/DEBUG] [REI]  - (0.00) REIPlugin of REIPluginLoader [toms_storage]
[17:39:13] [REI-ReloadPlugins/DEBUG] [REI]  - (0.00) StorageReiClientPlugin of StorageReiClientPlugin [sophisticatedstorage]
[17:39:13] [REI-ReloadPlugins/DEBUG] [REI]  - (0.00) OwoReiPlugin of OwoReiPlugin [owo]
[17:39:13] [REI-ReloadPlugins/DEBUG] [REI]  - (0.00) CuriosReiPlugin of CuriosReiPlugin [curios]
[17:39:13] [REI-ReloadPlugins/DEBUG] [REI]  - (0.00) BackpackReiClientPlugin of BackpackReiClientPlugin [sophisticatedbackpacks]
[17:39:13] [REI-ReloadPlugins/DEBUG] [REI]  - (0.00) StorageReiCommonPlugin of StorageReiCommonPlugin [sophisticatedstorage]
[17:39:13] [REI-ReloadPlugins/DEBUG] [REI]  - (0.00) BackpackReiCommonPlugin of BackpackReiCommonPlugin [sophisticatedbackpacks]
[17:39:13] [REI-ReloadPlugins/DEBUG] [REI]  - (0.00) CoreReiCommonPlugin of CoreReiCommonPlugin [sophisticatedcore]
[17:39:13] [REI-ReloadPlugins/DEBUG] [REI]  - (10000000.00) KubeJSREIPlugin of KubeJSREIPlugin [kubejs]
[17:39:13] [REI-ReloadPlugins/DEBUG] [REI] ========================================
[17:39:13] [REI-ReloadPlugins/TRACE] [REI] [REIPlugin END] Reloading Section: "pre-register/"
[17:39:13] [REI-ReloadPlugins/TRACE] [REI] [REIPlugin END] Reloading Section: "pre-register/DefaultClientPluginImpl of DefaultClientPluginImpl [roughlyenoughitems]/"
[17:39:13] [REI-ReloadPlugins/TRACE] [REI] [REIPlugin END] Reloading Section: "pre-register/DefaultClientPluginImpl of DefaultClientPluginImpl [roughlyenoughitems]/" done in 12.01 μs
[17:39:13] [REI-ReloadPlugins/TRACE] [REI] [REIPlugin END] Reloading Section: "pre-register/DefaultPluginImpl of DefaultPluginImpl [roughlyenoughitems]/"
[17:39:13] [REI-ReloadPlugins/TRACE] [REI] [REIPlugin END] Reloading Section: "pre-register/DefaultPluginImpl of DefaultPluginImpl [roughlyenoughitems]/" done in 8.276 μs
[17:39:13] [REI-ReloadPlugins/TRACE] [REI] [REIPlugin END] Reloading Section: "pre-register/HideIngredientsFromTagsPlugin of HideIngredientsFromTagsPlugin [roughlyenoughitems]/"
[17:39:13] [REI-ReloadPlugins/TRACE] [REI] [REIPlugin END] Reloading Section: "pre-register/HideIngredientsFromTagsPlugin of HideIngredientsFromTagsPlugin [roughlyenoughitems]/" done in 7.274 μs
[17:39:13] [REI-ReloadPlugins/TRACE] [REI] [REIPlugin END] Reloading Section: "pre-register/DefaultClientRuntimePlugin of DefaultClientRuntimePlugin [roughlyenoughitems]/"
[17:39:13] [REI-ReloadPlugins/TRACE] [REI] [REIPlugin END] Reloading Section: "pre-register/DefaultClientRuntimePlugin of DefaultClientRuntimePlugin [roughlyenoughitems]/" done in 7.294 μs
[17:39:13] [REI-ReloadPlugins/TRACE] [REI] [REIPlugin END] Reloading Section: "pre-register/DefaultRuntimePlugin of DefaultRuntimePlugin [roughlyenoughitems]/"
[17:39:13] [REI-ReloadPlugins/TRACE] [REI] [REIPlugin END] Reloading Section: "pre-register/DefaultRuntimePlugin of DefaultRuntimePlugin [roughlyenoughitems]/" done in 6.823 μs
[17:39:13] [REI-ReloadPlugins/TRACE] [REI] [REIPlugin END] Reloading Section: "pre-register/REIPlugin of REIPluginLoader [toms_storage]/"
[17:39:13] [REI-ReloadPlugins/TRACE] [REI] [REIPlugin END] Reloading Section: "pre-register/REIPlugin of REIPluginLoader [toms_storage]/" done in 9.328 μs
[17:39:13] [REI-ReloadPlugins/TRACE] [REI] [REIPlugin END] Reloading Section: "pre-register/StorageReiClientPlugin of StorageReiClientPlugin [sophisticatedstorage]/"
[17:39:13] [REI-ReloadPlugins/TRACE] [REI] [REIPlugin END] Reloading Section: "pre-register/StorageReiClientPlugin of StorageReiClientPlugin [sophisticatedstorage]/" done in 7.394 μs
[17:39:13] [REI-ReloadPlugins/TRACE] [REI] [REIPlugin END] Reloading Section: "pre-register/OwoReiPlugin of OwoReiPlugin [owo]/"
[17:39:13] [REI-ReloadPlugins/TRACE] [REI] [REIPlugin END] Reloading Section: "pre-register/OwoReiPlugin of OwoReiPlugin [owo]/" done in 6.883 μs
[17:39:13] [REI-ReloadPlugins/TRACE] [REI] [REIPlugin END] Reloading Section: "pre-register/CuriosReiPlugin of CuriosReiPlugin [curios]/"
[17:39:13] [REI-ReloadPlugins/TRACE] [REI] [REIPlugin END] Reloading Section: "pre-register/CuriosReiPlugin of CuriosReiPlugin [curios]/" done in 6.683 μs
[17:39:13] [REI-ReloadPlugins/TRACE] [REI] [REIPlugin END] Reloading Section: "pre-register/BackpackReiClientPlugin of BackpackReiClientPlugin [sophisticatedbackpacks]/"
[17:39:13] [REI-ReloadPlugins/TRACE] [REI] [REIPlugin END] Reloading Section: "pre-register/BackpackReiClientPlugin of BackpackReiClientPlugin [sophisticatedbackpacks]/" done in 7.183 μs
[17:39:13] [REI-ReloadPlugins/TRACE] [REI] [REIPlugin END] Reloading Section: "pre-register/StorageReiCommonPlugin of StorageReiCommonPlugin [sophisticatedstorage]/"
[17:39:13] [REI-ReloadPlugins/TRACE] [REI] [REIPlugin END] Reloading Section: "pre-register/StorageReiCommonPlugin of StorageReiCommonPlugin [sophisticatedstorage]/" done in 7.053 μs
[17:39:13] [REI-ReloadPlugins/TRACE] [REI] [REIPlugin END] Reloading Section: "pre-register/BackpackReiCommonPlugin of BackpackReiCommonPlugin [sophisticatedbackpacks]/"
[17:39:13] [REI-ReloadPlugins/TRACE] [REI] [REIPlugin END] Reloading Section: "pre-register/BackpackReiCommonPlugin of BackpackReiCommonPlugin [sophisticatedbackpacks]/" done in 10.52 μs
[17:39:13] [REI-ReloadPlugins/TRACE] [REI] [REIPlugin END] Reloading Section: "pre-register/CoreReiCommonPlugin of CoreReiCommonPlugin [sophisticatedcore]/"
[17:39:13] [REI-ReloadPlugins/TRACE] [REI] [REIPlugin END] Reloading Section: "pre-register/CoreReiCommonPlugin of CoreReiCommonPlugin [sophisticatedcore]/" done in 7.133 μs
[17:39:13] [REI-ReloadPlugins/TRACE] [REI] [REIPlugin END] Reloading Section: "pre-register/KubeJSREIPlugin of KubeJSREIPlugin [kubejs]/"
[17:39:13] [REI-ReloadPlugins/TRACE] [REI] [REIPlugin END] Reloading Section: "pre-register/KubeJSREIPlugin of KubeJSREIPlugin [kubejs]/" done in 6.542 μs
[17:39:13] [REI-ReloadPlugins/TRACE] [REI] [REIPlugin END] Reloading Section: "pre-register/" done in 268.6 μs
[17:39:13] [REI-ReloadPlugins/TRACE] [REI] [REIPlugin END] Reloading Section: "pre-stage/"
[17:39:13] [REI-ReloadPlugins/TRACE] [REI] [REIPlugin END] Reloading Section: "pre-stage/EntryTypeRegistryImpl/"
[17:39:13] [REI-ReloadPlugins/TRACE] [REI] [REIPlugin END] Reloading Section: "pre-stage/EntryTypeRegistryImpl/" done in 7.585 μs
[17:39:13] [REI-ReloadPlugins/TRACE] [REI] [REIPlugin END] Reloading Section: "pre-stage/EntrySettingsAdapterRegistryImpl/"
[17:39:13] [REI-ReloadPlugins/TRACE] [REI] [REIPlugin END] Reloading Section: "pre-stage/EntrySettingsAdapterRegistryImpl/" done in 8.515 μs
[17:39:13] [REI-ReloadPlugins/TRACE] [REI] [REIPlugin END] Reloading Section: "pre-stage/RecipeManagerContextImpl/"
[17:39:13] [REI-ReloadPlugins/TRACE] [REI] [REIPlugin END] Reloading Section: "pre-stage/RecipeManagerContextImpl/" done in 6.332 μs
[17:39:13] [REI-ReloadPlugins/TRACE] [REI] [REIPlugin END] Reloading Section: "pre-stage/ItemComparatorRegistryImpl/"
[17:39:13] [REI-ReloadPlugins/TRACE] [REI] [REIPlugin END] Reloading Section: "pre-stage/ItemComparatorRegistryImpl/" done in 6.221 μs
[17:39:13] [REI-ReloadPlugins/TRACE] [REI] [REIPlugin END] Reloading Section: "pre-stage/FluidComparatorRegistryImpl/"
[17:39:13] [REI-ReloadPlugins/TRACE] [REI] [REIPlugin END] Reloading Section: "pre-stage/FluidComparatorRegistryImpl/" done in 6.482 μs
[17:39:13] [REI-ReloadPlugins/TRACE] [REI] [REIPlugin END] Reloading Section: "pre-stage/DisplaySerializerRegistryImpl/"
[17:39:13] [REI-ReloadPlugins/TRACE] [REI] [REIPlugin END] Reloading Section: "pre-stage/DisplaySerializerRegistryImpl/" done in 6.562 μs
[17:39:13] [REI-ReloadPlugins/TRACE] [REI] [REIPlugin END] Reloading Section: "pre-stage/FluidSupportProviderImpl/"
[17:39:13] [REI-ReloadPlugins/TRACE] [REI] [REIPlugin END] Reloading Section: "pre-stage/FluidSupportProviderImpl/" done in 7.214 μs
[17:39:13] [REI-ReloadPlugins/TRACE] [REI] [REIPlugin END] Reloading Section: "pre-stage/me.shedaniel.rei.plugin.client.runtime.PluginStageExecutionWatcher$1/"
[17:39:13] [REI-ReloadPlugins/TRACE] [REI] [REIPlugin END] Reloading Section: "pre-stage/me.shedaniel.rei.plugin.client.runtime.PluginStageExecutionWatcher$1/" done in 8.215 μs
[17:39:13] [REI-ReloadPlugins/TRACE] [REI] [REIPlugin END] Reloading Section: "pre-stage/" done in 144.2 μs
[17:39:13] [REI-ReloadPlugins/DEBUG] [REI] ========================================
[17:39:13] [REI-ReloadPlugins/DEBUG] [REI] REIPlugin finished pre-reload for END in 429.7 μs.
[17:39:13] [REI-ReloadPlugins/DEBUG] [REI] ========================================
[17:39:13] [REI-ReloadPlugins/DEBUG] [REI] ========================================
[17:39:13] [REI-ReloadPlugins/DEBUG] [REI] REIClientPlugin starting pre-reload for END.
[17:39:13] [REI-ReloadPlugins/DEBUG] [REI] Reloadables (18):
[17:39:13] [REI-ReloadPlugins/DEBUG] [REI]  - EntryRendererRegistryImpl
[17:39:13] [REI-ReloadPlugins/DEBUG] [REI]  - ViewsImpl
[17:39:13] [REI-ReloadPlugins/DEBUG] [REI]  - InputMethodRegistryImpl
[17:39:13] [REI-ReloadPlugins/DEBUG] [REI]  - SearchProviderImpl
[17:39:13] [REI-ReloadPlugins/DEBUG] [REI]  - ConfigManagerImpl
[17:39:13] [REI-ReloadPlugins/DEBUG] [REI]  - EntryRegistryImpl
[17:39:13] [REI-ReloadPlugins/DEBUG] [REI]  - CollapsibleEntryRegistryImpl
[17:39:13] [REI-ReloadPlugins/DEBUG] [REI]  - BasicFilteringRuleImpl
[17:39:13] [REI-ReloadPlugins/DEBUG] [REI]  - CategoryRegistryImpl
[17:39:13] [REI-ReloadPlugins/DEBUG] [REI]  - DisplayRegistryImpl
[17:39:13] [REI-ReloadPlugins/DEBUG] [REI]  - ScreenRegistryImpl
[17:39:13] [REI-ReloadPlugins/DEBUG] [REI]  - FavoriteEntryTypeRegistryImpl
[17:39:13] [REI-ReloadPlugins/DEBUG] [REI]  - SubsetsRegistryImpl
[17:39:13] [REI-ReloadPlugins/DEBUG] [REI]  - TransferHandlerRegistryImpl
[17:39:13] [REI-ReloadPlugins/DEBUG] [REI]  - SearchRuntime
[17:39:13] [REI-ReloadPlugins/DEBUG] [REI]  - REIRuntimeImpl
[17:39:13] [REI-ReloadPlugins/DEBUG] [REI]  - ConfigAddonRegistryImpl
[17:39:13] [REI-ReloadPlugins/DEBUG] [REI]  - me.shedaniel.rei.plugin.client.runtime.PluginStageExecutionWatcher$1
[17:39:13] [REI-ReloadPlugins/DEBUG] [REI] Plugins (9):
[17:39:13] [REI-ReloadPlugins/DEBUG] [REI]  - (-100.00) DefaultClientPluginImpl of DefaultClientPluginImpl [roughlyenoughitems]
[17:39:13] [REI-ReloadPlugins/DEBUG] [REI]  - (0.00) REIPlugin of REIPluginLoader [toms_storage]
[17:39:13] [REI-ReloadPlugins/DEBUG] [REI]  - (0.00) StorageReiClientPlugin of StorageReiClientPlugin [sophisticatedstorage]
[17:39:13] [REI-ReloadPlugins/DEBUG] [REI]  - (0.00) OwoReiPlugin of OwoReiPlugin [owo]
[17:39:13] [REI-ReloadPlugins/DEBUG] [REI]  - (0.00) CuriosReiPlugin of CuriosReiPlugin [curios]
[17:39:13] [REI-ReloadPlugins/DEBUG] [REI]  - (0.00) BackpackReiClientPlugin of BackpackReiClientPlugin [sophisticatedbackpacks]
[17:39:13] [REI-ReloadPlugins/DEBUG] [REI]  - (0.00) HideIngredientsFromTagsPlugin of HideIngredientsFromTagsPlugin [roughlyenoughitems]
[17:39:13] [REI-ReloadPlugins/DEBUG] [REI]  - (0.00) DefaultClientRuntimePlugin of DefaultClientRuntimePlugin [roughlyenoughitems]
[17:39:13] [REI-ReloadPlugins/DEBUG] [REI]  - (10000000.00) KubeJSREIPlugin of KubeJSREIPlugin [kubejs]
[17:39:13] [REI-ReloadPlugins/DEBUG] [REI] ========================================
[17:39:13] [REI-ReloadPlugins/TRACE] [REI] [REIClientPlugin END] Reloading Section: "pre-register/"
[17:39:13] [REI-ReloadPlugins/TRACE] [REI] [REIClientPlugin END] Reloading Section: "pre-register/DefaultClientPluginImpl of DefaultClientPluginImpl [roughlyenoughitems]/"
[17:39:13] [REI-ReloadPlugins/TRACE] [REI] [REIClientPlugin END] Reloading Section: "pre-register/DefaultClientPluginImpl of DefaultClientPluginImpl [roughlyenoughitems]/" done in 9.007 μs
[17:39:13] [REI-ReloadPlugins/TRACE] [REI] [REIClientPlugin END] Reloading Section: "pre-register/REIPlugin of REIPluginLoader [toms_storage]/"
[17:39:13] [REI-ReloadPlugins/TRACE] [REI] [REIClientPlugin END] Reloading Section: "pre-register/REIPlugin of REIPluginLoader [toms_storage]/" done in 14.83 μs
[17:39:13] [REI-ReloadPlugins/TRACE] [REI] [REIClientPlugin END] Reloading Section: "pre-register/StorageReiClientPlugin of StorageReiClientPlugin [sophisticatedstorage]/"
[17:39:13] [REI-ReloadPlugins/TRACE] [REI] [REIClientPlugin END] Reloading Section: "pre-register/StorageReiClientPlugin of StorageReiClientPlugin [sophisticatedstorage]/" done in 7.243 μs
[17:39:13] [REI-ReloadPlugins/TRACE] [REI] [REIClientPlugin END] Reloading Section: "pre-register/OwoReiPlugin of OwoReiPlugin [owo]/"
[17:39:13] [REI-ReloadPlugins/TRACE] [REI] [REIClientPlugin END] Reloading Section: "pre-register/OwoReiPlugin of OwoReiPlugin [owo]/" done in 7.965 μs
[17:39:13] [REI-ReloadPlugins/TRACE] [REI] [REIClientPlugin END] Reloading Section: "pre-register/CuriosReiPlugin of CuriosReiPlugin [curios]/"
[17:39:13] [REI-ReloadPlugins/TRACE] [REI] [REIClientPlugin END] Reloading Section: "pre-register/CuriosReiPlugin of CuriosReiPlugin [curios]/" done in 6.622 μs
[17:39:13] [REI-ReloadPlugins/TRACE] [REI] [REIClientPlugin END] Reloading Section: "pre-register/BackpackReiClientPlugin of BackpackReiClientPlugin [sophisticatedbackpacks]/"
[17:39:13] [REI-ReloadPlugins/TRACE] [REI] [REIClientPlugin END] Reloading Section: "pre-register/BackpackReiClientPlugin of BackpackReiClientPlugin [sophisticatedbackpacks]/" done in 7.635 μs
[17:39:13] [REI-ReloadPlugins/TRACE] [REI] [REIClientPlugin END] Reloading Section: "pre-register/HideIngredientsFromTagsPlugin of HideIngredientsFromTagsPlugin [roughlyenoughitems]/"
[17:39:13] [REI-ReloadPlugins/TRACE] [REI] [REIClientPlugin END] Reloading Section: "pre-register/HideIngredientsFromTagsPlugin of HideIngredientsFromTagsPlugin [roughlyenoughitems]/" done in 8.917 μs
[17:39:13] [REI-ReloadPlugins/TRACE] [REI] [REIClientPlugin END] Reloading Section: "pre-register/DefaultClientRuntimePlugin of DefaultClientRuntimePlugin [roughlyenoughitems]/"
[17:39:13] [REI-ReloadPlugins/TRACE] [REI] [REIClientPlugin END] Reloading Section: "pre-register/DefaultClientRuntimePlugin of DefaultClientRuntimePlugin [roughlyenoughitems]/" done in 6.712 μs
[17:39:13] [REI-ReloadPlugins/TRACE] [REI] [REIClientPlugin END] Reloading Section: "pre-register/KubeJSREIPlugin of KubeJSREIPlugin [kubejs]/"
[17:39:13] [REI-ReloadPlugins/TRACE] [REI] [REIClientPlugin END] Reloading Section: "pre-register/KubeJSREIPlugin of KubeJSREIPlugin [kubejs]/" done in 6.573 μs
[17:39:13] [REI-ReloadPlugins/TRACE] [REI] [REIClientPlugin END] Reloading Section: "pre-register/" done in 179.3 μs
[17:39:13] [REI-ReloadPlugins/TRACE] [REI] [REIClientPlugin END] Reloading Section: "pre-stage/"
[17:39:13] [REI-ReloadPlugins/TRACE] [REI] [REIClientPlugin END] Reloading Section: "pre-stage/EntryRendererRegistryImpl/"
[17:39:13] [REI-ReloadPlugins/TRACE] [REI] [REIClientPlugin END] Reloading Section: "pre-stage/EntryRendererRegistryImpl/" done in 13.20 μs
[17:39:13] [REI-ReloadPlugins/TRACE] [REI] [REIClientPlugin END] Reloading Section: "pre-stage/ViewsImpl/"
[17:39:13] [REI-ReloadPlugins/TRACE] [REI] [REIClientPlugin END] Reloading Section: "pre-stage/ViewsImpl/" done in 8.886 μs
[17:39:13] [REI-ReloadPlugins/TRACE] [REI] [REIClientPlugin END] Reloading Section: "pre-stage/InputMethodRegistryImpl/"
[17:39:13] [REI-ReloadPlugins/TRACE] [REI] [REIClientPlugin END] Reloading Section: "pre-stage/InputMethodRegistryImpl/" done in 8.686 μs
[17:39:13] [REI-ReloadPlugins/TRACE] [REI] [REIClientPlugin END] Reloading Section: "pre-stage/SearchProviderImpl/"
[17:39:13] [REI-ReloadPlugins/TRACE] [REI] [REIClientPlugin END] Reloading Section: "pre-stage/SearchProviderImpl/" done in 8.205 μs
[17:39:13] [REI-ReloadPlugins/TRACE] [REI] [REIClientPlugin END] Reloading Section: "pre-stage/ConfigManagerImpl/"
[17:39:13] [REI-ReloadPlugins/TRACE] [REI] [REIClientPlugin END] Reloading Section: "pre-stage/ConfigManagerImpl/" done in 9.518 μs
[17:39:13] [REI-ReloadPlugins/TRACE] [REI] [REIClientPlugin END] Reloading Section: "pre-stage/EntryRegistryImpl/"
[17:39:13] [REI-ReloadPlugins/TRACE] [REI] [REIClientPlugin END] Reloading Section: "pre-stage/EntryRegistryImpl/" done in 6.752 μs
[17:39:13] [REI-ReloadPlugins/TRACE] [REI] [REIClientPlugin END] Reloading Section: "pre-stage/CollapsibleEntryRegistryImpl/"
[17:39:13] [REI-ReloadPlugins/TRACE] [REI] [REIClientPlugin END] Reloading Section: "pre-stage/CollapsibleEntryRegistryImpl/" done in 6.572 μs
[17:39:13] [REI-ReloadPlugins/TRACE] [REI] [REIClientPlugin END] Reloading Section: "pre-stage/BasicFilteringRuleImpl/"
[17:39:13] [REI-ReloadPlugins/TRACE] [REI] [REIClientPlugin END] Reloading Section: "pre-stage/BasicFilteringRuleImpl/" done in 7.755 μs
[17:39:13] [REI-ReloadPlugins/TRACE] [REI] [REIClientPlugin END] Reloading Section: "pre-stage/CategoryRegistryImpl/"
[17:39:13] [REI-ReloadPlugins/TRACE] [REI] [REIClientPlugin END] Reloading Section: "pre-stage/CategoryRegistryImpl/" done in 6.472 μs
[17:39:13] [REI-ReloadPlugins/TRACE] [REI] [REIClientPlugin END] Reloading Section: "pre-stage/DisplayRegistryImpl/"
[17:39:13] [REI-ReloadPlugins/TRACE] [REI] [REIClientPlugin END] Reloading Section: "pre-stage/DisplayRegistryImpl/" done in 6.572 μs
[17:39:13] [REI-ReloadPlugins/TRACE] [REI] [REIClientPlugin END] Reloading Section: "pre-stage/ScreenRegistryImpl/"
[17:39:13] [REI-ReloadPlugins/TRACE] [REI] [REIClientPlugin END] Reloading Section: "pre-stage/ScreenRegistryImpl/" done in 11.26 μs
[17:39:13] [REI-ReloadPlugins/TRACE] [REI] [REIClientPlugin END] Reloading Section: "pre-stage/FavoriteEntryTypeRegistryImpl/"
[17:39:13] [REI-ReloadPlugins/TRACE] [REI] [REIClientPlugin END] Reloading Section: "pre-stage/FavoriteEntryTypeRegistryImpl/" done in 6.562 μs
[17:39:13] [REI-ReloadPlugins/TRACE] [REI] [REIClientPlugin END] Reloading Section: "pre-stage/SubsetsRegistryImpl/"
[17:39:13] [REI-ReloadPlugins/TRACE] [REI] [REIClientPlugin END] Reloading Section: "pre-stage/SubsetsRegistryImpl/" done in 6.713 μs
[17:39:13] [REI-ReloadPlugins/TRACE] [REI] [REIClientPlugin END] Reloading Section: "pre-stage/TransferHandlerRegistryImpl/"
[17:39:13] [REI-ReloadPlugins/TRACE] [REI] [REIClientPlugin END] Reloading Section: "pre-stage/TransferHandlerRegistryImpl/" done in 17.26 μs
[17:39:13] [REI-ReloadPlugins/TRACE] [REI] [REIClientPlugin END] Reloading Section: "pre-stage/SearchRuntime/"
[17:39:13] [REI-ReloadPlugins/TRACE] [REI] [REIClientPlugin END] Reloading Section: "pre-stage/SearchRuntime/" done in 11.70 μs
[17:39:13] [REI-ReloadPlugins/TRACE] [REI] [REIClientPlugin END] Reloading Section: "pre-stage/REIRuntimeImpl/"
[17:39:13] [REI-ReloadPlugins/TRACE] [REI] [REIClientPlugin END] Reloading Section: "pre-stage/REIRuntimeImpl/" done in 9.778 μs
[17:39:13] [REI-ReloadPlugins/TRACE] [REI] [REIClientPlugin END] Reloading Section: "pre-stage/ConfigAddonRegistryImpl/"
[17:39:13] [REI-ReloadPlugins/TRACE] [REI] [REIClientPlugin END] Reloading Section: "pre-stage/ConfigAddonRegistryImpl/" done in 15.12 μs
[17:39:13] [REI-ReloadPlugins/TRACE] [REI] [REIClientPlugin END] Reloading Section: "pre-stage/me.shedaniel.rei.plugin.client.runtime.PluginStageExecutionWatcher$1/"
[17:39:13] [REI-ReloadPlugins/TRACE] [REI] [REIClientPlugin END] Reloading Section: "pre-stage/me.shedaniel.rei.plugin.client.runtime.PluginStageExecutionWatcher$1/" done in 12.03 μs
[17:39:13] [REI-ReloadPlugins/TRACE] [REI] [REIClientPlugin END] Reloading Section: "pre-stage/" done in 461.4 μs
[17:39:13] [REI-ReloadPlugins/DEBUG] [REI] ========================================
[17:39:13] [REI-ReloadPlugins/DEBUG] [REI] REIClientPlugin finished pre-reload for END in 663.1 μs.
[17:39:13] [REI-ReloadPlugins/DEBUG] [REI] ========================================
[17:39:13] [REI-ReloadPlugins/DEBUG] [REI] ========================================
[17:39:13] [REI-ReloadPlugins/DEBUG] [REI] REIServerPlugin starting pre-reload for END.
[17:39:13] [REI-ReloadPlugins/DEBUG] [REI] Reloadables (3):
[17:39:13] [REI-ReloadPlugins/DEBUG] [REI]  - MenuInfoRegistryImpl
[17:39:13] [REI-ReloadPlugins/DEBUG] [REI]  - SlotAccessorRegistryImpl
[17:39:13] [REI-ReloadPlugins/DEBUG] [REI]  - me.shedaniel.rei.plugin.client.runtime.PluginStageExecutionWatcher$1
[17:39:13] [REI-ReloadPlugins/DEBUG] [REI] Plugins (5):
[17:39:13] [REI-ReloadPlugins/DEBUG] [REI]  - (-100.00) DefaultPluginImpl of DefaultPluginImpl [roughlyenoughitems]
[17:39:13] [REI-ReloadPlugins/DEBUG] [REI]  - (0.00) StorageReiCommonPlugin of StorageReiCommonPlugin [sophisticatedstorage]
[17:39:13] [REI-ReloadPlugins/DEBUG] [REI]  - (0.00) BackpackReiCommonPlugin of BackpackReiCommonPlugin [sophisticatedbackpacks]
[17:39:13] [REI-ReloadPlugins/DEBUG] [REI]  - (0.00) CoreReiCommonPlugin of CoreReiCommonPlugin [sophisticatedcore]
[17:39:13] [REI-ReloadPlugins/DEBUG] [REI]  - (0.00) DefaultRuntimePlugin of DefaultRuntimePlugin [roughlyenoughitems]
[17:39:13] [REI-ReloadPlugins/DEBUG] [REI] ========================================
[17:39:13] [REI-ReloadPlugins/TRACE] [REI] [REIServerPlugin END] Reloading Section: "pre-register/"
[17:39:13] [REI-ReloadPlugins/TRACE] [REI] [REIServerPlugin END] Reloading Section: "pre-register/DefaultPluginImpl of DefaultPluginImpl [roughlyenoughitems]/"
[17:39:13] [REI-ReloadPlugins/TRACE] [REI] [REIServerPlugin END] Reloading Section: "pre-register/DefaultPluginImpl of DefaultPluginImpl [roughlyenoughitems]/" done in 12.78 μs
[17:39:13] [REI-ReloadPlugins/TRACE] [REI] [REIServerPlugin END] Reloading Section: "pre-register/StorageReiCommonPlugin of StorageReiCommonPlugin [sophisticatedstorage]/"
[17:39:13] [REI-ReloadPlugins/TRACE] [REI] [REIServerPlugin END] Reloading Section: "pre-register/StorageReiCommonPlugin of StorageReiCommonPlugin [sophisticatedstorage]/" done in 15.42 μs
[17:39:13] [REI-ReloadPlugins/TRACE] [REI] [REIServerPlugin END] Reloading Section: "pre-register/BackpackReiCommonPlugin of BackpackReiCommonPlugin [sophisticatedbackpacks]/"
[17:39:13] [REI-ReloadPlugins/TRACE] [REI] [REIServerPlugin END] Reloading Section: "pre-register/BackpackReiCommonPlugin of BackpackReiCommonPlugin [sophisticatedbackpacks]/" done in 10.94 μs
[17:39:13] [REI-ReloadPlugins/TRACE] [REI] [REIServerPlugin END] Reloading Section: "pre-register/CoreReiCommonPlugin of CoreReiCommonPlugin [sophisticatedcore]/"
[17:39:13] [REI-ReloadPlugins/TRACE] [REI] [REIServerPlugin END] Reloading Section: "pre-register/CoreReiCommonPlugin of CoreReiCommonPlugin [sophisticatedcore]/" done in 7.224 μs
[17:39:13] [REI-ReloadPlugins/TRACE] [REI] [REIServerPlugin END] Reloading Section: "pre-register/DefaultRuntimePlugin of DefaultRuntimePlugin [roughlyenoughitems]/"
[17:39:13] [REI-ReloadPlugins/TRACE] [REI] [REIServerPlugin END] Reloading Section: "pre-register/DefaultRuntimePlugin of DefaultRuntimePlugin [roughlyenoughitems]/" done in 6.993 μs
[17:39:13] [REI-ReloadPlugins/TRACE] [REI] [REIServerPlugin END] Reloading Section: "pre-register/" done in 140.8 μs
[17:39:13] [REI-ReloadPlugins/TRACE] [REI] [REIServerPlugin END] Reloading Section: "pre-stage/"
[17:39:13] [REI-ReloadPlugins/TRACE] [REI] [REIServerPlugin END] Reloading Section: "pre-stage/MenuInfoRegistryImpl/"
[17:39:13] [REI-ReloadPlugins/TRACE] [REI] [REIServerPlugin END] Reloading Section: "pre-stage/MenuInfoRegistryImpl/" done in 10.15 μs
[17:39:13] [REI-ReloadPlugins/TRACE] [REI] [REIServerPlugin END] Reloading Section: "pre-stage/SlotAccessorRegistryImpl/"
[17:39:13] [REI-ReloadPlugins/TRACE] [REI] [REIServerPlugin END] Reloading Section: "pre-stage/SlotAccessorRegistryImpl/" done in 7.253 μs
[17:39:13] [REI-ReloadPlugins/TRACE] [REI] [REIServerPlugin END] Reloading Section: "pre-stage/me.shedaniel.rei.plugin.client.runtime.PluginStageExecutionWatcher$1/"
[17:39:13] [REI-ReloadPlugins/TRACE] [REI] [REIServerPlugin END] Reloading Section: "pre-stage/me.shedaniel.rei.plugin.client.runtime.PluginStageExecutionWatcher$1/" done in 7.684 μs
[17:39:13] [REI-ReloadPlugins/TRACE] [REI] [REIServerPlugin END] Reloading Section: "pre-stage/" done in 64.50 μs
[17:39:13] [REI-ReloadPlugins/DEBUG] [REI] ========================================
[17:39:13] [REI-ReloadPlugins/DEBUG] [REI] REIServerPlugin finished pre-reload for END in 222.6 μs.
[17:39:13] [REI-ReloadPlugins/DEBUG] [REI] ========================================
[17:39:13] [REI-ReloadPlugins/INFO] [REI] ~~~~~~~~~~~~~~~~~~~~~~~~~~~~~~~~~~~~~~~~
[17:39:13] [REI-ReloadPlugins/INFO] [REI] REIPlugin starting main-reload for END.
[17:39:13] [REI-ReloadPlugins/DEBUG] [REI] Reloadables (8):
[17:39:13] [REI-ReloadPlugins/DEBUG] [REI]  - EntryTypeRegistryImpl
[17:39:13] [REI-ReloadPlugins/DEBUG] [REI]  - EntrySettingsAdapterRegistryImpl
[17:39:13] [REI-ReloadPlugins/DEBUG] [REI]  - RecipeManagerContextImpl
[17:39:13] [REI-ReloadPlugins/DEBUG] [REI]  - ItemComparatorRegistryImpl
[17:39:13] [REI-ReloadPlugins/DEBUG] [REI]  - FluidComparatorRegistryImpl
[17:39:13] [REI-ReloadPlugins/DEBUG] [REI]  - DisplaySerializerRegistryImpl
[17:39:13] [REI-ReloadPlugins/DEBUG] [REI]  - FluidSupportProviderImpl
[17:39:13] [REI-ReloadPlugins/DEBUG] [REI]  - me.shedaniel.rei.plugin.client.runtime.PluginStageExecutionWatcher$1
[17:39:13] [REI-ReloadPlugins/INFO] [REI] Plugins (14):
[17:39:13] [REI-ReloadPlugins/INFO] [REI]  - (-100.00) DefaultClientPluginImpl of DefaultClientPluginImpl [roughlyenoughitems]
[17:39:13] [REI-ReloadPlugins/INFO] [REI]  - (-100.00) DefaultPluginImpl of DefaultPluginImpl [roughlyenoughitems]
[17:39:13] [REI-ReloadPlugins/INFO] [REI]  - (0.00) HideIngredientsFromTagsPlugin of HideIngredientsFromTagsPlugin [roughlyenoughitems]
[17:39:13] [REI-ReloadPlugins/INFO] [REI]  - (0.00) DefaultClientRuntimePlugin of DefaultClientRuntimePlugin [roughlyenoughitems]
[17:39:13] [REI-ReloadPlugins/INFO] [REI]  - (0.00) DefaultRuntimePlugin of DefaultRuntimePlugin [roughlyenoughitems]
[17:39:13] [REI-ReloadPlugins/INFO] [REI]  - (0.00) REIPlugin of REIPluginLoader [toms_storage]
[17:39:13] [REI-ReloadPlugins/INFO] [REI]  - (0.00) StorageReiClientPlugin of StorageReiClientPlugin [sophisticatedstorage]
[17:39:13] [REI-ReloadPlugins/INFO] [REI]  - (0.00) OwoReiPlugin of OwoReiPlugin [owo]
[17:39:13] [REI-ReloadPlugins/INFO] [REI]  - (0.00) CuriosReiPlugin of CuriosReiPlugin [curios]
[17:39:13] [REI-ReloadPlugins/INFO] [REI]  - (0.00) BackpackReiClientPlugin of BackpackReiClientPlugin [sophisticatedbackpacks]
[17:39:13] [REI-ReloadPlugins/INFO] [REI]  - (0.00) StorageReiCommonPlugin of StorageReiCommonPlugin [sophisticatedstorage]
[17:39:13] [REI-ReloadPlugins/INFO] [REI]  - (0.00) BackpackReiCommonPlugin of BackpackReiCommonPlugin [sophisticatedbackpacks]
[17:39:13] [REI-ReloadPlugins/INFO] [REI]  - (0.00) CoreReiCommonPlugin of CoreReiCommonPlugin [sophisticatedcore]
[17:39:13] [REI-ReloadPlugins/INFO] [REI]  - (10000000.00) KubeJSREIPlugin of KubeJSREIPlugin [kubejs]
[17:39:13] [REI-ReloadPlugins/INFO] [REI] ~~~~~~~~~~~~~~~~~~~~~~~~~~~~~~~~~~~~~~~~
[17:39:13] [REI-ReloadPlugins/TRACE] [REI] [REIPlugin END] Reloading Section: "start-reload/"
[17:39:13] [REI-ReloadPlugins/TRACE] [REI] [REIPlugin END] Reloading Section: "start-reload/EntryTypeRegistryImpl/"
[17:39:13] [REI-ReloadPlugins/TRACE] [REI] [REIPlugin END] Reloading Section: "start-reload/EntryTypeRegistryImpl/" done in 12.71 μs
[17:39:13] [REI-ReloadPlugins/TRACE] [REI] [REIPlugin END] Reloading Section: "start-reload/EntrySettingsAdapterRegistryImpl/"
[17:39:13] [REI-ReloadPlugins/TRACE] [REI] [REIPlugin END] Reloading Section: "start-reload/EntrySettingsAdapterRegistryImpl/" done in 14.40 μs
[17:39:13] [REI-ReloadPlugins/TRACE] [REI] [REIPlugin END] Reloading Section: "start-reload/RecipeManagerContextImpl/"
[17:39:13] [REI-ReloadPlugins/TRACE] [REI] [REIPlugin END] Reloading Section: "start-reload/RecipeManagerContextImpl/" done in 11.68 μs
[17:39:13] [REI-ReloadPlugins/TRACE] [REI] [REIPlugin END] Reloading Section: "start-reload/ItemComparatorRegistryImpl/"
[17:39:13] [REI-ReloadPlugins/TRACE] [REI] [REIPlugin END] Reloading Section: "start-reload/ItemComparatorRegistryImpl/" done in 10.39 μs
[17:39:13] [REI-ReloadPlugins/TRACE] [REI] [REIPlugin END] Reloading Section: "start-reload/FluidComparatorRegistryImpl/"
[17:39:13] [REI-ReloadPlugins/TRACE] [REI] [REIPlugin END] Reloading Section: "start-reload/FluidComparatorRegistryImpl/" done in 9.318 μs
[17:39:13] [REI-ReloadPlugins/TRACE] [REI] [REIPlugin END] Reloading Section: "start-reload/DisplaySerializerRegistryImpl/"
[17:39:13] [REI-ReloadPlugins/TRACE] [REI] [REIPlugin END] Reloading Section: "start-reload/DisplaySerializerRegistryImpl/" done in 12.02 μs
[17:39:13] [REI-ReloadPlugins/TRACE] [REI] [REIPlugin END] Reloading Section: "start-reload/FluidSupportProviderImpl/"
[17:39:13] [REI-ReloadPlugins/TRACE] [REI] [REIPlugin END] Reloading Section: "start-reload/FluidSupportProviderImpl/" done in 10.55 μs
[17:39:13] [REI-ReloadPlugins/TRACE] [REI] [REIPlugin END] Reloading Section: "start-reload/me.shedaniel.rei.plugin.client.runtime.PluginStageExecutionWatcher$1/"
[17:39:13] [REI-ReloadPlugins/TRACE] [REI] [REIPlugin END] Reloading Section: "start-reload/me.shedaniel.rei.plugin.client.runtime.PluginStageExecutionWatcher$1/" done in 10.44 μs
[17:39:13] [REI-ReloadPlugins/TRACE] [REI] [REIPlugin END] Reloading Section: "start-reload/" done in 262.2 μs
[17:39:13] [REI-ReloadPlugins/DEBUG] [REI] ========================================
[17:39:13] [REI-ReloadPlugins/DEBUG] [REI] REIPlugin started main-reload for END.
[17:39:13] [REI-ReloadPlugins/DEBUG] [REI] ========================================
[17:39:13] [REI-ReloadPlugins/TRACE] [REI] [REIPlugin END] Reloading Section: "reloadable-plugin/EntryTypeRegistryImpl/"
[17:39:13] [REI-ReloadPlugins/TRACE] [REI] [REIPlugin END] Reloading Section: "reloadable-plugin/EntryTypeRegistryImpl/DefaultClientPluginImpl of DefaultClientPluginImpl [roughlyenoughitems]/"
[17:39:13] [REI-ReloadPlugins/TRACE] [REI] [REIPlugin END] Reloading Section: "reloadable-plugin/EntryTypeRegistryImpl/DefaultClientPluginImpl of DefaultClientPluginImpl [roughlyenoughitems]/" done in 20.69 μs
[17:39:13] [REI-ReloadPlugins/TRACE] [REI] [REIPlugin END] Reloading Section: "reloadable-plugin/EntryTypeRegistryImpl/DefaultPluginImpl of DefaultPluginImpl [roughlyenoughitems]/"
[17:39:13] [REI-ReloadPlugins/TRACE] [REI] [REIPlugin END] Reloading Section: "reloadable-plugin/EntryTypeRegistryImpl/DefaultPluginImpl of DefaultPluginImpl [roughlyenoughitems]/" done in 15.29 μs
[17:39:13] [REI-ReloadPlugins/TRACE] [REI] [REIPlugin END] Reloading Section: "reloadable-plugin/EntryTypeRegistryImpl/HideIngredientsFromTagsPlugin of HideIngredientsFromTagsPlugin [roughlyenoughitems]/"
[17:39:13] [REI-ReloadPlugins/TRACE] [REI] [REIPlugin END] Reloading Section: "reloadable-plugin/EntryTypeRegistryImpl/HideIngredientsFromTagsPlugin of HideIngredientsFromTagsPlugin [roughlyenoughitems]/" done in 11.69 μs
[17:39:13] [REI-ReloadPlugins/TRACE] [REI] [REIPlugin END] Reloading Section: "reloadable-plugin/EntryTypeRegistryImpl/DefaultClientRuntimePlugin of DefaultClientRuntimePlugin [roughlyenoughitems]/"
[17:39:13] [REI-ReloadPlugins/TRACE] [REI] [REIPlugin END] Reloading Section: "reloadable-plugin/EntryTypeRegistryImpl/DefaultClientRuntimePlugin of DefaultClientRuntimePlugin [roughlyenoughitems]/" done in 10.86 μs
[17:39:13] [REI-ReloadPlugins/TRACE] [REI] [REIPlugin END] Reloading Section: "reloadable-plugin/EntryTypeRegistryImpl/DefaultRuntimePlugin of DefaultRuntimePlugin [roughlyenoughitems]/"
[17:39:13] [REI-ReloadPlugins/TRACE] [REI] [REIPlugin END] Reloading Section: "reloadable-plugin/EntryTypeRegistryImpl/DefaultRuntimePlugin of DefaultRuntimePlugin [roughlyenoughitems]/" done in 10.43 μs
[17:39:13] [REI-ReloadPlugins/TRACE] [REI] [REIPlugin END] Reloading Section: "reloadable-plugin/EntryTypeRegistryImpl/REIPlugin of REIPluginLoader [toms_storage]/"
[17:39:13] [REI-ReloadPlugins/TRACE] [REI] [REIPlugin END] Reloading Section: "reloadable-plugin/EntryTypeRegistryImpl/REIPlugin of REIPluginLoader [toms_storage]/" done in 12.48 μs
[17:39:13] [REI-ReloadPlugins/TRACE] [REI] [REIPlugin END] Reloading Section: "reloadable-plugin/EntryTypeRegistryImpl/StorageReiClientPlugin of StorageReiClientPlugin [sophisticatedstorage]/"
[17:39:13] [REI-ReloadPlugins/TRACE] [REI] [REIPlugin END] Reloading Section: "reloadable-plugin/EntryTypeRegistryImpl/StorageReiClientPlugin of StorageReiClientPlugin [sophisticatedstorage]/" done in 9.798 μs
[17:39:13] [REI-ReloadPlugins/TRACE] [REI] [REIPlugin END] Reloading Section: "reloadable-plugin/EntryTypeRegistryImpl/OwoReiPlugin of OwoReiPlugin [owo]/"
[17:39:13] [REI-ReloadPlugins/TRACE] [REI] [REIPlugin END] Reloading Section: "reloadable-plugin/EntryTypeRegistryImpl/OwoReiPlugin of OwoReiPlugin [owo]/" done in 10.79 μs
[17:39:13] [REI-ReloadPlugins/TRACE] [REI] [REIPlugin END] Reloading Section: "reloadable-plugin/EntryTypeRegistryImpl/CuriosReiPlugin of CuriosReiPlugin [curios]/"
[17:39:13] [REI-ReloadPlugins/TRACE] [REI] [REIPlugin END] Reloading Section: "reloadable-plugin/EntryTypeRegistryImpl/CuriosReiPlugin of CuriosReiPlugin [curios]/" done in 10.37 μs
[17:39:13] [REI-ReloadPlugins/TRACE] [REI] [REIPlugin END] Reloading Section: "reloadable-plugin/EntryTypeRegistryImpl/BackpackReiClientPlugin of BackpackReiClientPlugin [sophisticatedbackpacks]/"
[17:39:13] [REI-ReloadPlugins/TRACE] [REI] [REIPlugin END] Reloading Section: "reloadable-plugin/EntryTypeRegistryImpl/BackpackReiClientPlugin of BackpackReiClientPlugin [sophisticatedbackpacks]/" done in 20.41 μs
[17:39:13] [REI-ReloadPlugins/TRACE] [REI] [REIPlugin END] Reloading Section: "reloadable-plugin/EntryTypeRegistryImpl/StorageReiCommonPlugin of StorageReiCommonPlugin [sophisticatedstorage]/"
[17:39:13] [REI-ReloadPlugins/TRACE] [REI] [REIPlugin END] Reloading Section: "reloadable-plugin/EntryTypeRegistryImpl/StorageReiCommonPlugin of StorageReiCommonPlugin [sophisticatedstorage]/" done in 18.47 μs
[17:39:13] [REI-ReloadPlugins/TRACE] [REI] [REIPlugin END] Reloading Section: "reloadable-plugin/EntryTypeRegistryImpl/BackpackReiCommonPlugin of BackpackReiCommonPlugin [sophisticatedbackpacks]/"
[17:39:13] [REI-ReloadPlugins/TRACE] [REI] [REIPlugin END] Reloading Section: "reloadable-plugin/EntryTypeRegistryImpl/BackpackReiCommonPlugin of BackpackReiCommonPlugin [sophisticatedbackpacks]/" done in 12.59 μs
[17:39:13] [REI-ReloadPlugins/TRACE] [REI] [REIPlugin END] Reloading Section: "reloadable-plugin/EntryTypeRegistryImpl/CoreReiCommonPlugin of CoreReiCommonPlugin [sophisticatedcore]/"
[17:39:13] [REI-ReloadPlugins/TRACE] [REI] [REIPlugin END] Reloading Section: "reloadable-plugin/EntryTypeRegistryImpl/CoreReiCommonPlugin of CoreReiCommonPlugin [sophisticatedcore]/" done in 11.77 μs
[17:39:13] [REI-ReloadPlugins/TRACE] [REI] [REIPlugin END] Reloading Section: "reloadable-plugin/EntryTypeRegistryImpl/KubeJSREIPlugin of KubeJSREIPlugin [kubejs]/"
[17:39:13] [REI-ReloadPlugins/TRACE] [REI] [REIPlugin END] Reloading Section: "reloadable-plugin/EntryTypeRegistryImpl/KubeJSREIPlugin of KubeJSREIPlugin [kubejs]/" done in 18.44 μs
[17:39:13] [REI-ReloadPlugins/TRACE] [REI] [REIPlugin END] Reloading Section: "reloadable-plugin/EntryTypeRegistryImpl/" done in 467.0 μs
[17:39:13] [REI-ReloadPlugins/TRACE] [REI] [REIPlugin END] Reloading Section: "reloadable-plugin/EntrySettingsAdapterRegistryImpl/"
[17:39:13] [REI-ReloadPlugins/TRACE] [REI] [REIPlugin END] Reloading Section: "reloadable-plugin/EntrySettingsAdapterRegistryImpl/DefaultClientPluginImpl of DefaultClientPluginImpl [roughlyenoughitems]/"
[17:39:13] [REI-ReloadPlugins/TRACE] [REI] [REIPlugin END] Reloading Section: "reloadable-plugin/EntrySettingsAdapterRegistryImpl/DefaultClientPluginImpl of DefaultClientPluginImpl [roughlyenoughitems]/" done in 18.85 μs
[17:39:13] [REI-ReloadPlugins/TRACE] [REI] [REIPlugin END] Reloading Section: "reloadable-plugin/EntrySettingsAdapterRegistryImpl/DefaultPluginImpl of DefaultPluginImpl [roughlyenoughitems]/"
[17:39:13] [REI-ReloadPlugins/TRACE] [REI] [REIPlugin END] Reloading Section: "reloadable-plugin/EntrySettingsAdapterRegistryImpl/DefaultPluginImpl of DefaultPluginImpl [roughlyenoughitems]/" done in 11.00 μs
[17:39:13] [REI-ReloadPlugins/TRACE] [REI] [REIPlugin END] Reloading Section: "reloadable-plugin/EntrySettingsAdapterRegistryImpl/HideIngredientsFromTagsPlugin of HideIngredientsFromTagsPlugin [roughlyenoughitems]/"
[17:39:13] [REI-ReloadPlugins/TRACE] [REI] [REIPlugin END] Reloading Section: "reloadable-plugin/EntrySettingsAdapterRegistryImpl/HideIngredientsFromTagsPlugin of HideIngredientsFromTagsPlugin [roughlyenoughitems]/" done in 10.47 μs
[17:39:13] [REI-ReloadPlugins/TRACE] [REI] [REIPlugin END] Reloading Section: "reloadable-plugin/EntrySettingsAdapterRegistryImpl/DefaultClientRuntimePlugin of DefaultClientRuntimePlugin [roughlyenoughitems]/"
[17:39:13] [REI-ReloadPlugins/TRACE] [REI] [REIPlugin END] Reloading Section: "reloadable-plugin/EntrySettingsAdapterRegistryImpl/DefaultClientRuntimePlugin of DefaultClientRuntimePlugin [roughlyenoughitems]/" done in 10.96 μs
[17:39:13] [REI-ReloadPlugins/TRACE] [REI] [REIPlugin END] Reloading Section: "reloadable-plugin/EntrySettingsAdapterRegistryImpl/DefaultRuntimePlugin of DefaultRuntimePlugin [roughlyenoughitems]/"
[17:39:13] [REI-ReloadPlugins/TRACE] [REI] [REIPlugin END] Reloading Section: "reloadable-plugin/EntrySettingsAdapterRegistryImpl/DefaultRuntimePlugin of DefaultRuntimePlugin [roughlyenoughitems]/" done in 9.518 μs
[17:39:13] [REI-ReloadPlugins/TRACE] [REI] [REIPlugin END] Reloading Section: "reloadable-plugin/EntrySettingsAdapterRegistryImpl/REIPlugin of REIPluginLoader [toms_storage]/"
[17:39:13] [REI-ReloadPlugins/TRACE] [REI] [REIPlugin END] Reloading Section: "reloadable-plugin/EntrySettingsAdapterRegistryImpl/REIPlugin of REIPluginLoader [toms_storage]/" done in 10.30 μs
[17:39:13] [REI-ReloadPlugins/TRACE] [REI] [REIPlugin END] Reloading Section: "reloadable-plugin/EntrySettingsAdapterRegistryImpl/StorageReiClientPlugin of StorageReiClientPlugin [sophisticatedstorage]/"
[17:39:13] [REI-ReloadPlugins/TRACE] [REI] [REIPlugin END] Reloading Section: "reloadable-plugin/EntrySettingsAdapterRegistryImpl/StorageReiClientPlugin of StorageReiClientPlugin [sophisticatedstorage]/" done in 12.18 μs
[17:39:13] [REI-ReloadPlugins/TRACE] [REI] [REIPlugin END] Reloading Section: "reloadable-plugin/EntrySettingsAdapterRegistryImpl/OwoReiPlugin of OwoReiPlugin [owo]/"
[17:39:13] [REI-ReloadPlugins/TRACE] [REI] [REIPlugin END] Reloading Section: "reloadable-plugin/EntrySettingsAdapterRegistryImpl/OwoReiPlugin of OwoReiPlugin [owo]/" done in 8.736 μs
[17:39:13] [REI-ReloadPlugins/TRACE] [REI] [REIPlugin END] Reloading Section: "reloadable-plugin/EntrySettingsAdapterRegistryImpl/CuriosReiPlugin of CuriosReiPlugin [curios]/"
[17:39:13] [REI-ReloadPlugins/TRACE] [REI] [REIPlugin END] Reloading Section: "reloadable-plugin/EntrySettingsAdapterRegistryImpl/CuriosReiPlugin of CuriosReiPlugin [curios]/" done in 8.726 μs
[17:39:13] [REI-ReloadPlugins/TRACE] [REI] [REIPlugin END] Reloading Section: "reloadable-plugin/EntrySettingsAdapterRegistryImpl/BackpackReiClientPlugin of BackpackReiClientPlugin [sophisticatedbackpacks]/"
[17:39:13] [REI-ReloadPlugins/TRACE] [REI] [REIPlugin END] Reloading Section: "reloadable-plugin/EntrySettingsAdapterRegistryImpl/BackpackReiClientPlugin of BackpackReiClientPlugin [sophisticatedbackpacks]/" done in 8.526 μs
[17:39:13] [REI-ReloadPlugins/TRACE] [REI] [REIPlugin END] Reloading Section: "reloadable-plugin/EntrySettingsAdapterRegistryImpl/StorageReiCommonPlugin of StorageReiCommonPlugin [sophisticatedstorage]/"
[17:39:13] [REI-ReloadPlugins/TRACE] [REI] [REIPlugin END] Reloading Section: "reloadable-plugin/EntrySettingsAdapterRegistryImpl/StorageReiCommonPlugin of StorageReiCommonPlugin [sophisticatedstorage]/" done in 8.626 μs
[17:39:13] [REI-ReloadPlugins/TRACE] [REI] [REIPlugin END] Reloading Section: "reloadable-plugin/EntrySettingsAdapterRegistryImpl/BackpackReiCommonPlugin of BackpackReiCommonPlugin [sophisticatedbackpacks]/"
[17:39:13] [REI-ReloadPlugins/TRACE] [REI] [REIPlugin END] Reloading Section: "reloadable-plugin/EntrySettingsAdapterRegistryImpl/BackpackReiCommonPlugin of BackpackReiCommonPlugin [sophisticatedbackpacks]/" done in 9.238 μs
[17:39:13] [REI-ReloadPlugins/TRACE] [REI] [REIPlugin END] Reloading Section: "reloadable-plugin/EntrySettingsAdapterRegistryImpl/CoreReiCommonPlugin of CoreReiCommonPlugin [sophisticatedcore]/"
[17:39:13] [REI-ReloadPlugins/TRACE] [REI] [REIPlugin END] Reloading Section: "reloadable-plugin/EntrySettingsAdapterRegistryImpl/CoreReiCommonPlugin of CoreReiCommonPlugin [sophisticatedcore]/" done in 9.869 μs
[17:39:13] [REI-ReloadPlugins/TRACE] [REI] [REIPlugin END] Reloading Section: "reloadable-plugin/EntrySettingsAdapterRegistryImpl/KubeJSREIPlugin of KubeJSREIPlugin [kubejs]/"
[17:39:13] [REI-ReloadPlugins/TRACE] [REI] [REIPlugin END] Reloading Section: "reloadable-plugin/EntrySettingsAdapterRegistryImpl/KubeJSREIPlugin of KubeJSREIPlugin [kubejs]/" done in 10.20 μs
[17:39:13] [REI-ReloadPlugins/TRACE] [REI] [REIPlugin END] Reloading Section: "reloadable-plugin/EntrySettingsAdapterRegistryImpl/" done in 360.5 μs
[17:39:13] [REI-ReloadPlugins/TRACE] [REI] [REIPlugin END] Reloading Section: "reloadable-plugin/RecipeManagerContextImpl/"
[17:39:13] [REI-ReloadPlugins/TRACE] [REI] [REIPlugin END] Reloading Section: "reloadable-plugin/RecipeManagerContextImpl/DefaultClientPluginImpl of DefaultClientPluginImpl [roughlyenoughitems]/"
[17:39:13] [REI-ReloadPlugins/TRACE] [REI] [REIPlugin END] Reloading Section: "reloadable-plugin/RecipeManagerContextImpl/DefaultClientPluginImpl of DefaultClientPluginImpl [roughlyenoughitems]/" done in 10.18 μs
[17:39:13] [REI-ReloadPlugins/TRACE] [REI] [REIPlugin END] Reloading Section: "reloadable-plugin/RecipeManagerContextImpl/DefaultPluginImpl of DefaultPluginImpl [roughlyenoughitems]/"
[17:39:13] [REI-ReloadPlugins/TRACE] [REI] [REIPlugin END] Reloading Section: "reloadable-plugin/RecipeManagerContextImpl/DefaultPluginImpl of DefaultPluginImpl [roughlyenoughitems]/" done in 24.38 μs
[17:39:13] [REI-ReloadPlugins/TRACE] [REI] [REIPlugin END] Reloading Section: "reloadable-plugin/RecipeManagerContextImpl/HideIngredientsFromTagsPlugin of HideIngredientsFromTagsPlugin [roughlyenoughitems]/"
[17:39:13] [REI-ReloadPlugins/TRACE] [REI] [REIPlugin END] Reloading Section: "reloadable-plugin/RecipeManagerContextImpl/HideIngredientsFromTagsPlugin of HideIngredientsFromTagsPlugin [roughlyenoughitems]/" done in 17.42 μs
[17:39:13] [REI-ReloadPlugins/TRACE] [REI] [REIPlugin END] Reloading Section: "reloadable-plugin/RecipeManagerContextImpl/DefaultClientRuntimePlugin of DefaultClientRuntimePlugin [roughlyenoughitems]/"
[17:39:13] [REI-ReloadPlugins/TRACE] [REI] [REIPlugin END] Reloading Section: "reloadable-plugin/RecipeManagerContextImpl/DefaultClientRuntimePlugin of DefaultClientRuntimePlugin [roughlyenoughitems]/" done in 12.28 μs
[17:39:13] [REI-ReloadPlugins/TRACE] [REI] [REIPlugin END] Reloading Section: "reloadable-plugin/RecipeManagerContextImpl/DefaultRuntimePlugin of DefaultRuntimePlugin [roughlyenoughitems]/"
[17:39:13] [REI-ReloadPlugins/TRACE] [REI] [REIPlugin END] Reloading Section: "reloadable-plugin/RecipeManagerContextImpl/DefaultRuntimePlugin of DefaultRuntimePlugin [roughlyenoughitems]/" done in 10.80 μs
[17:39:13] [REI-ReloadPlugins/TRACE] [REI] [REIPlugin END] Reloading Section: "reloadable-plugin/RecipeManagerContextImpl/REIPlugin of REIPluginLoader [toms_storage]/"
[17:39:13] [REI-ReloadPlugins/TRACE] [REI] [REIPlugin END] Reloading Section: "reloadable-plugin/RecipeManagerContextImpl/REIPlugin of REIPluginLoader [toms_storage]/" done in 12.20 μs
[17:39:13] [REI-ReloadPlugins/TRACE] [REI] [REIPlugin END] Reloading Section: "reloadable-plugin/RecipeManagerContextImpl/StorageReiClientPlugin of StorageReiClientPlugin [sophisticatedstorage]/"
[17:39:13] [REI-ReloadPlugins/TRACE] [REI] [REIPlugin END] Reloading Section: "reloadable-plugin/RecipeManagerContextImpl/StorageReiClientPlugin of StorageReiClientPlugin [sophisticatedstorage]/" done in 10.89 μs
[17:39:13] [REI-ReloadPlugins/TRACE] [REI] [REIPlugin END] Reloading Section: "reloadable-plugin/RecipeManagerContextImpl/OwoReiPlugin of OwoReiPlugin [owo]/"
[17:39:13] [REI-ReloadPlugins/TRACE] [REI] [REIPlugin END] Reloading Section: "reloadable-plugin/RecipeManagerContextImpl/OwoReiPlugin of OwoReiPlugin [owo]/" done in 11.08 μs
[17:39:13] [REI-ReloadPlugins/TRACE] [REI] [REIPlugin END] Reloading Section: "reloadable-plugin/RecipeManagerContextImpl/CuriosReiPlugin of CuriosReiPlugin [curios]/"
[17:39:13] [REI-ReloadPlugins/TRACE] [REI] [REIPlugin END] Reloading Section: "reloadable-plugin/RecipeManagerContextImpl/CuriosReiPlugin of CuriosReiPlugin [curios]/" done in 70.84 μs
[17:39:13] [REI-ReloadPlugins/TRACE] [REI] [REIPlugin END] Reloading Section: "reloadable-plugin/RecipeManagerContextImpl/BackpackReiClientPlugin of BackpackReiClientPlugin [sophisticatedbackpacks]/"
[17:39:13] [REI-ReloadPlugins/TRACE] [REI] [REIPlugin END] Reloading Section: "reloadable-plugin/RecipeManagerContextImpl/BackpackReiClientPlugin of BackpackReiClientPlugin [sophisticatedbackpacks]/" done in 11.83 μs
[17:39:13] [REI-ReloadPlugins/TRACE] [REI] [REIPlugin END] Reloading Section: "reloadable-plugin/RecipeManagerContextImpl/StorageReiCommonPlugin of StorageReiCommonPlugin [sophisticatedstorage]/"
[17:39:13] [REI-ReloadPlugins/TRACE] [REI] [REIPlugin END] Reloading Section: "reloadable-plugin/RecipeManagerContextImpl/StorageReiCommonPlugin of StorageReiCommonPlugin [sophisticatedstorage]/" done in 13.32 μs
[17:39:13] [REI-ReloadPlugins/TRACE] [REI] [REIPlugin END] Reloading Section: "reloadable-plugin/RecipeManagerContextImpl/BackpackReiCommonPlugin of BackpackReiCommonPlugin [sophisticatedbackpacks]/"
[17:39:13] [REI-ReloadPlugins/TRACE] [REI] [REIPlugin END] Reloading Section: "reloadable-plugin/RecipeManagerContextImpl/BackpackReiCommonPlugin of BackpackReiCommonPlugin [sophisticatedbackpacks]/" done in 10.72 μs
[17:39:13] [REI-ReloadPlugins/TRACE] [REI] [REIPlugin END] Reloading Section: "reloadable-plugin/RecipeManagerContextImpl/CoreReiCommonPlugin of CoreReiCommonPlugin [sophisticatedcore]/"
[17:39:13] [REI-ReloadPlugins/TRACE] [REI] [REIPlugin END] Reloading Section: "reloadable-plugin/RecipeManagerContextImpl/CoreReiCommonPlugin of CoreReiCommonPlugin [sophisticatedcore]/" done in 14.34 μs
[17:39:13] [REI-ReloadPlugins/TRACE] [REI] [REIPlugin END] Reloading Section: "reloadable-plugin/RecipeManagerContextImpl/KubeJSREIPlugin of KubeJSREIPlugin [kubejs]/"
[17:39:13] [REI-ReloadPlugins/TRACE] [REI] [REIPlugin END] Reloading Section: "reloadable-plugin/RecipeManagerContextImpl/KubeJSREIPlugin of KubeJSREIPlugin [kubejs]/" done in 12.20 μs
[17:39:13] [REI-ReloadPlugins/TRACE] [REI] [REIPlugin END] Reloading Section: "reloadable-plugin/RecipeManagerContextImpl/" done in 513.4 μs
[17:39:13] [REI-ReloadPlugins/TRACE] [REI] [REIPlugin END] Reloading Section: "reloadable-plugin/ItemComparatorRegistryImpl/"
[17:39:13] [REI-ReloadPlugins/TRACE] [REI] [REIPlugin END] Reloading Section: "reloadable-plugin/ItemComparatorRegistryImpl/DefaultClientPluginImpl of DefaultClientPluginImpl [roughlyenoughitems]/"
[17:39:13] [REI-ReloadPlugins/TRACE] [REI] [REIPlugin END] Reloading Section: "reloadable-plugin/ItemComparatorRegistryImpl/DefaultClientPluginImpl of DefaultClientPluginImpl [roughlyenoughitems]/" done in 12.48 μs
[17:39:13] [REI-ReloadPlugins/TRACE] [REI] [REIPlugin END] Reloading Section: "reloadable-plugin/ItemComparatorRegistryImpl/DefaultPluginImpl of DefaultPluginImpl [roughlyenoughitems]/"
[17:39:13] [REI-ReloadPlugins/TRACE] [REI] [REIPlugin END] Reloading Section: "reloadable-plugin/ItemComparatorRegistryImpl/DefaultPluginImpl of DefaultPluginImpl [roughlyenoughitems]/" done in 11.16 μs
[17:39:13] [REI-ReloadPlugins/TRACE] [REI] [REIPlugin END] Reloading Section: "reloadable-plugin/ItemComparatorRegistryImpl/HideIngredientsFromTagsPlugin of HideIngredientsFromTagsPlugin [roughlyenoughitems]/"
[17:39:13] [REI-ReloadPlugins/TRACE] [REI] [REIPlugin END] Reloading Section: "reloadable-plugin/ItemComparatorRegistryImpl/HideIngredientsFromTagsPlugin of HideIngredientsFromTagsPlugin [roughlyenoughitems]/" done in 10.52 μs
[17:39:13] [REI-ReloadPlugins/TRACE] [REI] [REIPlugin END] Reloading Section: "reloadable-plugin/ItemComparatorRegistryImpl/DefaultClientRuntimePlugin of DefaultClientRuntimePlugin [roughlyenoughitems]/"
[17:39:13] [REI-ReloadPlugins/TRACE] [REI] [REIPlugin END] Reloading Section: "reloadable-plugin/ItemComparatorRegistryImpl/DefaultClientRuntimePlugin of DefaultClientRuntimePlugin [roughlyenoughitems]/" done in 10.54 μs
[17:39:13] [REI-ReloadPlugins/TRACE] [REI] [REIPlugin END] Reloading Section: "reloadable-plugin/ItemComparatorRegistryImpl/DefaultRuntimePlugin of DefaultRuntimePlugin [roughlyenoughitems]/"
[17:39:13] [REI-ReloadPlugins/TRACE] [REI] [REIPlugin END] Reloading Section: "reloadable-plugin/ItemComparatorRegistryImpl/DefaultRuntimePlugin of DefaultRuntimePlugin [roughlyenoughitems]/" done in 10.66 μs
[17:39:13] [REI-ReloadPlugins/TRACE] [REI] [REIPlugin END] Reloading Section: "reloadable-plugin/ItemComparatorRegistryImpl/REIPlugin of REIPluginLoader [toms_storage]/"
[17:39:13] [REI-ReloadPlugins/TRACE] [REI] [REIPlugin END] Reloading Section: "reloadable-plugin/ItemComparatorRegistryImpl/REIPlugin of REIPluginLoader [toms_storage]/" done in 13.72 μs
[17:39:13] [REI-ReloadPlugins/TRACE] [REI] [REIPlugin END] Reloading Section: "reloadable-plugin/ItemComparatorRegistryImpl/StorageReiClientPlugin of StorageReiClientPlugin [sophisticatedstorage]/"
[17:39:13] [REI-ReloadPlugins/TRACE] [REI] [REIPlugin END] Reloading Section: "reloadable-plugin/ItemComparatorRegistryImpl/StorageReiClientPlugin of StorageReiClientPlugin [sophisticatedstorage]/" done in 10.32 μs
[17:39:13] [REI-ReloadPlugins/TRACE] [REI] [REIPlugin END] Reloading Section: "reloadable-plugin/ItemComparatorRegistryImpl/OwoReiPlugin of OwoReiPlugin [owo]/"
[17:39:13] [REI-ReloadPlugins/TRACE] [REI] [REIPlugin END] Reloading Section: "reloadable-plugin/ItemComparatorRegistryImpl/OwoReiPlugin of OwoReiPlugin [owo]/" done in 15.36 μs
[17:39:13] [REI-ReloadPlugins/TRACE] [REI] [REIPlugin END] Reloading Section: "reloadable-plugin/ItemComparatorRegistryImpl/CuriosReiPlugin of CuriosReiPlugin [curios]/"
[17:39:13] [REI-ReloadPlugins/TRACE] [REI] [REIPlugin END] Reloading Section: "reloadable-plugin/ItemComparatorRegistryImpl/CuriosReiPlugin of CuriosReiPlugin [curios]/" done in 12.93 μs
[17:39:13] [REI-ReloadPlugins/TRACE] [REI] [REIPlugin END] Reloading Section: "reloadable-plugin/ItemComparatorRegistryImpl/BackpackReiClientPlugin of BackpackReiClientPlugin [sophisticatedbackpacks]/"
[17:39:13] [REI-ReloadPlugins/TRACE] [REI] [REIPlugin END] Reloading Section: "reloadable-plugin/ItemComparatorRegistryImpl/BackpackReiClientPlugin of BackpackReiClientPlugin [sophisticatedbackpacks]/" done in 10.65 μs
[17:39:13] [REI-ReloadPlugins/TRACE] [REI] [REIPlugin END] Reloading Section: "reloadable-plugin/ItemComparatorRegistryImpl/StorageReiCommonPlugin of StorageReiCommonPlugin [sophisticatedstorage]/"
[17:39:13] [REI-ReloadPlugins/TRACE] [REI] [REIPlugin END] Reloading Section: "reloadable-plugin/ItemComparatorRegistryImpl/StorageReiCommonPlugin of StorageReiCommonPlugin [sophisticatedstorage]/" done in 10.05 μs
[17:39:13] [REI-ReloadPlugins/TRACE] [REI] [REIPlugin END] Reloading Section: "reloadable-plugin/ItemComparatorRegistryImpl/BackpackReiCommonPlugin of BackpackReiCommonPlugin [sophisticatedbackpacks]/"
[17:39:13] [REI-ReloadPlugins/TRACE] [REI] [REIPlugin END] Reloading Section: "reloadable-plugin/ItemComparatorRegistryImpl/BackpackReiCommonPlugin of BackpackReiCommonPlugin [sophisticatedbackpacks]/" done in 10.46 μs
[17:39:13] [REI-ReloadPlugins/TRACE] [REI] [REIPlugin END] Reloading Section: "reloadable-plugin/ItemComparatorRegistryImpl/CoreReiCommonPlugin of CoreReiCommonPlugin [sophisticatedcore]/"
[17:39:13] [REI-ReloadPlugins/TRACE] [REI] [REIPlugin END] Reloading Section: "reloadable-plugin/ItemComparatorRegistryImpl/CoreReiCommonPlugin of CoreReiCommonPlugin [sophisticatedcore]/" done in 15.00 μs
[17:39:13] [REI-ReloadPlugins/TRACE] [REI] [REIPlugin END] Reloading Section: "reloadable-plugin/ItemComparatorRegistryImpl/KubeJSREIPlugin of KubeJSREIPlugin [kubejs]/"
[17:39:13] [REI-ReloadPlugins/TRACE] [REI] [REIPlugin END] Reloading Section: "reloadable-plugin/ItemComparatorRegistryImpl/KubeJSREIPlugin of KubeJSREIPlugin [kubejs]/" done in 9.898 μs
[17:39:13] [REI-ReloadPlugins/TRACE] [REI] [REIPlugin END] Reloading Section: "reloadable-plugin/ItemComparatorRegistryImpl/" done in 402.3 μs
[17:39:13] [REI-ReloadPlugins/TRACE] [REI] [REIPlugin END] Reloading Section: "reloadable-plugin/FluidComparatorRegistryImpl/"
[17:39:13] [REI-ReloadPlugins/TRACE] [REI] [REIPlugin END] Reloading Section: "reloadable-plugin/FluidComparatorRegistryImpl/DefaultClientPluginImpl of DefaultClientPluginImpl [roughlyenoughitems]/"
[17:39:13] [REI-ReloadPlugins/TRACE] [REI] [REIPlugin END] Reloading Section: "reloadable-plugin/FluidComparatorRegistryImpl/DefaultClientPluginImpl of DefaultClientPluginImpl [roughlyenoughitems]/" done in 10.78 μs
[17:39:13] [REI-ReloadPlugins/TRACE] [REI] [REIPlugin END] Reloading Section: "reloadable-plugin/FluidComparatorRegistryImpl/DefaultPluginImpl of DefaultPluginImpl [roughlyenoughitems]/"
[17:39:13] [REI-ReloadPlugins/TRACE] [REI] [REIPlugin END] Reloading Section: "reloadable-plugin/FluidComparatorRegistryImpl/DefaultPluginImpl of DefaultPluginImpl [roughlyenoughitems]/" done in 11.20 μs
[17:39:13] [REI-ReloadPlugins/TRACE] [REI] [REIPlugin END] Reloading Section: "reloadable-plugin/FluidComparatorRegistryImpl/HideIngredientsFromTagsPlugin of HideIngredientsFromTagsPlugin [roughlyenoughitems]/"
[17:39:13] [REI-ReloadPlugins/TRACE] [REI] [REIPlugin END] Reloading Section: "reloadable-plugin/FluidComparatorRegistryImpl/HideIngredientsFromTagsPlugin of HideIngredientsFromTagsPlugin [roughlyenoughitems]/" done in 11.09 μs
[17:39:13] [REI-ReloadPlugins/TRACE] [REI] [REIPlugin END] Reloading Section: "reloadable-plugin/FluidComparatorRegistryImpl/DefaultClientRuntimePlugin of DefaultClientRuntimePlugin [roughlyenoughitems]/"
[17:39:13] [REI-ReloadPlugins/TRACE] [REI] [REIPlugin END] Reloading Section: "reloadable-plugin/FluidComparatorRegistryImpl/DefaultClientRuntimePlugin of DefaultClientRuntimePlugin [roughlyenoughitems]/" done in 15.86 μs
[17:39:13] [REI-ReloadPlugins/TRACE] [REI] [REIPlugin END] Reloading Section: "reloadable-plugin/FluidComparatorRegistryImpl/DefaultRuntimePlugin of DefaultRuntimePlugin [roughlyenoughitems]/"
[17:39:13] [REI-ReloadPlugins/TRACE] [REI] [REIPlugin END] Reloading Section: "reloadable-plugin/FluidComparatorRegistryImpl/DefaultRuntimePlugin of DefaultRuntimePlugin [roughlyenoughitems]/" done in 37.98 μs
[17:39:13] [REI-ReloadPlugins/TRACE] [REI] [REIPlugin END] Reloading Section: "reloadable-plugin/FluidComparatorRegistryImpl/REIPlugin of REIPluginLoader [toms_storage]/"
[17:39:13] [REI-ReloadPlugins/TRACE] [REI] [REIPlugin END] Reloading Section: "reloadable-plugin/FluidComparatorRegistryImpl/REIPlugin of REIPluginLoader [toms_storage]/" done in 12.08 μs
[17:39:13] [REI-ReloadPlugins/TRACE] [REI] [REIPlugin END] Reloading Section: "reloadable-plugin/FluidComparatorRegistryImpl/StorageReiClientPlugin of StorageReiClientPlugin [sophisticatedstorage]/"
[17:39:13] [REI-ReloadPlugins/TRACE] [REI] [REIPlugin END] Reloading Section: "reloadable-plugin/FluidComparatorRegistryImpl/StorageReiClientPlugin of StorageReiClientPlugin [sophisticatedstorage]/" done in 9.838 μs
[17:39:13] [REI-ReloadPlugins/TRACE] [REI] [REIPlugin END] Reloading Section: "reloadable-plugin/FluidComparatorRegistryImpl/OwoReiPlugin of OwoReiPlugin [owo]/"
[17:39:13] [REI-ReloadPlugins/TRACE] [REI] [REIPlugin END] Reloading Section: "reloadable-plugin/FluidComparatorRegistryImpl/OwoReiPlugin of OwoReiPlugin [owo]/" done in 8.806 μs
[17:39:13] [REI-ReloadPlugins/TRACE] [REI] [REIPlugin END] Reloading Section: "reloadable-plugin/FluidComparatorRegistryImpl/CuriosReiPlugin of CuriosReiPlugin [curios]/"
[17:39:13] [REI-ReloadPlugins/TRACE] [REI] [REIPlugin END] Reloading Section: "reloadable-plugin/FluidComparatorRegistryImpl/CuriosReiPlugin of CuriosReiPlugin [curios]/" done in 9.938 μs
[17:39:13] [REI-ReloadPlugins/TRACE] [REI] [REIPlugin END] Reloading Section: "reloadable-plugin/FluidComparatorRegistryImpl/BackpackReiClientPlugin of BackpackReiClientPlugin [sophisticatedbackpacks]/"
[17:39:13] [REI-ReloadPlugins/TRACE] [REI] [REIPlugin END] Reloading Section: "reloadable-plugin/FluidComparatorRegistryImpl/BackpackReiClientPlugin of BackpackReiClientPlugin [sophisticatedbackpacks]/" done in 10.37 μs
[17:39:13] [REI-ReloadPlugins/TRACE] [REI] [REIPlugin END] Reloading Section: "reloadable-plugin/FluidComparatorRegistryImpl/StorageReiCommonPlugin of StorageReiCommonPlugin [sophisticatedstorage]/"
[17:39:13] [REI-ReloadPlugins/TRACE] [REI] [REIPlugin END] Reloading Section: "reloadable-plugin/FluidComparatorRegistryImpl/StorageReiCommonPlugin of StorageReiCommonPlugin [sophisticatedstorage]/" done in 9.808 μs
[17:39:13] [REI-ReloadPlugins/TRACE] [REI] [REIPlugin END] Reloading Section: "reloadable-plugin/FluidComparatorRegistryImpl/BackpackReiCommonPlugin of BackpackReiCommonPlugin [sophisticatedbackpacks]/"
[17:39:13] [REI-ReloadPlugins/TRACE] [REI] [REIPlugin END] Reloading Section: "reloadable-plugin/FluidComparatorRegistryImpl/BackpackReiCommonPlugin of BackpackReiCommonPlugin [sophisticatedbackpacks]/" done in 10.89 μs
[17:39:13] [REI-ReloadPlugins/TRACE] [REI] [REIPlugin END] Reloading Section: "reloadable-plugin/FluidComparatorRegistryImpl/CoreReiCommonPlugin of CoreReiCommonPlugin [sophisticatedcore]/"
[17:39:13] [REI-ReloadPlugins/TRACE] [REI] [REIPlugin END] Reloading Section: "reloadable-plugin/FluidComparatorRegistryImpl/CoreReiCommonPlugin of CoreReiCommonPlugin [sophisticatedcore]/" done in 10.70 μs
[17:39:13] [REI-ReloadPlugins/TRACE] [REI] [REIPlugin END] Reloading Section: "reloadable-plugin/FluidComparatorRegistryImpl/KubeJSREIPlugin of KubeJSREIPlugin [kubejs]/"
[17:39:13] [REI-ReloadPlugins/TRACE] [REI] [REIPlugin END] Reloading Section: "reloadable-plugin/FluidComparatorRegistryImpl/KubeJSREIPlugin of KubeJSREIPlugin [kubejs]/" done in 21.04 μs
[17:39:13] [REI-ReloadPlugins/TRACE] [REI] [REIPlugin END] Reloading Section: "reloadable-plugin/FluidComparatorRegistryImpl/" done in 477.3 μs
[17:39:13] [REI-ReloadPlugins/TRACE] [REI] [REIPlugin END] Reloading Section: "reloadable-plugin/DisplaySerializerRegistryImpl/"
[17:39:13] [REI-ReloadPlugins/TRACE] [REI] [REIPlugin END] Reloading Section: "reloadable-plugin/DisplaySerializerRegistryImpl/DefaultClientPluginImpl of DefaultClientPluginImpl [roughlyenoughitems]/"
[17:39:13] [REI-ReloadPlugins/TRACE] [REI] [REIPlugin END] Reloading Section: "reloadable-plugin/DisplaySerializerRegistryImpl/DefaultClientPluginImpl of DefaultClientPluginImpl [roughlyenoughitems]/" done in 22.66 μs
[17:39:13] [REI-ReloadPlugins/TRACE] [REI] [REIPlugin END] Reloading Section: "reloadable-plugin/DisplaySerializerRegistryImpl/DefaultPluginImpl of DefaultPluginImpl [roughlyenoughitems]/"
[17:39:13] [REI-ReloadPlugins/TRACE] [REI] [REIPlugin END] Reloading Section: "reloadable-plugin/DisplaySerializerRegistryImpl/DefaultPluginImpl of DefaultPluginImpl [roughlyenoughitems]/" done in 9.342 ms
[17:39:13] [REI-ReloadPlugins/TRACE] [REI] [REIPlugin END] Reloading Section: "reloadable-plugin/DisplaySerializerRegistryImpl/HideIngredientsFromTagsPlugin of HideIngredientsFromTagsPlugin [roughlyenoughitems]/"
[17:39:13] [REI-ReloadPlugins/TRACE] [REI] [REIPlugin END] Reloading Section: "reloadable-plugin/DisplaySerializerRegistryImpl/HideIngredientsFromTagsPlugin of HideIngredientsFromTagsPlugin [roughlyenoughitems]/" done in 13.96 μs
[17:39:13] [REI-ReloadPlugins/TRACE] [REI] [REIPlugin END] Reloading Section: "reloadable-plugin/DisplaySerializerRegistryImpl/DefaultClientRuntimePlugin of DefaultClientRuntimePlugin [roughlyenoughitems]/"
[17:39:13] [REI-ReloadPlugins/TRACE] [REI] [REIPlugin END] Reloading Section: "reloadable-plugin/DisplaySerializerRegistryImpl/DefaultClientRuntimePlugin of DefaultClientRuntimePlugin [roughlyenoughitems]/" done in 8.857 μs
[17:39:13] [REI-ReloadPlugins/TRACE] [REI] [REIPlugin END] Reloading Section: "reloadable-plugin/DisplaySerializerRegistryImpl/DefaultRuntimePlugin of DefaultRuntimePlugin [roughlyenoughitems]/"
[17:39:13] [REI-ReloadPlugins/TRACE] [REI] [REIPlugin END] Reloading Section: "reloadable-plugin/DisplaySerializerRegistryImpl/DefaultRuntimePlugin of DefaultRuntimePlugin [roughlyenoughitems]/" done in 7.685 μs
[17:39:13] [REI-ReloadPlugins/TRACE] [REI] [REIPlugin END] Reloading Section: "reloadable-plugin/DisplaySerializerRegistryImpl/REIPlugin of REIPluginLoader [toms_storage]/"
[17:39:13] [REI-ReloadPlugins/TRACE] [REI] [REIPlugin END] Reloading Section: "reloadable-plugin/DisplaySerializerRegistryImpl/REIPlugin of REIPluginLoader [toms_storage]/" done in 7.754 μs
[17:39:13] [REI-ReloadPlugins/TRACE] [REI] [REIPlugin END] Reloading Section: "reloadable-plugin/DisplaySerializerRegistryImpl/StorageReiClientPlugin of StorageReiClientPlugin [sophisticatedstorage]/"
[17:39:13] [REI-ReloadPlugins/TRACE] [REI] [REIPlugin END] Reloading Section: "reloadable-plugin/DisplaySerializerRegistryImpl/StorageReiClientPlugin of StorageReiClientPlugin [sophisticatedstorage]/" done in 7.164 μs
[17:39:13] [REI-ReloadPlugins/TRACE] [REI] [REIPlugin END] Reloading Section: "reloadable-plugin/DisplaySerializerRegistryImpl/OwoReiPlugin of OwoReiPlugin [owo]/"
[17:39:13] [REI-ReloadPlugins/TRACE] [REI] [REIPlugin END] Reloading Section: "reloadable-plugin/DisplaySerializerRegistryImpl/OwoReiPlugin of OwoReiPlugin [owo]/" done in 7.194 μs
[17:39:13] [REI-ReloadPlugins/TRACE] [REI] [REIPlugin END] Reloading Section: "reloadable-plugin/DisplaySerializerRegistryImpl/CuriosReiPlugin of CuriosReiPlugin [curios]/"
[17:39:13] [REI-ReloadPlugins/TRACE] [REI] [REIPlugin END] Reloading Section: "reloadable-plugin/DisplaySerializerRegistryImpl/CuriosReiPlugin of CuriosReiPlugin [curios]/" done in 6.813 μs
[17:39:13] [REI-ReloadPlugins/TRACE] [REI] [REIPlugin END] Reloading Section: "reloadable-plugin/DisplaySerializerRegistryImpl/BackpackReiClientPlugin of BackpackReiClientPlugin [sophisticatedbackpacks]/"
[17:39:13] [REI-ReloadPlugins/TRACE] [REI] [REIPlugin END] Reloading Section: "reloadable-plugin/DisplaySerializerRegistryImpl/BackpackReiClientPlugin of BackpackReiClientPlugin [sophisticatedbackpacks]/" done in 13.68 μs
[17:39:13] [REI-ReloadPlugins/TRACE] [REI] [REIPlugin END] Reloading Section: "reloadable-plugin/DisplaySerializerRegistryImpl/StorageReiCommonPlugin of StorageReiCommonPlugin [sophisticatedstorage]/"
[17:39:13] [REI-ReloadPlugins/TRACE] [REI] [REIPlugin END] Reloading Section: "reloadable-plugin/DisplaySerializerRegistryImpl/StorageReiCommonPlugin of StorageReiCommonPlugin [sophisticatedstorage]/" done in 12.54 μs
[17:39:13] [REI-ReloadPlugins/TRACE] [REI] [REIPlugin END] Reloading Section: "reloadable-plugin/DisplaySerializerRegistryImpl/BackpackReiCommonPlugin of BackpackReiCommonPlugin [sophisticatedbackpacks]/"
[17:39:13] [REI-ReloadPlugins/TRACE] [REI] [REIPlugin END] Reloading Section: "reloadable-plugin/DisplaySerializerRegistryImpl/BackpackReiCommonPlugin of BackpackReiCommonPlugin [sophisticatedbackpacks]/" done in 11.85 μs
[17:39:13] [REI-ReloadPlugins/TRACE] [REI] [REIPlugin END] Reloading Section: "reloadable-plugin/DisplaySerializerRegistryImpl/CoreReiCommonPlugin of CoreReiCommonPlugin [sophisticatedcore]/"
[17:39:13] [REI-ReloadPlugins/TRACE] [REI] [REIPlugin END] Reloading Section: "reloadable-plugin/DisplaySerializerRegistryImpl/CoreReiCommonPlugin of CoreReiCommonPlugin [sophisticatedcore]/" done in 11.81 μs
[17:39:13] [REI-ReloadPlugins/TRACE] [REI] [REIPlugin END] Reloading Section: "reloadable-plugin/DisplaySerializerRegistryImpl/KubeJSREIPlugin of KubeJSREIPlugin [kubejs]/"
[17:39:13] [REI-ReloadPlugins/TRACE] [REI] [REIPlugin END] Reloading Section: "reloadable-plugin/DisplaySerializerRegistryImpl/KubeJSREIPlugin of KubeJSREIPlugin [kubejs]/" done in 10.38 μs
[17:39:13] [REI-ReloadPlugins/TRACE] [REI] [REIPlugin END] Reloading Section: "reloadable-plugin/DisplaySerializerRegistryImpl/" done in 9.730 ms
[17:39:13] [REI-ReloadPlugins/TRACE] [REI] [REIPlugin END] Reloading Section: "reloadable-plugin/FluidSupportProviderImpl/"
[17:39:13] [REI-ReloadPlugins/TRACE] [REI] [REIPlugin END] Reloading Section: "reloadable-plugin/FluidSupportProviderImpl/DefaultClientPluginImpl of DefaultClientPluginImpl [roughlyenoughitems]/"
[17:39:13] [REI-ReloadPlugins/TRACE] [REI] [REIPlugin END] Reloading Section: "reloadable-plugin/FluidSupportProviderImpl/DefaultClientPluginImpl of DefaultClientPluginImpl [roughlyenoughitems]/" done in 12.66 μs
[17:39:13] [REI-ReloadPlugins/TRACE] [REI] [REIPlugin END] Reloading Section: "reloadable-plugin/FluidSupportProviderImpl/DefaultPluginImpl of DefaultPluginImpl [roughlyenoughitems]/"
[17:39:13] [REI-ReloadPlugins/TRACE] [REI] [REIPlugin END] Reloading Section: "reloadable-plugin/FluidSupportProviderImpl/DefaultPluginImpl of DefaultPluginImpl [roughlyenoughitems]/" done in 12.19 μs
[17:39:13] [REI-ReloadPlugins/TRACE] [REI] [REIPlugin END] Reloading Section: "reloadable-plugin/FluidSupportProviderImpl/HideIngredientsFromTagsPlugin of HideIngredientsFromTagsPlugin [roughlyenoughitems]/"
[17:39:13] [REI-ReloadPlugins/TRACE] [REI] [REIPlugin END] Reloading Section: "reloadable-plugin/FluidSupportProviderImpl/HideIngredientsFromTagsPlugin of HideIngredientsFromTagsPlugin [roughlyenoughitems]/" done in 14.02 μs
[17:39:13] [REI-ReloadPlugins/TRACE] [REI] [REIPlugin END] Reloading Section: "reloadable-plugin/FluidSupportProviderImpl/DefaultClientRuntimePlugin of DefaultClientRuntimePlugin [roughlyenoughitems]/"
[17:39:13] [REI-ReloadPlugins/TRACE] [REI] [REIPlugin END] Reloading Section: "reloadable-plugin/FluidSupportProviderImpl/DefaultClientRuntimePlugin of DefaultClientRuntimePlugin [roughlyenoughitems]/" done in 35.84 μs
[17:39:13] [REI-ReloadPlugins/TRACE] [REI] [REIPlugin END] Reloading Section: "reloadable-plugin/FluidSupportProviderImpl/DefaultRuntimePlugin of DefaultRuntimePlugin [roughlyenoughitems]/"
[17:39:13] [REI-ReloadPlugins/TRACE] [REI] [REIPlugin END] Reloading Section: "reloadable-plugin/FluidSupportProviderImpl/DefaultRuntimePlugin of DefaultRuntimePlugin [roughlyenoughitems]/" done in 23.43 μs
[17:39:13] [REI-ReloadPlugins/TRACE] [REI] [REIPlugin END] Reloading Section: "reloadable-plugin/FluidSupportProviderImpl/REIPlugin of REIPluginLoader [toms_storage]/"
[17:39:13] [REI-ReloadPlugins/TRACE] [REI] [REIPlugin END] Reloading Section: "reloadable-plugin/FluidSupportProviderImpl/REIPlugin of REIPluginLoader [toms_storage]/" done in 11.87 μs
[17:39:13] [REI-ReloadPlugins/TRACE] [REI] [REIPlugin END] Reloading Section: "reloadable-plugin/FluidSupportProviderImpl/StorageReiClientPlugin of StorageReiClientPlugin [sophisticatedstorage]/"
[17:39:13] [REI-ReloadPlugins/TRACE] [REI] [REIPlugin END] Reloading Section: "reloadable-plugin/FluidSupportProviderImpl/StorageReiClientPlugin of StorageReiClientPlugin [sophisticatedstorage]/" done in 11.86 μs
[17:39:13] [REI-ReloadPlugins/TRACE] [REI] [REIPlugin END] Reloading Section: "reloadable-plugin/FluidSupportProviderImpl/OwoReiPlugin of OwoReiPlugin [owo]/"
[17:39:13] [REI-ReloadPlugins/TRACE] [REI] [REIPlugin END] Reloading Section: "reloadable-plugin/FluidSupportProviderImpl/OwoReiPlugin of OwoReiPlugin [owo]/" done in 11.44 μs
[17:39:13] [REI-ReloadPlugins/TRACE] [REI] [REIPlugin END] Reloading Section: "reloadable-plugin/FluidSupportProviderImpl/CuriosReiPlugin of CuriosReiPlugin [curios]/"
[17:39:13] [REI-ReloadPlugins/TRACE] [REI] [REIPlugin END] Reloading Section: "reloadable-plugin/FluidSupportProviderImpl/CuriosReiPlugin of CuriosReiPlugin [curios]/" done in 11.45 μs
[17:39:13] [REI-ReloadPlugins/TRACE] [REI] [REIPlugin END] Reloading Section: "reloadable-plugin/FluidSupportProviderImpl/BackpackReiClientPlugin of BackpackReiClientPlugin [sophisticatedbackpacks]/"
[17:39:13] [REI-ReloadPlugins/TRACE] [REI] [REIPlugin END] Reloading Section: "reloadable-plugin/FluidSupportProviderImpl/BackpackReiClientPlugin of BackpackReiClientPlugin [sophisticatedbackpacks]/" done in 12.16 μs
[17:39:13] [REI-ReloadPlugins/TRACE] [REI] [REIPlugin END] Reloading Section: "reloadable-plugin/FluidSupportProviderImpl/StorageReiCommonPlugin of StorageReiCommonPlugin [sophisticatedstorage]/"
[17:39:13] [REI-ReloadPlugins/TRACE] [REI] [REIPlugin END] Reloading Section: "reloadable-plugin/FluidSupportProviderImpl/StorageReiCommonPlugin of StorageReiCommonPlugin [sophisticatedstorage]/" done in 31.92 μs
[17:39:13] [REI-ReloadPlugins/TRACE] [REI] [REIPlugin END] Reloading Section: "reloadable-plugin/FluidSupportProviderImpl/BackpackReiCommonPlugin of BackpackReiCommonPlugin [sophisticatedbackpacks]/"
[17:39:13] [REI-ReloadPlugins/TRACE] [REI] [REIPlugin END] Reloading Section: "reloadable-plugin/FluidSupportProviderImpl/BackpackReiCommonPlugin of BackpackReiCommonPlugin [sophisticatedbackpacks]/" done in 14.04 μs
[17:39:13] [REI-ReloadPlugins/TRACE] [REI] [REIPlugin END] Reloading Section: "reloadable-plugin/FluidSupportProviderImpl/CoreReiCommonPlugin of CoreReiCommonPlugin [sophisticatedcore]/"
[17:39:13] [REI-ReloadPlugins/TRACE] [REI] [REIPlugin END] Reloading Section: "reloadable-plugin/FluidSupportProviderImpl/CoreReiCommonPlugin of CoreReiCommonPlugin [sophisticatedcore]/" done in 13.69 μs
[17:39:13] [REI-ReloadPlugins/TRACE] [REI] [REIPlugin END] Reloading Section: "reloadable-plugin/FluidSupportProviderImpl/KubeJSREIPlugin of KubeJSREIPlugin [kubejs]/"
[17:39:13] [REI-ReloadPlugins/TRACE] [REI] [REIPlugin END] Reloading Section: "reloadable-plugin/FluidSupportProviderImpl/KubeJSREIPlugin of KubeJSREIPlugin [kubejs]/" done in 12.15 μs
[17:39:13] [REI-ReloadPlugins/TRACE] [REI] [REIPlugin END] Reloading Section: "reloadable-plugin/FluidSupportProviderImpl/" done in 563.3 μs
[17:39:13] [REI-ReloadPlugins/TRACE] [REI] [REIPlugin END] Reloading Section: "reloadable-plugin/me.shedaniel.rei.plugin.client.runtime.PluginStageExecutionWatcher$1/"
[17:39:13] [REI-ReloadPlugins/TRACE] [REI] [REIPlugin END] Reloading Section: "reloadable-plugin/me.shedaniel.rei.plugin.client.runtime.PluginStageExecutionWatcher$1/DefaultClientPluginImpl of DefaultClientPluginImpl [roughlyenoughitems]/"
[17:39:13] [REI-ReloadPlugins/TRACE] [REI] [REIPlugin END] Reloading Section: "reloadable-plugin/me.shedaniel.rei.plugin.client.runtime.PluginStageExecutionWatcher$1/DefaultClientPluginImpl of DefaultClientPluginImpl [roughlyenoughitems]/" done in 18.98 μs
[17:39:13] [REI-ReloadPlugins/TRACE] [REI] [REIPlugin END] Reloading Section: "reloadable-plugin/me.shedaniel.rei.plugin.client.runtime.PluginStageExecutionWatcher$1/DefaultPluginImpl of DefaultPluginImpl [roughlyenoughitems]/"
[17:39:13] [REI-ReloadPlugins/TRACE] [REI] [REIPlugin END] Reloading Section: "reloadable-plugin/me.shedaniel.rei.plugin.client.runtime.PluginStageExecutionWatcher$1/DefaultPluginImpl of DefaultPluginImpl [roughlyenoughitems]/" done in 11.43 μs
[17:39:13] [REI-ReloadPlugins/TRACE] [REI] [REIPlugin END] Reloading Section: "reloadable-plugin/me.shedaniel.rei.plugin.client.runtime.PluginStageExecutionWatcher$1/HideIngredientsFromTagsPlugin of HideIngredientsFromTagsPlugin [roughlyenoughitems]/"
[17:39:13] [REI-ReloadPlugins/TRACE] [REI] [REIPlugin END] Reloading Section: "reloadable-plugin/me.shedaniel.rei.plugin.client.runtime.PluginStageExecutionWatcher$1/HideIngredientsFromTagsPlugin of HideIngredientsFromTagsPlugin [roughlyenoughitems]/" done in 10.21 μs
[17:39:13] [REI-ReloadPlugins/TRACE] [REI] [REIPlugin END] Reloading Section: "reloadable-plugin/me.shedaniel.rei.plugin.client.runtime.PluginStageExecutionWatcher$1/DefaultClientRuntimePlugin of DefaultClientRuntimePlugin [roughlyenoughitems]/"
[17:39:13] [REI-ReloadPlugins/TRACE] [REI] [REIPlugin END] Reloading Section: "reloadable-plugin/me.shedaniel.rei.plugin.client.runtime.PluginStageExecutionWatcher$1/DefaultClientRuntimePlugin of DefaultClientRuntimePlugin [roughlyenoughitems]/" done in 10.34 μs
[17:39:13] [REI-ReloadPlugins/TRACE] [REI] [REIPlugin END] Reloading Section: "reloadable-plugin/me.shedaniel.rei.plugin.client.runtime.PluginStageExecutionWatcher$1/DefaultRuntimePlugin of DefaultRuntimePlugin [roughlyenoughitems]/"
[17:39:13] [REI-ReloadPlugins/TRACE] [REI] [REIPlugin END] Reloading Section: "reloadable-plugin/me.shedaniel.rei.plugin.client.runtime.PluginStageExecutionWatcher$1/DefaultRuntimePlugin of DefaultRuntimePlugin [roughlyenoughitems]/" done in 10.11 μs
[17:39:13] [REI-ReloadPlugins/TRACE] [REI] [REIPlugin END] Reloading Section: "reloadable-plugin/me.shedaniel.rei.plugin.client.runtime.PluginStageExecutionWatcher$1/REIPlugin of REIPluginLoader [toms_storage]/"
[17:39:13] [REI-ReloadPlugins/TRACE] [REI] [REIPlugin END] Reloading Section: "reloadable-plugin/me.shedaniel.rei.plugin.client.runtime.PluginStageExecutionWatcher$1/REIPlugin of REIPluginLoader [toms_storage]/" done in 12.15 μs
[17:39:13] [REI-ReloadPlugins/TRACE] [REI] [REIPlugin END] Reloading Section: "reloadable-plugin/me.shedaniel.rei.plugin.client.runtime.PluginStageExecutionWatcher$1/StorageReiClientPlugin of StorageReiClientPlugin [sophisticatedstorage]/"
[17:39:13] [REI-ReloadPlugins/TRACE] [REI] [REIPlugin END] Reloading Section: "reloadable-plugin/me.shedaniel.rei.plugin.client.runtime.PluginStageExecutionWatcher$1/StorageReiClientPlugin of StorageReiClientPlugin [sophisticatedstorage]/" done in 11.68 μs
[17:39:13] [REI-ReloadPlugins/TRACE] [REI] [REIPlugin END] Reloading Section: "reloadable-plugin/me.shedaniel.rei.plugin.client.runtime.PluginStageExecutionWatcher$1/OwoReiPlugin of OwoReiPlugin [owo]/"
[17:39:13] [REI-ReloadPlugins/TRACE] [REI] [REIPlugin END] Reloading Section: "reloadable-plugin/me.shedaniel.rei.plugin.client.runtime.PluginStageExecutionWatcher$1/OwoReiPlugin of OwoReiPlugin [owo]/" done in 12.48 μs
[17:39:13] [REI-ReloadPlugins/TRACE] [REI] [REIPlugin END] Reloading Section: "reloadable-plugin/me.shedaniel.rei.plugin.client.runtime.PluginStageExecutionWatcher$1/CuriosReiPlugin of CuriosReiPlugin [curios]/"
[17:39:13] [REI-ReloadPlugins/TRACE] [REI] [REIPlugin END] Reloading Section: "reloadable-plugin/me.shedaniel.rei.plugin.client.runtime.PluginStageExecutionWatcher$1/CuriosReiPlugin of CuriosReiPlugin [curios]/" done in 11.12 μs
[17:39:13] [REI-ReloadPlugins/TRACE] [REI] [REIPlugin END] Reloading Section: "reloadable-plugin/me.shedaniel.rei.plugin.client.runtime.PluginStageExecutionWatcher$1/BackpackReiClientPlugin of BackpackReiClientPlugin [sophisticatedbackpacks]/"
[17:39:13] [REI-ReloadPlugins/TRACE] [REI] [REIPlugin END] Reloading Section: "reloadable-plugin/me.shedaniel.rei.plugin.client.runtime.PluginStageExecutionWatcher$1/BackpackReiClientPlugin of BackpackReiClientPlugin [sophisticatedbackpacks]/" done in 16.04 μs
[17:39:13] [REI-ReloadPlugins/TRACE] [REI] [REIPlugin END] Reloading Section: "reloadable-plugin/me.shedaniel.rei.plugin.client.runtime.PluginStageExecutionWatcher$1/StorageReiCommonPlugin of StorageReiCommonPlugin [sophisticatedstorage]/"
[17:39:13] [REI-ReloadPlugins/TRACE] [REI] [REIPlugin END] Reloading Section: "reloadable-plugin/me.shedaniel.rei.plugin.client.runtime.PluginStageExecutionWatcher$1/StorageReiCommonPlugin of StorageReiCommonPlugin [sophisticatedstorage]/" done in 12.40 μs
[17:39:13] [REI-ReloadPlugins/TRACE] [REI] [REIPlugin END] Reloading Section: "reloadable-plugin/me.shedaniel.rei.plugin.client.runtime.PluginStageExecutionWatcher$1/BackpackReiCommonPlugin of BackpackReiCommonPlugin [sophisticatedbackpacks]/"
[17:39:13] [REI-ReloadPlugins/TRACE] [REI] [REIPlugin END] Reloading Section: "reloadable-plugin/me.shedaniel.rei.plugin.client.runtime.PluginStageExecutionWatcher$1/BackpackReiCommonPlugin of BackpackReiCommonPlugin [sophisticatedbackpacks]/" done in 12.03 μs
[17:39:13] [REI-ReloadPlugins/TRACE] [REI] [REIPlugin END] Reloading Section: "reloadable-plugin/me.shedaniel.rei.plugin.client.runtime.PluginStageExecutionWatcher$1/CoreReiCommonPlugin of CoreReiCommonPlugin [sophisticatedcore]/"
[17:39:13] [REI-ReloadPlugins/TRACE] [REI] [REIPlugin END] Reloading Section: "reloadable-plugin/me.shedaniel.rei.plugin.client.runtime.PluginStageExecutionWatcher$1/CoreReiCommonPlugin of CoreReiCommonPlugin [sophisticatedcore]/" done in 13.57 μs
[17:39:13] [REI-ReloadPlugins/TRACE] [REI] [REIPlugin END] Reloading Section: "reloadable-plugin/me.shedaniel.rei.plugin.client.runtime.PluginStageExecutionWatcher$1/KubeJSREIPlugin of KubeJSREIPlugin [kubejs]/"
[17:39:13] [REI-ReloadPlugins/TRACE] [REI] [REIPlugin END] Reloading Section: "reloadable-plugin/me.shedaniel.rei.plugin.client.runtime.PluginStageExecutionWatcher$1/KubeJSREIPlugin of KubeJSREIPlugin [kubejs]/" done in 16.57 μs
[17:39:13] [REI-ReloadPlugins/TRACE] [REI] [REIPlugin END] Reloading Section: "reloadable-plugin/me.shedaniel.rei.plugin.client.runtime.PluginStageExecutionWatcher$1/" done in 476.0 μs
[17:39:13] [REI-ReloadPlugins/DEBUG] [REI] ========================================
[17:39:13] [REI-ReloadPlugins/DEBUG] [REI] REIPlugin ending main-reload for END.
[17:39:13] [REI-ReloadPlugins/DEBUG] [REI] ========================================
[17:39:13] [REI-ReloadPlugins/TRACE] [REI] [REIPlugin END] Reloading Section: "end-reload/"
[17:39:13] [REI-ReloadPlugins/TRACE] [REI] [REIPlugin END] Reloading Section: "end-reload/EntryTypeRegistryImpl/"
[17:39:13] [REI-ReloadPlugins/TRACE] [REI] [REIPlugin END] Reloading Section: "end-reload/EntryTypeRegistryImpl/" done in 10.92 μs
[17:39:13] [REI-ReloadPlugins/TRACE] [REI] [REIPlugin END] Reloading Section: "end-reload/EntrySettingsAdapterRegistryImpl/"
[17:39:13] [REI-ReloadPlugins/TRACE] [REI] [REIPlugin END] Reloading Section: "end-reload/EntrySettingsAdapterRegistryImpl/" done in 9.748 μs
[17:39:13] [REI-ReloadPlugins/TRACE] [REI] [REIPlugin END] Reloading Section: "end-reload/RecipeManagerContextImpl/"
[17:39:13] [REI-ReloadPlugins/TRACE] [REI] [REIPlugin END] Reloading Section: "end-reload/RecipeManagerContextImpl/" done in 10.10 μs
[17:39:13] [REI-ReloadPlugins/TRACE] [REI] [REIPlugin END] Reloading Section: "end-reload/ItemComparatorRegistryImpl/"
[17:39:13] [REI-ReloadPlugins/TRACE] [REI] [REIPlugin END] Reloading Section: "end-reload/ItemComparatorRegistryImpl/" done in 10.05 μs
[17:39:13] [REI-ReloadPlugins/TRACE] [REI] [REIPlugin END] Reloading Section: "end-reload/FluidComparatorRegistryImpl/"
[17:39:13] [REI-ReloadPlugins/TRACE] [REI] [REIPlugin END] Reloading Section: "end-reload/FluidComparatorRegistryImpl/" done in 15.49 μs
[17:39:13] [REI-ReloadPlugins/TRACE] [REI] [REIPlugin END] Reloading Section: "end-reload/DisplaySerializerRegistryImpl/"
[17:39:13] [REI-ReloadPlugins/TRACE] [REI] [REIPlugin END] Reloading Section: "end-reload/DisplaySerializerRegistryImpl/" done in 11.37 μs
[17:39:13] [REI-ReloadPlugins/TRACE] [REI] [REIPlugin END] Reloading Section: "end-reload/FluidSupportProviderImpl/"
[17:39:13] [REI-ReloadPlugins/TRACE] [REI] [REIPlugin END] Reloading Section: "end-reload/FluidSupportProviderImpl/" done in 10.39 μs
[17:39:13] [REI-ReloadPlugins/TRACE] [REI] [REIPlugin END] Reloading Section: "end-reload/me.shedaniel.rei.plugin.client.runtime.PluginStageExecutionWatcher$1/"
[17:39:13] [REI-ReloadPlugins/TRACE] [REI] [REIPlugin END] Reloading Section: "end-reload/me.shedaniel.rei.plugin.client.runtime.PluginStageExecutionWatcher$1/" done in 9.478 μs
[17:39:13] [REI-ReloadPlugins/TRACE] [REI] [REIPlugin END] Reloading Section: "end-reload/" done in 245.7 μs
[17:39:13] [REI-ReloadPlugins/DEBUG] [REI] ========================================
[17:39:13] [REI-ReloadPlugins/DEBUG] [REI] REIPlugin ended main-reload for END in 14.56 ms.
[17:39:13] [REI-ReloadPlugins/DEBUG] [REI] ========================================
[17:39:13] [REI-ReloadPlugins/INFO] [REI] @@@@@@@@@@@@@@@@@@@@@@@@@@@@@@@@@@@@@@@@
[17:39:13] [REI-ReloadPlugins/INFO] [REI] REIClientPlugin starting main-reload for END.
[17:39:13] [REI-ReloadPlugins/DEBUG] [REI] Reloadables (18):
[17:39:13] [REI-ReloadPlugins/DEBUG] [REI]  - EntryRendererRegistryImpl
[17:39:13] [REI-ReloadPlugins/DEBUG] [REI]  - ViewsImpl
[17:39:13] [REI-ReloadPlugins/DEBUG] [REI]  - InputMethodRegistryImpl
[17:39:13] [REI-ReloadPlugins/DEBUG] [REI]  - SearchProviderImpl
[17:39:13] [REI-ReloadPlugins/DEBUG] [REI]  - ConfigManagerImpl
[17:39:13] [REI-ReloadPlugins/DEBUG] [REI]  - EntryRegistryImpl
[17:39:13] [REI-ReloadPlugins/DEBUG] [REI]  - CollapsibleEntryRegistryImpl
[17:39:13] [REI-ReloadPlugins/DEBUG] [REI]  - BasicFilteringRuleImpl
[17:39:13] [REI-ReloadPlugins/DEBUG] [REI]  - CategoryRegistryImpl
[17:39:13] [REI-ReloadPlugins/DEBUG] [REI]  - DisplayRegistryImpl
[17:39:13] [REI-ReloadPlugins/DEBUG] [REI]  - ScreenRegistryImpl
[17:39:13] [REI-ReloadPlugins/DEBUG] [REI]  - FavoriteEntryTypeRegistryImpl
[17:39:13] [REI-ReloadPlugins/DEBUG] [REI]  - SubsetsRegistryImpl
[17:39:13] [REI-ReloadPlugins/DEBUG] [REI]  - TransferHandlerRegistryImpl
[17:39:13] [REI-ReloadPlugins/DEBUG] [REI]  - SearchRuntime
[17:39:13] [REI-ReloadPlugins/DEBUG] [REI]  - REIRuntimeImpl
[17:39:13] [REI-ReloadPlugins/DEBUG] [REI]  - ConfigAddonRegistryImpl
[17:39:13] [REI-ReloadPlugins/DEBUG] [REI]  - me.shedaniel.rei.plugin.client.runtime.PluginStageExecutionWatcher$1
[17:39:13] [REI-ReloadPlugins/INFO] [REI] Plugins (9):
[17:39:13] [REI-ReloadPlugins/INFO] [REI]  - (-100.00) DefaultClientPluginImpl of DefaultClientPluginImpl [roughlyenoughitems]
[17:39:13] [REI-ReloadPlugins/INFO] [REI]  - (0.00) REIPlugin of REIPluginLoader [toms_storage]
[17:39:13] [REI-ReloadPlugins/INFO] [REI]  - (0.00) StorageReiClientPlugin of StorageReiClientPlugin [sophisticatedstorage]
[17:39:13] [REI-ReloadPlugins/INFO] [REI]  - (0.00) OwoReiPlugin of OwoReiPlugin [owo]
[17:39:13] [REI-ReloadPlugins/INFO] [REI]  - (0.00) CuriosReiPlugin of CuriosReiPlugin [curios]
[17:39:13] [REI-ReloadPlugins/INFO] [REI]  - (0.00) BackpackReiClientPlugin of BackpackReiClientPlugin [sophisticatedbackpacks]
[17:39:13] [REI-ReloadPlugins/INFO] [REI]  - (0.00) HideIngredientsFromTagsPlugin of HideIngredientsFromTagsPlugin [roughlyenoughitems]
[17:39:13] [REI-ReloadPlugins/INFO] [REI]  - (0.00) DefaultClientRuntimePlugin of DefaultClientRuntimePlugin [roughlyenoughitems]
[17:39:13] [REI-ReloadPlugins/INFO] [REI]  - (10000000.00) KubeJSREIPlugin of KubeJSREIPlugin [kubejs]
[17:39:13] [REI-ReloadPlugins/INFO] [REI] @@@@@@@@@@@@@@@@@@@@@@@@@@@@@@@@@@@@@@@@
[17:39:13] [REI-ReloadPlugins/TRACE] [REI] [REIClientPlugin END] Reloading Section: "start-reload/"
[17:39:13] [REI-ReloadPlugins/TRACE] [REI] [REIClientPlugin END] Reloading Section: "start-reload/EntryRendererRegistryImpl/"
[17:39:13] [REI-ReloadPlugins/TRACE] [REI] [REIClientPlugin END] Reloading Section: "start-reload/EntryRendererRegistryImpl/" done in 25.90 μs
[17:39:13] [REI-ReloadPlugins/TRACE] [REI] [REIClientPlugin END] Reloading Section: "start-reload/ViewsImpl/"
[17:39:13] [REI-ReloadPlugins/TRACE] [REI] [REIClientPlugin END] Reloading Section: "start-reload/ViewsImpl/" done in 11.55 μs
[17:39:13] [REI-ReloadPlugins/TRACE] [REI] [REIClientPlugin END] Reloading Section: "start-reload/InputMethodRegistryImpl/"
[17:39:13] [REI-ReloadPlugins/TRACE] [REI] [REIClientPlugin END] Reloading Section: "start-reload/InputMethodRegistryImpl/" done in 12.99 μs
[17:39:13] [REI-ReloadPlugins/TRACE] [REI] [REIClientPlugin END] Reloading Section: "start-reload/SearchProviderImpl/"
[17:39:13] [REI-ReloadPlugins/TRACE] [REI] [REIClientPlugin END] Reloading Section: "start-reload/SearchProviderImpl/" done in 9.408 μs
[17:39:13] [REI-ReloadPlugins/TRACE] [REI] [REIClientPlugin END] Reloading Section: "start-reload/ConfigManagerImpl/"
[17:39:13] [REI-ReloadPlugins/TRACE] [REI] [REIClientPlugin END] Reloading Section: "start-reload/ConfigManagerImpl/" done in 9.177 μs
[17:39:13] [REI-ReloadPlugins/TRACE] [REI] [REIClientPlugin END] Reloading Section: "start-reload/EntryRegistryImpl/"
[17:39:13] [REI-ReloadPlugins/TRACE] [REI] [REIClientPlugin END] Reloading Section: "start-reload/EntryRegistryImpl/" done in 9.327 μs
[17:39:13] [REI-ReloadPlugins/TRACE] [REI] [REIClientPlugin END] Reloading Section: "start-reload/CollapsibleEntryRegistryImpl/"
[17:39:13] [REI-ReloadPlugins/TRACE] [REI] [REIClientPlugin END] Reloading Section: "start-reload/CollapsibleEntryRegistryImpl/" done in 11.90 μs
[17:39:13] [REI-ReloadPlugins/TRACE] [REI] [REIClientPlugin END] Reloading Section: "start-reload/BasicFilteringRuleImpl/"
[17:39:13] [REI-ReloadPlugins/TRACE] [REI] [REIClientPlugin END] Reloading Section: "start-reload/BasicFilteringRuleImpl/" done in 9.228 μs
[17:39:13] [REI-ReloadPlugins/TRACE] [REI] [REIClientPlugin END] Reloading Section: "start-reload/CategoryRegistryImpl/"
[17:39:13] [REI-ReloadPlugins/DEBUG] [REI] Added category visibility predicate: me.shedaniel.rei.impl.client.registry.category.CategoryRegistryImpl$$Lambda/0x00000008032c9e98@530a5f00 [0.00 priority]
[17:39:13] [REI-ReloadPlugins/TRACE] [REI] [REIClientPlugin END] Reloading Section: "start-reload/CategoryRegistryImpl/" done in 403.7 μs
[17:39:13] [REI-ReloadPlugins/TRACE] [REI] [REIClientPlugin END] Reloading Section: "start-reload/DisplayRegistryImpl/"
[17:39:13] [REI-ReloadPlugins/TRACE] [REI] [REIClientPlugin END] Reloading Section: "start-reload/DisplayRegistryImpl/" done in 54.61 μs
[17:39:13] [REI-ReloadPlugins/TRACE] [REI] [REIClientPlugin END] Reloading Section: "start-reload/ScreenRegistryImpl/"
[17:39:13] [REI-ReloadPlugins/TRACE] [REI] [REIClientPlugin END] Reloading Section: "start-reload/ScreenRegistryImpl/" done in 14.08 μs
[17:39:13] [REI-ReloadPlugins/TRACE] [REI] [REIClientPlugin END] Reloading Section: "start-reload/FavoriteEntryTypeRegistryImpl/"
[17:39:13] [REI-ReloadPlugins/TRACE] [REI] [REIClientPlugin END] Reloading Section: "start-reload/FavoriteEntryTypeRegistryImpl/" done in 12.49 μs
[17:39:13] [REI-ReloadPlugins/TRACE] [REI] [REIClientPlugin END] Reloading Section: "start-reload/SubsetsRegistryImpl/"
[17:39:13] [REI-ReloadPlugins/TRACE] [REI] [REIClientPlugin END] Reloading Section: "start-reload/SubsetsRegistryImpl/" done in 11.22 μs
[17:39:13] [REI-ReloadPlugins/TRACE] [REI] [REIClientPlugin END] Reloading Section: "start-reload/TransferHandlerRegistryImpl/"
[17:39:13] [REI-ReloadPlugins/TRACE] [REI] [REIClientPlugin END] Reloading Section: "start-reload/TransferHandlerRegistryImpl/" done in 12.08 μs
[17:39:13] [REI-ReloadPlugins/TRACE] [REI] [REIClientPlugin END] Reloading Section: "start-reload/SearchRuntime/"
[17:39:13] [REI-ReloadPlugins/DEBUG] [REI] Preparing collapsed entry groups cache with 0 entries and 4363 stacks
[17:39:13] [REI-ReloadPlugins/DEBUG] [REI] Prepared collapsed entry groups cache with 0 entries and 4363 stacks
[17:39:13] [REI-ReloadPlugins/TRACE] [REI] [REIClientPlugin END] Reloading Section: "start-reload/SearchRuntime/" done in 521.8 μs
[17:39:13] [REI-ReloadPlugins/TRACE] [REI] [REIClientPlugin END] Reloading Section: "start-reload/REIRuntimeImpl/"
[17:39:13] [REI-ReloadPlugins/TRACE] [REI] [REIClientPlugin END] Reloading Section: "start-reload/REIRuntimeImpl/" done in 17.15 μs
[17:39:13] [REI-ReloadPlugins/TRACE] [REI] [REIClientPlugin END] Reloading Section: "start-reload/ConfigAddonRegistryImpl/"
[17:39:13] [REI-ReloadPlugins/TRACE] [REI] [REIClientPlugin END] Reloading Section: "start-reload/ConfigAddonRegistryImpl/" done in 12.47 μs
[17:39:13] [REI-ReloadPlugins/TRACE] [REI] [REIClientPlugin END] Reloading Section: "start-reload/me.shedaniel.rei.plugin.client.runtime.PluginStageExecutionWatcher$1/"
[17:39:13] [REI-ReloadPlugins/TRACE] [REI] [REIClientPlugin END] Reloading Section: "start-reload/me.shedaniel.rei.plugin.client.runtime.PluginStageExecutionWatcher$1/" done in 9.107 μs
[17:39:13] [REI-ReloadPlugins/TRACE] [REI] [REIClientPlugin END] Reloading Section: "start-reload/" done in 1.537 ms
[17:39:13] [REI-ReloadPlugins/DEBUG] [REI] ========================================
[17:39:13] [REI-ReloadPlugins/DEBUG] [REI] REIClientPlugin started main-reload for END.
[17:39:13] [REI-ReloadPlugins/DEBUG] [REI] ========================================
[17:39:13] [REI-ReloadPlugins/TRACE] [REI] [REIClientPlugin END] Reloading Section: "reloadable-plugin/EntryRendererRegistryImpl/"
[17:39:13] [REI-ReloadPlugins/TRACE] [REI] [REIClientPlugin END] Reloading Section: "reloadable-plugin/EntryRendererRegistryImpl/DefaultClientPluginImpl of DefaultClientPluginImpl [roughlyenoughitems]/"
[17:39:13] [REI-ReloadPlugins/TRACE] [REI] [REIClientPlugin END] Reloading Section: "reloadable-plugin/EntryRendererRegistryImpl/DefaultClientPluginImpl of DefaultClientPluginImpl [roughlyenoughitems]/" done in 21.09 μs
[17:39:13] [REI-ReloadPlugins/TRACE] [REI] [REIClientPlugin END] Reloading Section: "reloadable-plugin/EntryRendererRegistryImpl/REIPlugin of REIPluginLoader [toms_storage]/"
[17:39:13] [REI-ReloadPlugins/TRACE] [REI] [REIClientPlugin END] Reloading Section: "reloadable-plugin/EntryRendererRegistryImpl/REIPlugin of REIPluginLoader [toms_storage]/" done in 13.22 μs
[17:39:13] [REI-ReloadPlugins/TRACE] [REI] [REIClientPlugin END] Reloading Section: "reloadable-plugin/EntryRendererRegistryImpl/StorageReiClientPlugin of StorageReiClientPlugin [sophisticatedstorage]/"
[17:39:13] [REI-ReloadPlugins/TRACE] [REI] [REIClientPlugin END] Reloading Section: "reloadable-plugin/EntryRendererRegistryImpl/StorageReiClientPlugin of StorageReiClientPlugin [sophisticatedstorage]/" done in 13.31 μs
[17:39:13] [REI-ReloadPlugins/TRACE] [REI] [REIClientPlugin END] Reloading Section: "reloadable-plugin/EntryRendererRegistryImpl/OwoReiPlugin of OwoReiPlugin [owo]/"
[17:39:13] [REI-ReloadPlugins/TRACE] [REI] [REIClientPlugin END] Reloading Section: "reloadable-plugin/EntryRendererRegistryImpl/OwoReiPlugin of OwoReiPlugin [owo]/" done in 18.04 μs
[17:39:13] [REI-ReloadPlugins/TRACE] [REI] [REIClientPlugin END] Reloading Section: "reloadable-plugin/EntryRendererRegistryImpl/CuriosReiPlugin of CuriosReiPlugin [curios]/"
[17:39:13] [REI-ReloadPlugins/TRACE] [REI] [REIClientPlugin END] Reloading Section: "reloadable-plugin/EntryRendererRegistryImpl/CuriosReiPlugin of CuriosReiPlugin [curios]/" done in 14.04 μs
[17:39:13] [REI-ReloadPlugins/TRACE] [REI] [REIClientPlugin END] Reloading Section: "reloadable-plugin/EntryRendererRegistryImpl/BackpackReiClientPlugin of BackpackReiClientPlugin [sophisticatedbackpacks]/"
[17:39:13] [REI-ReloadPlugins/TRACE] [REI] [REIClientPlugin END] Reloading Section: "reloadable-plugin/EntryRendererRegistryImpl/BackpackReiClientPlugin of BackpackReiClientPlugin [sophisticatedbackpacks]/" done in 9.668 μs
[17:39:13] [REI-ReloadPlugins/TRACE] [REI] [REIClientPlugin END] Reloading Section: "reloadable-plugin/EntryRendererRegistryImpl/HideIngredientsFromTagsPlugin of HideIngredientsFromTagsPlugin [roughlyenoughitems]/"
[17:39:13] [REI-ReloadPlugins/TRACE] [REI] [REIClientPlugin END] Reloading Section: "reloadable-plugin/EntryRendererRegistryImpl/HideIngredientsFromTagsPlugin of HideIngredientsFromTagsPlugin [roughlyenoughitems]/" done in 16.06 μs
[17:39:13] [REI-ReloadPlugins/TRACE] [REI] [REIClientPlugin END] Reloading Section: "reloadable-plugin/EntryRendererRegistryImpl/DefaultClientRuntimePlugin of DefaultClientRuntimePlugin [roughlyenoughitems]/"
[17:39:13] [REI-ReloadPlugins/TRACE] [REI] [REIClientPlugin END] Reloading Section: "reloadable-plugin/EntryRendererRegistryImpl/DefaultClientRuntimePlugin of DefaultClientRuntimePlugin [roughlyenoughitems]/" done in 11.71 μs
[17:39:13] [REI-ReloadPlugins/TRACE] [REI] [REIClientPlugin END] Reloading Section: "reloadable-plugin/EntryRendererRegistryImpl/KubeJSREIPlugin of KubeJSREIPlugin [kubejs]/"
[17:39:13] [REI-ReloadPlugins/TRACE] [REI] [REIClientPlugin END] Reloading Section: "reloadable-plugin/EntryRendererRegistryImpl/KubeJSREIPlugin of KubeJSREIPlugin [kubejs]/" done in 13.90 μs
[17:39:13] [REI-ReloadPlugins/TRACE] [REI] [REIClientPlugin END] Reloading Section: "reloadable-plugin/EntryRendererRegistryImpl/" done in 313.5 μs
[17:39:13] [REI-ReloadPlugins/TRACE] [REI] [REIClientPlugin END] Reloading Section: "reloadable-plugin/ViewsImpl/"
[17:39:13] [REI-ReloadPlugins/TRACE] [REI] [REIClientPlugin END] Reloading Section: "reloadable-plugin/ViewsImpl/DefaultClientPluginImpl of DefaultClientPluginImpl [roughlyenoughitems]/"
[17:39:13] [REI-ReloadPlugins/TRACE] [REI] [REIClientPlugin END] Reloading Section: "reloadable-plugin/ViewsImpl/DefaultClientPluginImpl of DefaultClientPluginImpl [roughlyenoughitems]/" done in 15.39 μs
[17:39:13] [REI-ReloadPlugins/TRACE] [REI] [REIClientPlugin END] Reloading Section: "reloadable-plugin/ViewsImpl/REIPlugin of REIPluginLoader [toms_storage]/"
[17:39:13] [REI-ReloadPlugins/TRACE] [REI] [REIClientPlugin END] Reloading Section: "reloadable-plugin/ViewsImpl/REIPlugin of REIPluginLoader [toms_storage]/" done in 11.42 μs
[17:39:13] [REI-ReloadPlugins/TRACE] [REI] [REIClientPlugin END] Reloading Section: "reloadable-plugin/ViewsImpl/StorageReiClientPlugin of StorageReiClientPlugin [sophisticatedstorage]/"
[17:39:13] [REI-ReloadPlugins/TRACE] [REI] [REIClientPlugin END] Reloading Section: "reloadable-plugin/ViewsImpl/StorageReiClientPlugin of StorageReiClientPlugin [sophisticatedstorage]/" done in 43.53 μs
[17:39:13] [REI-ReloadPlugins/TRACE] [REI] [REIClientPlugin END] Reloading Section: "reloadable-plugin/ViewsImpl/OwoReiPlugin of OwoReiPlugin [owo]/"
[17:39:13] [REI-ReloadPlugins/TRACE] [REI] [REIClientPlugin END] Reloading Section: "reloadable-plugin/ViewsImpl/OwoReiPlugin of OwoReiPlugin [owo]/" done in 11.23 μs
[17:39:13] [REI-ReloadPlugins/TRACE] [REI] [REIClientPlugin END] Reloading Section: "reloadable-plugin/ViewsImpl/CuriosReiPlugin of CuriosReiPlugin [curios]/"
[17:39:13] [REI-ReloadPlugins/TRACE] [REI] [REIClientPlugin END] Reloading Section: "reloadable-plugin/ViewsImpl/CuriosReiPlugin of CuriosReiPlugin [curios]/" done in 10.17 μs
[17:39:13] [REI-ReloadPlugins/TRACE] [REI] [REIClientPlugin END] Reloading Section: "reloadable-plugin/ViewsImpl/BackpackReiClientPlugin of BackpackReiClientPlugin [sophisticatedbackpacks]/"
[17:39:13] [REI-ReloadPlugins/TRACE] [REI] [REIClientPlugin END] Reloading Section: "reloadable-plugin/ViewsImpl/BackpackReiClientPlugin of BackpackReiClientPlugin [sophisticatedbackpacks]/" done in 10.52 μs
[17:39:13] [REI-ReloadPlugins/TRACE] [REI] [REIClientPlugin END] Reloading Section: "reloadable-plugin/ViewsImpl/HideIngredientsFromTagsPlugin of HideIngredientsFromTagsPlugin [roughlyenoughitems]/"
[17:39:13] [REI-ReloadPlugins/TRACE] [REI] [REIClientPlugin END] Reloading Section: "reloadable-plugin/ViewsImpl/HideIngredientsFromTagsPlugin of HideIngredientsFromTagsPlugin [roughlyenoughitems]/" done in 10.66 μs
[17:39:13] [REI-ReloadPlugins/TRACE] [REI] [REIClientPlugin END] Reloading Section: "reloadable-plugin/ViewsImpl/DefaultClientRuntimePlugin of DefaultClientRuntimePlugin [roughlyenoughitems]/"
[17:39:13] [REI-ReloadPlugins/TRACE] [REI] [REIClientPlugin END] Reloading Section: "reloadable-plugin/ViewsImpl/DefaultClientRuntimePlugin of DefaultClientRuntimePlugin [roughlyenoughitems]/" done in 13.58 μs
[17:39:13] [REI-ReloadPlugins/TRACE] [REI] [REIClientPlugin END] Reloading Section: "reloadable-plugin/ViewsImpl/KubeJSREIPlugin of KubeJSREIPlugin [kubejs]/"
[17:39:13] [REI-ReloadPlugins/TRACE] [REI] [REIClientPlugin END] Reloading Section: "reloadable-plugin/ViewsImpl/KubeJSREIPlugin of KubeJSREIPlugin [kubejs]/" done in 10.03 μs
[17:39:13] [REI-ReloadPlugins/TRACE] [REI] [REIClientPlugin END] Reloading Section: "reloadable-plugin/ViewsImpl/" done in 322.4 μs
[17:39:13] [REI-ReloadPlugins/TRACE] [REI] [REIClientPlugin END] Reloading Section: "reloadable-plugin/InputMethodRegistryImpl/"
[17:39:13] [REI-ReloadPlugins/TRACE] [REI] [REIClientPlugin END] Reloading Section: "reloadable-plugin/InputMethodRegistryImpl/DefaultClientPluginImpl of DefaultClientPluginImpl [roughlyenoughitems]/"
[17:39:13] [REI-ReloadPlugins/TRACE] [REI] [REIClientPlugin END] Reloading Section: "reloadable-plugin/InputMethodRegistryImpl/DefaultClientPluginImpl of DefaultClientPluginImpl [roughlyenoughitems]/" done in 18.04 μs
[17:39:13] [REI-ReloadPlugins/TRACE] [REI] [REIClientPlugin END] Reloading Section: "reloadable-plugin/InputMethodRegistryImpl/REIPlugin of REIPluginLoader [toms_storage]/"
[17:39:13] [REI-ReloadPlugins/TRACE] [REI] [REIClientPlugin END] Reloading Section: "reloadable-plugin/InputMethodRegistryImpl/REIPlugin of REIPluginLoader [toms_storage]/" done in 14.09 μs
[17:39:13] [REI-ReloadPlugins/TRACE] [REI] [REIClientPlugin END] Reloading Section: "reloadable-plugin/InputMethodRegistryImpl/StorageReiClientPlugin of StorageReiClientPlugin [sophisticatedstorage]/"
[17:39:13] [REI-ReloadPlugins/TRACE] [REI] [REIClientPlugin END] Reloading Section: "reloadable-plugin/InputMethodRegistryImpl/StorageReiClientPlugin of StorageReiClientPlugin [sophisticatedstorage]/" done in 10.33 μs
[17:39:13] [REI-ReloadPlugins/TRACE] [REI] [REIClientPlugin END] Reloading Section: "reloadable-plugin/InputMethodRegistryImpl/OwoReiPlugin of OwoReiPlugin [owo]/"
[17:39:13] [REI-ReloadPlugins/TRACE] [REI] [REIClientPlugin END] Reloading Section: "reloadable-plugin/InputMethodRegistryImpl/OwoReiPlugin of OwoReiPlugin [owo]/" done in 10.06 μs
[17:39:13] [REI-ReloadPlugins/TRACE] [REI] [REIClientPlugin END] Reloading Section: "reloadable-plugin/InputMethodRegistryImpl/CuriosReiPlugin of CuriosReiPlugin [curios]/"
[17:39:13] [REI-ReloadPlugins/TRACE] [REI] [REIClientPlugin END] Reloading Section: "reloadable-plugin/InputMethodRegistryImpl/CuriosReiPlugin of CuriosReiPlugin [curios]/" done in 10.06 μs
[17:39:13] [REI-ReloadPlugins/TRACE] [REI] [REIClientPlugin END] Reloading Section: "reloadable-plugin/InputMethodRegistryImpl/BackpackReiClientPlugin of BackpackReiClientPlugin [sophisticatedbackpacks]/"
[17:39:13] [REI-ReloadPlugins/TRACE] [REI] [REIClientPlugin END] Reloading Section: "reloadable-plugin/InputMethodRegistryImpl/BackpackReiClientPlugin of BackpackReiClientPlugin [sophisticatedbackpacks]/" done in 11.62 μs
[17:39:13] [REI-ReloadPlugins/TRACE] [REI] [REIClientPlugin END] Reloading Section: "reloadable-plugin/InputMethodRegistryImpl/HideIngredientsFromTagsPlugin of HideIngredientsFromTagsPlugin [roughlyenoughitems]/"
[17:39:13] [REI-ReloadPlugins/TRACE] [REI] [REIClientPlugin END] Reloading Section: "reloadable-plugin/InputMethodRegistryImpl/HideIngredientsFromTagsPlugin of HideIngredientsFromTagsPlugin [roughlyenoughitems]/" done in 10.48 μs
[17:39:13] [REI-ReloadPlugins/TRACE] [REI] [REIClientPlugin END] Reloading Section: "reloadable-plugin/InputMethodRegistryImpl/DefaultClientRuntimePlugin of DefaultClientRuntimePlugin [roughlyenoughitems]/"
[17:39:13] [REI-ReloadPlugins/DEBUG] [REI] Added input method [rei:default]: Default
[17:39:13] [REI-ReloadPlugins/DEBUG] [REI] Added input method [rei:pinyin]: Pinyin (Mandarin)
[17:39:13] [REI-ReloadPlugins/DEBUG] [REI] Added input method [rei:jyutping]: Jyutping (Cantonese)
[17:39:13] [REI-ReloadPlugins/DEBUG] [REI] Added input method [rei:bomopofo]: Bopomofo (Mandarin)
[17:39:13] [REI-ReloadPlugins/DEBUG] [REI] Added input method [rei:double_pinyin]: Double Pinyin (Mandarin)
[17:39:13] [REI-ReloadPlugins/TRACE] [REI] [REIClientPlugin END] Reloading Section: "reloadable-plugin/InputMethodRegistryImpl/DefaultClientRuntimePlugin of DefaultClientRuntimePlugin [roughlyenoughitems]/" done in 5.127 ms
[17:39:13] [REI-ReloadPlugins/TRACE] [REI] [REIClientPlugin END] Reloading Section: "reloadable-plugin/InputMethodRegistryImpl/KubeJSREIPlugin of KubeJSREIPlugin [kubejs]/"
[17:39:13] [REI-ReloadPlugins/TRACE] [REI] [REIClientPlugin END] Reloading Section: "reloadable-plugin/InputMethodRegistryImpl/KubeJSREIPlugin of KubeJSREIPlugin [kubejs]/" done in 13.86 μs
[17:39:13] [REI-ReloadPlugins/TRACE] [REI] [REIClientPlugin END] Reloading Section: "reloadable-plugin/InputMethodRegistryImpl/" done in 5.462 ms
[17:39:13] [REI-ReloadPlugins/TRACE] [REI] [REIClientPlugin END] Reloading Section: "reloadable-plugin/SearchProviderImpl/"
[17:39:13] [REI-ReloadPlugins/TRACE] [REI] [REIClientPlugin END] Reloading Section: "reloadable-plugin/SearchProviderImpl/DefaultClientPluginImpl of DefaultClientPluginImpl [roughlyenoughitems]/"
[17:39:13] [REI-ReloadPlugins/TRACE] [REI] [REIClientPlugin END] Reloading Section: "reloadable-plugin/SearchProviderImpl/DefaultClientPluginImpl of DefaultClientPluginImpl [roughlyenoughitems]/" done in 11.10 μs
[17:39:13] [REI-ReloadPlugins/TRACE] [REI] [REIClientPlugin END] Reloading Section: "reloadable-plugin/SearchProviderImpl/REIPlugin of REIPluginLoader [toms_storage]/"
[17:39:13] [REI-ReloadPlugins/TRACE] [REI] [REIClientPlugin END] Reloading Section: "reloadable-plugin/SearchProviderImpl/REIPlugin of REIPluginLoader [toms_storage]/" done in 10.42 μs
[17:39:13] [REI-ReloadPlugins/TRACE] [REI] [REIClientPlugin END] Reloading Section: "reloadable-plugin/SearchProviderImpl/StorageReiClientPlugin of StorageReiClientPlugin [sophisticatedstorage]/"
[17:39:13] [REI-ReloadPlugins/TRACE] [REI] [REIClientPlugin END] Reloading Section: "reloadable-plugin/SearchProviderImpl/StorageReiClientPlugin of StorageReiClientPlugin [sophisticatedstorage]/" done in 7.704 μs
[17:39:13] [REI-ReloadPlugins/TRACE] [REI] [REIClientPlugin END] Reloading Section: "reloadable-plugin/SearchProviderImpl/OwoReiPlugin of OwoReiPlugin [owo]/"
[17:39:13] [REI-ReloadPlugins/TRACE] [REI] [REIClientPlugin END] Reloading Section: "reloadable-plugin/SearchProviderImpl/OwoReiPlugin of OwoReiPlugin [owo]/" done in 7.374 μs
[17:39:13] [REI-ReloadPlugins/TRACE] [REI] [REIClientPlugin END] Reloading Section: "reloadable-plugin/SearchProviderImpl/CuriosReiPlugin of CuriosReiPlugin [curios]/"
[17:39:13] [REI-ReloadPlugins/TRACE] [REI] [REIClientPlugin END] Reloading Section: "reloadable-plugin/SearchProviderImpl/CuriosReiPlugin of CuriosReiPlugin [curios]/" done in 7.134 μs
[17:39:13] [REI-ReloadPlugins/TRACE] [REI] [REIClientPlugin END] Reloading Section: "reloadable-plugin/SearchProviderImpl/BackpackReiClientPlugin of BackpackReiClientPlugin [sophisticatedbackpacks]/"
[17:39:13] [REI-ReloadPlugins/TRACE] [REI] [REIClientPlugin END] Reloading Section: "reloadable-plugin/SearchProviderImpl/BackpackReiClientPlugin of BackpackReiClientPlugin [sophisticatedbackpacks]/" done in 7.284 μs
[17:39:13] [REI-ReloadPlugins/TRACE] [REI] [REIClientPlugin END] Reloading Section: "reloadable-plugin/SearchProviderImpl/HideIngredientsFromTagsPlugin of HideIngredientsFromTagsPlugin [roughlyenoughitems]/"
[17:39:13] [REI-ReloadPlugins/TRACE] [REI] [REIClientPlugin END] Reloading Section: "reloadable-plugin/SearchProviderImpl/HideIngredientsFromTagsPlugin of HideIngredientsFromTagsPlugin [roughlyenoughitems]/" done in 7.034 μs
[17:39:13] [REI-ReloadPlugins/TRACE] [REI] [REIClientPlugin END] Reloading Section: "reloadable-plugin/SearchProviderImpl/DefaultClientRuntimePlugin of DefaultClientRuntimePlugin [roughlyenoughitems]/"
[17:39:13] [REI-ReloadPlugins/TRACE] [REI] [REIClientPlugin END] Reloading Section: "reloadable-plugin/SearchProviderImpl/DefaultClientRuntimePlugin of DefaultClientRuntimePlugin [roughlyenoughitems]/" done in 16.36 μs
[17:39:13] [REI-ReloadPlugins/TRACE] [REI] [REIClientPlugin END] Reloading Section: "reloadable-plugin/SearchProviderImpl/KubeJSREIPlugin of KubeJSREIPlugin [kubejs]/"
[17:39:13] [REI-ReloadPlugins/TRACE] [REI] [REIClientPlugin END] Reloading Section: "reloadable-plugin/SearchProviderImpl/KubeJSREIPlugin of KubeJSREIPlugin [kubejs]/" done in 14.09 μs
[17:39:13] [REI-ReloadPlugins/TRACE] [REI] [REIClientPlugin END] Reloading Section: "reloadable-plugin/SearchProviderImpl/" done in 230.0 μs
[17:39:13] [REI-ReloadPlugins/TRACE] [REI] [REIClientPlugin END] Reloading Section: "reloadable-plugin/ConfigManagerImpl/"
[17:39:13] [REI-ReloadPlugins/TRACE] [REI] [REIClientPlugin END] Reloading Section: "reloadable-plugin/ConfigManagerImpl/DefaultClientPluginImpl of DefaultClientPluginImpl [roughlyenoughitems]/"
[17:39:13] [REI-ReloadPlugins/TRACE] [REI] [REIClientPlugin END] Reloading Section: "reloadable-plugin/ConfigManagerImpl/DefaultClientPluginImpl of DefaultClientPluginImpl [roughlyenoughitems]/" done in 7.624 μs
[17:39:13] [REI-ReloadPlugins/TRACE] [REI] [REIClientPlugin END] Reloading Section: "reloadable-plugin/ConfigManagerImpl/REIPlugin of REIPluginLoader [toms_storage]/"
[17:39:13] [REI-ReloadPlugins/TRACE] [REI] [REIClientPlugin END] Reloading Section: "reloadable-plugin/ConfigManagerImpl/REIPlugin of REIPluginLoader [toms_storage]/" done in 7.894 μs
[17:39:13] [REI-ReloadPlugins/TRACE] [REI] [REIClientPlugin END] Reloading Section: "reloadable-plugin/ConfigManagerImpl/StorageReiClientPlugin of StorageReiClientPlugin [sophisticatedstorage]/"
[17:39:13] [REI-ReloadPlugins/TRACE] [REI] [REIClientPlugin END] Reloading Section: "reloadable-plugin/ConfigManagerImpl/StorageReiClientPlugin of StorageReiClientPlugin [sophisticatedstorage]/" done in 7.144 μs
[17:39:13] [REI-ReloadPlugins/TRACE] [REI] [REIClientPlugin END] Reloading Section: "reloadable-plugin/ConfigManagerImpl/OwoReiPlugin of OwoReiPlugin [owo]/"
[17:39:13] [REI-ReloadPlugins/TRACE] [REI] [REIClientPlugin END] Reloading Section: "reloadable-plugin/ConfigManagerImpl/OwoReiPlugin of OwoReiPlugin [owo]/" done in 10.02 μs
[17:39:13] [REI-ReloadPlugins/TRACE] [REI] [REIClientPlugin END] Reloading Section: "reloadable-plugin/ConfigManagerImpl/CuriosReiPlugin of CuriosReiPlugin [curios]/"
[17:39:13] [REI-ReloadPlugins/TRACE] [REI] [REIClientPlugin END] Reloading Section: "reloadable-plugin/ConfigManagerImpl/CuriosReiPlugin of CuriosReiPlugin [curios]/" done in 7.073 μs
[17:39:13] [REI-ReloadPlugins/TRACE] [REI] [REIClientPlugin END] Reloading Section: "reloadable-plugin/ConfigManagerImpl/BackpackReiClientPlugin of BackpackReiClientPlugin [sophisticatedbackpacks]/"
[17:39:13] [REI-ReloadPlugins/TRACE] [REI] [REIClientPlugin END] Reloading Section: "reloadable-plugin/ConfigManagerImpl/BackpackReiClientPlugin of BackpackReiClientPlugin [sophisticatedbackpacks]/" done in 7.023 μs
[17:39:13] [REI-ReloadPlugins/TRACE] [REI] [REIClientPlugin END] Reloading Section: "reloadable-plugin/ConfigManagerImpl/HideIngredientsFromTagsPlugin of HideIngredientsFromTagsPlugin [roughlyenoughitems]/"
[17:39:13] [REI-ReloadPlugins/TRACE] [REI] [REIClientPlugin END] Reloading Section: "reloadable-plugin/ConfigManagerImpl/HideIngredientsFromTagsPlugin of HideIngredientsFromTagsPlugin [roughlyenoughitems]/" done in 9.248 μs
[17:39:13] [REI-ReloadPlugins/TRACE] [REI] [REIClientPlugin END] Reloading Section: "reloadable-plugin/ConfigManagerImpl/DefaultClientRuntimePlugin of DefaultClientRuntimePlugin [roughlyenoughitems]/"
[17:39:13] [REI-ReloadPlugins/TRACE] [REI] [REIClientPlugin END] Reloading Section: "reloadable-plugin/ConfigManagerImpl/DefaultClientRuntimePlugin of DefaultClientRuntimePlugin [roughlyenoughitems]/" done in 12.38 μs
[17:39:13] [REI-ReloadPlugins/TRACE] [REI] [REIClientPlugin END] Reloading Section: "reloadable-plugin/ConfigManagerImpl/KubeJSREIPlugin of KubeJSREIPlugin [kubejs]/"
[17:39:13] [REI-ReloadPlugins/TRACE] [REI] [REIClientPlugin END] Reloading Section: "reloadable-plugin/ConfigManagerImpl/KubeJSREIPlugin of KubeJSREIPlugin [kubejs]/" done in 18.86 μs
[17:39:13] [REI-ReloadPlugins/TRACE] [REI] [REIClientPlugin END] Reloading Section: "reloadable-plugin/ConfigManagerImpl/" done in 205.4 μs
[17:39:13] [REI-ReloadPlugins/TRACE] [REI] [REIClientPlugin END] Reloading Section: "reloadable-plugin/EntryRegistryImpl/"
[17:39:13] [REI-ReloadPlugins/TRACE] [REI] [REIClientPlugin END] Reloading Section: "reloadable-plugin/EntryRegistryImpl/DefaultClientPluginImpl of DefaultClientPluginImpl [roughlyenoughitems]/"
[17:39:13] [REI-ReloadPlugins/TRACE] [REI] [REIClientPlugin END] Reloading Section: "reloadable-plugin/EntryRegistryImpl/DefaultClientPluginImpl of DefaultClientPluginImpl [roughlyenoughitems]/" done in 8.606 μs
[17:39:13] [REI-ReloadPlugins/TRACE] [REI] [REIClientPlugin END] Reloading Section: "reloadable-plugin/EntryRegistryImpl/REIPlugin of REIPluginLoader [toms_storage]/"
[17:39:13] [REI-ReloadPlugins/TRACE] [REI] [REIClientPlugin END] Reloading Section: "reloadable-plugin/EntryRegistryImpl/REIPlugin of REIPluginLoader [toms_storage]/" done in 7.864 μs
[17:39:13] [REI-ReloadPlugins/TRACE] [REI] [REIClientPlugin END] Reloading Section: "reloadable-plugin/EntryRegistryImpl/StorageReiClientPlugin of StorageReiClientPlugin [sophisticatedstorage]/"
[17:39:13] [REI-ReloadPlugins/TRACE] [REI] [REIClientPlugin END] Reloading Section: "reloadable-plugin/EntryRegistryImpl/StorageReiClientPlugin of StorageReiClientPlugin [sophisticatedstorage]/" done in 7.635 μs
[17:39:13] [REI-ReloadPlugins/TRACE] [REI] [REIClientPlugin END] Reloading Section: "reloadable-plugin/EntryRegistryImpl/OwoReiPlugin of OwoReiPlugin [owo]/"
[17:39:13] [REI-ReloadPlugins/TRACE] [REI] [REIClientPlugin END] Reloading Section: "reloadable-plugin/EntryRegistryImpl/OwoReiPlugin of OwoReiPlugin [owo]/" done in 7.423 μs
[17:39:13] [REI-ReloadPlugins/TRACE] [REI] [REIClientPlugin END] Reloading Section: "reloadable-plugin/EntryRegistryImpl/CuriosReiPlugin of CuriosReiPlugin [curios]/"
[17:39:13] [REI-ReloadPlugins/TRACE] [REI] [REIClientPlugin END] Reloading Section: "reloadable-plugin/EntryRegistryImpl/CuriosReiPlugin of CuriosReiPlugin [curios]/" done in 6.953 μs
[17:39:13] [REI-ReloadPlugins/TRACE] [REI] [REIClientPlugin END] Reloading Section: "reloadable-plugin/EntryRegistryImpl/BackpackReiClientPlugin of BackpackReiClientPlugin [sophisticatedbackpacks]/"
[17:39:13] [REI-ReloadPlugins/TRACE] [REI] [REIClientPlugin END] Reloading Section: "reloadable-plugin/EntryRegistryImpl/BackpackReiClientPlugin of BackpackReiClientPlugin [sophisticatedbackpacks]/" done in 6.973 μs
[17:39:13] [REI-ReloadPlugins/TRACE] [REI] [REIClientPlugin END] Reloading Section: "reloadable-plugin/EntryRegistryImpl/HideIngredientsFromTagsPlugin of HideIngredientsFromTagsPlugin [roughlyenoughitems]/"
[17:39:13] [REI-ReloadPlugins/TRACE] [REI] [REIClientPlugin END] Reloading Section: "reloadable-plugin/EntryRegistryImpl/HideIngredientsFromTagsPlugin of HideIngredientsFromTagsPlugin [roughlyenoughitems]/" done in 13.40 μs
[17:39:13] [REI-ReloadPlugins/TRACE] [REI] [REIClientPlugin END] Reloading Section: "reloadable-plugin/EntryRegistryImpl/DefaultClientRuntimePlugin of DefaultClientRuntimePlugin [roughlyenoughitems]/"
[17:39:13] [REI-ReloadPlugins/TRACE] [REI] [REIClientPlugin END] Reloading Section: "reloadable-plugin/EntryRegistryImpl/DefaultClientRuntimePlugin of DefaultClientRuntimePlugin [roughlyenoughitems]/" done in 11.52 μs
[17:39:13] [REI-ReloadPlugins/TRACE] [REI] [REIClientPlugin END] Reloading Section: "reloadable-plugin/EntryRegistryImpl/KubeJSREIPlugin of KubeJSREIPlugin [kubejs]/"
[17:39:13] [REI-ReloadPlugins/TRACE] [REI] [REIClientPlugin END] Reloading Section: "reloadable-plugin/EntryRegistryImpl/KubeJSREIPlugin of KubeJSREIPlugin [kubejs]/" done in 10.94 μs
[17:39:13] [REI-ReloadPlugins/TRACE] [REI] [REIClientPlugin END] Reloading Section: "reloadable-plugin/EntryRegistryImpl/" done in 197.3 μs
[17:39:13] [REI-ReloadPlugins/TRACE] [REI] [REIClientPlugin END] Reloading Section: "reloadable-plugin/CollapsibleEntryRegistryImpl/"
[17:39:13] [REI-ReloadPlugins/TRACE] [REI] [REIClientPlugin END] Reloading Section: "reloadable-plugin/CollapsibleEntryRegistryImpl/DefaultClientPluginImpl of DefaultClientPluginImpl [roughlyenoughitems]/"
[17:39:13] [REI-ReloadPlugins/DEBUG] [REI] Added collapsible entry group [roughlyenoughitems:enchanted_book] Enchanted Book with dynamic predicate
[17:39:13] [REI-ReloadPlugins/DEBUG] [REI] Added collapsible entry group [roughlyenoughitems:potion] Potion with dynamic predicate
[17:39:13] [REI-ReloadPlugins/DEBUG] [REI] Added collapsible entry group [roughlyenoughitems:splash_potion] Splash Potion with dynamic predicate
[17:39:13] [REI-ReloadPlugins/DEBUG] [REI] Added collapsible entry group [roughlyenoughitems:lingering_potion] Lingering Potion with dynamic predicate
[17:39:13] [REI-ReloadPlugins/DEBUG] [REI] Added collapsible entry group [roughlyenoughitems:spawn_egg] Spawn Egg with dynamic predicate
[17:39:13] [REI-ReloadPlugins/DEBUG] [REI] Added collapsible entry group [roughlyenoughitems:tipped_arrow] Tipped Arrow with dynamic predicate
[17:39:13] [REI-ReloadPlugins/DEBUG] [REI] Added collapsible entry group [roughlyenoughitems:music_disc] Music Disc with dynamic predicate
[17:39:13] [REI-ReloadPlugins/TRACE] [REI] [REIClientPlugin END] Reloading Section: "reloadable-plugin/CollapsibleEntryRegistryImpl/DefaultClientPluginImpl of DefaultClientPluginImpl [roughlyenoughitems]/" done in 1.112 ms
[17:39:13] [REI-ReloadPlugins/TRACE] [REI] [REIClientPlugin END] Reloading Section: "reloadable-plugin/CollapsibleEntryRegistryImpl/REIPlugin of REIPluginLoader [toms_storage]/"
[17:39:13] [REI-ReloadPlugins/TRACE] [REI] [REIClientPlugin END] Reloading Section: "reloadable-plugin/CollapsibleEntryRegistryImpl/REIPlugin of REIPluginLoader [toms_storage]/" done in 18.22 μs
[17:39:13] [REI-ReloadPlugins/TRACE] [REI] [REIClientPlugin END] Reloading Section: "reloadable-plugin/CollapsibleEntryRegistryImpl/StorageReiClientPlugin of StorageReiClientPlugin [sophisticatedstorage]/"
[17:39:13] [REI-ReloadPlugins/DEBUG] [REI] Added collapsible entry group [sophisticatedstorage:rei_group/barrel] Barrel with 29 entries
[17:39:13] [REI-ReloadPlugins/DEBUG] [REI] Added collapsible entry group [sophisticatedstorage:rei_group/copper_barrel] Copper Barrel with 11 entries
[17:39:13] [REI-ReloadPlugins/DEBUG] [REI] Added collapsible entry group [sophisticatedstorage:rei_group/iron_barrel] Iron Barrel with 11 entries
[17:39:13] [REI-ReloadPlugins/DEBUG] [REI] Added collapsible entry group [sophisticatedstorage:rei_group/gold_barrel] Gold Barrel with 11 entries
[17:39:13] [REI-ReloadPlugins/DEBUG] [REI] Added collapsible entry group [sophisticatedstorage:rei_group/diamond_barrel] Diamond Barrel with 11 entries
[17:39:13] [REI-ReloadPlugins/DEBUG] [REI] Added collapsible entry group [sophisticatedstorage:rei_group/netherite_barrel] Netherite Barrel with 11 entries
[17:39:13] [REI-ReloadPlugins/DEBUG] [REI] Added collapsible entry group [sophisticatedstorage:rei_group/limited_barrel_1] Limited Barrel I with 28 entries
[17:39:13] [REI-ReloadPlugins/DEBUG] [REI] Added collapsible entry group [sophisticatedstorage:rei_group/limited_iron_barrel_1] Limited Iron Barrel I with 11 entries
[17:39:13] [REI-ReloadPlugins/DEBUG] [REI] Added collapsible entry group [sophisticatedstorage:rei_group/limited_copper_barrel_1] Limited Copper Barrel I with 11 entries
[17:39:13] [REI-ReloadPlugins/DEBUG] [REI] Added collapsible entry group [sophisticatedstorage:rei_group/limited_gold_barrel_1] Limited Gold Barrel I with 11 entries
[17:39:13] [REI-ReloadPlugins/DEBUG] [REI] Added collapsible entry group [sophisticatedstorage:rei_group/limited_diamond_barrel_1] Limited Diamond Barrel I with 11 entries
[17:39:13] [REI-ReloadPlugins/DEBUG] [REI] Added collapsible entry group [sophisticatedstorage:rei_group/limited_netherite_barrel_1] Limited Netherite Barrel I with 11 entries
[17:39:13] [REI-ReloadPlugins/DEBUG] [REI] Added collapsible entry group [sophisticatedstorage:rei_group/limited_barrel_2] Limited Barrel II with 28 entries
[17:39:13] [REI-ReloadPlugins/DEBUG] [REI] Added collapsible entry group [sophisticatedstorage:rei_group/limited_copper_barrel_2] Limited Copper Barrel II with 11 entries
[17:39:13] [REI-ReloadPlugins/DEBUG] [REI] Added collapsible entry group [sophisticatedstorage:rei_group/limited_iron_barrel_2] Limited Iron Barrel II with 11 entries
[17:39:13] [REI-ReloadPlugins/DEBUG] [REI] Added collapsible entry group [sophisticatedstorage:rei_group/limited_gold_barrel_2] Limited Gold Barrel II with 11 entries
[17:39:13] [REI-ReloadPlugins/DEBUG] [REI] Added collapsible entry group [sophisticatedstorage:rei_group/limited_diamond_barrel_2] Limited Diamond Barrel II with 11 entries
[17:39:13] [REI-ReloadPlugins/DEBUG] [REI] Added collapsible entry group [sophisticatedstorage:rei_group/limited_netherite_barrel_2] Limited Netherite Barrel II with 11 entries
[17:39:13] [REI-ReloadPlugins/DEBUG] [REI] Added collapsible entry group [sophisticatedstorage:rei_group/limited_barrel_3] Limited Barrel III with 28 entries
[17:39:13] [REI-ReloadPlugins/DEBUG] [REI] Added collapsible entry group [sophisticatedstorage:rei_group/limited_copper_barrel_3] Limited Copper Barrel III with 11 entries
[17:39:13] [REI-ReloadPlugins/DEBUG] [REI] Added collapsible entry group [sophisticatedstorage:rei_group/limited_iron_barrel_3] Limited Iron Barrel III with 11 entries
[17:39:13] [REI-ReloadPlugins/DEBUG] [REI] Added collapsible entry group [sophisticatedstorage:rei_group/limited_gold_barrel_3] Limited Gold Barrel III with 11 entries
[17:39:13] [REI-ReloadPlugins/DEBUG] [REI] Added collapsible entry group [sophisticatedstorage:rei_group/limited_diamond_barrel_3] Limited Diamond Barrel III with 11 entries
[17:39:13] [REI-ReloadPlugins/DEBUG] [REI] Added collapsible entry group [sophisticatedstorage:rei_group/limited_netherite_barrel_3] Limited Netherite Barrel III with 11 entries
[17:39:13] [REI-ReloadPlugins/DEBUG] [REI] Added collapsible entry group [sophisticatedstorage:rei_group/limited_barrel_4] Limited Barrel IV with 28 entries
[17:39:13] [REI-ReloadPlugins/DEBUG] [REI] Added collapsible entry group [sophisticatedstorage:rei_group/limited_copper_barrel_4] Limited Copper Barrel IV with 11 entries
[17:39:13] [REI-ReloadPlugins/DEBUG] [REI] Added collapsible entry group [sophisticatedstorage:rei_group/limited_iron_barrel_4] Limited Iron Barrel IV with 11 entries
[17:39:13] [REI-ReloadPlugins/DEBUG] [REI] Added collapsible entry group [sophisticatedstorage:rei_group/limited_gold_barrel_4] Limited Gold Barrel IV with 11 entries
[17:39:13] [REI-ReloadPlugins/DEBUG] [REI] Added collapsible entry group [sophisticatedstorage:rei_group/limited_diamond_barrel_4] Limited Diamond Barrel IV with 11 entries
[17:39:13] [REI-ReloadPlugins/DEBUG] [REI] Added collapsible entry group [sophisticatedstorage:rei_group/limited_netherite_barrel_4] Limited Netherite Barrel IV with 11 entries
[17:39:13] [REI-ReloadPlugins/DEBUG] [REI] Added collapsible entry group [sophisticatedstorage:rei_group/chest] Chest with 28 entries
[17:39:13] [REI-ReloadPlugins/DEBUG] [REI] Added collapsible entry group [sophisticatedstorage:rei_group/copper_chest] Copper Chest with 11 entries
[17:39:13] [REI-ReloadPlugins/DEBUG] [REI] Added collapsible entry group [sophisticatedstorage:rei_group/iron_chest] Iron Chest with 11 entries
[17:39:13] [REI-ReloadPlugins/DEBUG] [REI] Added collapsible entry group [sophisticatedstorage:rei_group/gold_chest] Gold Chest with 11 entries
[17:39:13] [REI-ReloadPlugins/DEBUG] [REI] Added collapsible entry group [sophisticatedstorage:rei_group/diamond_chest] Diamond Chest with 11 entries
[17:39:13] [REI-ReloadPlugins/DEBUG] [REI] Added collapsible entry group [sophisticatedstorage:rei_group/netherite_chest] Netherite Chest with 11 entries
[17:39:13] [REI-ReloadPlugins/DEBUG] [REI] Added collapsible entry group [sophisticatedstorage:rei_group/shulker_box] Shulker Box with 18 entries
[17:39:13] [REI-ReloadPlugins/TRACE] [REI] [REIClientPlugin END] Reloading Section: "reloadable-plugin/CollapsibleEntryRegistryImpl/StorageReiClientPlugin of StorageReiClientPlugin [sophisticatedstorage]/" done in 5.011 ms
[17:39:13] [REI-ReloadPlugins/TRACE] [REI] [REIClientPlugin END] Reloading Section: "reloadable-plugin/CollapsibleEntryRegistryImpl/OwoReiPlugin of OwoReiPlugin [owo]/"
[17:39:13] [REI-ReloadPlugins/TRACE] [REI] [REIClientPlugin END] Reloading Section: "reloadable-plugin/CollapsibleEntryRegistryImpl/OwoReiPlugin of OwoReiPlugin [owo]/" done in 24.11 μs
[17:39:13] [REI-ReloadPlugins/TRACE] [REI] [REIClientPlugin END] Reloading Section: "reloadable-plugin/CollapsibleEntryRegistryImpl/CuriosReiPlugin of CuriosReiPlugin [curios]/"
[17:39:13] [REI-ReloadPlugins/TRACE] [REI] [REIClientPlugin END] Reloading Section: "reloadable-plugin/CollapsibleEntryRegistryImpl/CuriosReiPlugin of CuriosReiPlugin [curios]/" done in 9.618 μs
[17:39:13] [REI-ReloadPlugins/TRACE] [REI] [REIClientPlugin END] Reloading Section: "reloadable-plugin/CollapsibleEntryRegistryImpl/BackpackReiClientPlugin of BackpackReiClientPlugin [sophisticatedbackpacks]/"
[17:39:13] [REI-ReloadPlugins/DEBUG] [REI] Added collapsible entry group [sophisticatedbackpacks:rei_group/backpack] Backpack with 18 entries
[17:39:13] [REI-ReloadPlugins/TRACE] [REI] [REIClientPlugin END] Reloading Section: "reloadable-plugin/CollapsibleEntryRegistryImpl/BackpackReiClientPlugin of BackpackReiClientPlugin [sophisticatedbackpacks]/" done in 478.6 μs
[17:39:13] [REI-ReloadPlugins/TRACE] [REI] [REIClientPlugin END] Reloading Section: "reloadable-plugin/CollapsibleEntryRegistryImpl/HideIngredientsFromTagsPlugin of HideIngredientsFromTagsPlugin [roughlyenoughitems]/"
[17:39:13] [REI-ReloadPlugins/TRACE] [REI] [REIClientPlugin END] Reloading Section: "reloadable-plugin/CollapsibleEntryRegistryImpl/HideIngredientsFromTagsPlugin of HideIngredientsFromTagsPlugin [roughlyenoughitems]/" done in 15.32 μs
[17:39:13] [REI-ReloadPlugins/TRACE] [REI] [REIClientPlugin END] Reloading Section: "reloadable-plugin/CollapsibleEntryRegistryImpl/DefaultClientRuntimePlugin of DefaultClientRuntimePlugin [roughlyenoughitems]/"
[17:39:13] [REI-ReloadPlugins/TRACE] [REI] [REIClientPlugin END] Reloading Section: "reloadable-plugin/CollapsibleEntryRegistryImpl/DefaultClientRuntimePlugin of DefaultClientRuntimePlugin [roughlyenoughitems]/" done in 12.53 μs
[17:39:13] [REI-ReloadPlugins/TRACE] [REI] [REIClientPlugin END] Reloading Section: "reloadable-plugin/CollapsibleEntryRegistryImpl/KubeJSREIPlugin of KubeJSREIPlugin [kubejs]/"
[17:39:13] [REI-ReloadPlugins/TRACE] [REI] [REIClientPlugin END] Reloading Section: "reloadable-plugin/CollapsibleEntryRegistryImpl/KubeJSREIPlugin of KubeJSREIPlugin [kubejs]/" done in 18.48 μs
[17:39:13] [REI-ReloadPlugins/TRACE] [REI] [REIClientPlugin END] Reloading Section: "reloadable-plugin/CollapsibleEntryRegistryImpl/" done in 6.993 ms
[17:39:13] [REI-ReloadPlugins/TRACE] [REI] [REIClientPlugin END] Reloading Section: "reloadable-plugin/BasicFilteringRuleImpl/"
[17:39:13] [REI-ReloadPlugins/TRACE] [REI] [REIClientPlugin END] Reloading Section: "reloadable-plugin/BasicFilteringRuleImpl/DefaultClientPluginImpl of DefaultClientPluginImpl [roughlyenoughitems]/"
[17:39:13] [REI-ReloadPlugins/TRACE] [REI] [REIClientPlugin END] Reloading Section: "reloadable-plugin/BasicFilteringRuleImpl/DefaultClientPluginImpl of DefaultClientPluginImpl [roughlyenoughitems]/" done in 12.84 μs
[17:39:13] [REI-ReloadPlugins/TRACE] [REI] [REIClientPlugin END] Reloading Section: "reloadable-plugin/BasicFilteringRuleImpl/REIPlugin of REIPluginLoader [toms_storage]/"
[17:39:13] [REI-ReloadPlugins/TRACE] [REI] [REIClientPlugin END] Reloading Section: "reloadable-plugin/BasicFilteringRuleImpl/REIPlugin of REIPluginLoader [toms_storage]/" done in 12.28 μs
[17:39:13] [REI-ReloadPlugins/TRACE] [REI] [REIClientPlugin END] Reloading Section: "reloadable-plugin/BasicFilteringRuleImpl/StorageReiClientPlugin of StorageReiClientPlugin [sophisticatedstorage]/"
[17:39:13] [REI-ReloadPlugins/TRACE] [REI] [REIClientPlugin END] Reloading Section: "reloadable-plugin/BasicFilteringRuleImpl/StorageReiClientPlugin of StorageReiClientPlugin [sophisticatedstorage]/" done in 10.44 μs
[17:39:13] [REI-ReloadPlugins/TRACE] [REI] [REIClientPlugin END] Reloading Section: "reloadable-plugin/BasicFilteringRuleImpl/OwoReiPlugin of OwoReiPlugin [owo]/"
[17:39:13] [REI-ReloadPlugins/TRACE] [REI] [REIClientPlugin END] Reloading Section: "reloadable-plugin/BasicFilteringRuleImpl/OwoReiPlugin of OwoReiPlugin [owo]/" done in 14.31 μs
[17:39:13] [REI-ReloadPlugins/TRACE] [REI] [REIClientPlugin END] Reloading Section: "reloadable-plugin/BasicFilteringRuleImpl/CuriosReiPlugin of CuriosReiPlugin [curios]/"
[17:39:13] [REI-ReloadPlugins/TRACE] [REI] [REIClientPlugin END] Reloading Section: "reloadable-plugin/BasicFilteringRuleImpl/CuriosReiPlugin of CuriosReiPlugin [curios]/" done in 10.89 μs
[17:39:13] [REI-ReloadPlugins/TRACE] [REI] [REIClientPlugin END] Reloading Section: "reloadable-plugin/BasicFilteringRuleImpl/BackpackReiClientPlugin of BackpackReiClientPlugin [sophisticatedbackpacks]/"
[17:39:13] [REI-ReloadPlugins/TRACE] [REI] [REIClientPlugin END] Reloading Section: "reloadable-plugin/BasicFilteringRuleImpl/BackpackReiClientPlugin of BackpackReiClientPlugin [sophisticatedbackpacks]/" done in 9.698 μs
[17:39:13] [REI-ReloadPlugins/TRACE] [REI] [REIClientPlugin END] Reloading Section: "reloadable-plugin/BasicFilteringRuleImpl/HideIngredientsFromTagsPlugin of HideIngredientsFromTagsPlugin [roughlyenoughitems]/"
[17:39:13] [REI-ReloadPlugins/TRACE] [REI] [REIClientPlugin END] Reloading Section: "reloadable-plugin/BasicFilteringRuleImpl/HideIngredientsFromTagsPlugin of HideIngredientsFromTagsPlugin [roughlyenoughitems]/" done in 9.898 μs
[17:39:13] [REI-ReloadPlugins/TRACE] [REI] [REIClientPlugin END] Reloading Section: "reloadable-plugin/BasicFilteringRuleImpl/DefaultClientRuntimePlugin of DefaultClientRuntimePlugin [roughlyenoughitems]/"
[17:39:13] [REI-ReloadPlugins/TRACE] [REI] [REIClientPlugin END] Reloading Section: "reloadable-plugin/BasicFilteringRuleImpl/DefaultClientRuntimePlugin of DefaultClientRuntimePlugin [roughlyenoughitems]/" done in 17.47 μs
[17:39:13] [REI-ReloadPlugins/TRACE] [REI] [REIClientPlugin END] Reloading Section: "reloadable-plugin/BasicFilteringRuleImpl/KubeJSREIPlugin of KubeJSREIPlugin [kubejs]/"
[17:39:13] [REI-ReloadPlugins/TRACE] [REI] [REIClientPlugin END] Reloading Section: "reloadable-plugin/BasicFilteringRuleImpl/KubeJSREIPlugin of KubeJSREIPlugin [kubejs]/" done in 9.748 μs
[17:39:13] [REI-ReloadPlugins/TRACE] [REI] [REIClientPlugin END] Reloading Section: "reloadable-plugin/BasicFilteringRuleImpl/" done in 290.2 μs
[17:39:13] [REI-ReloadPlugins/TRACE] [REI] [REIClientPlugin END] Reloading Section: "reloadable-plugin/CategoryRegistryImpl/"
[17:39:13] [REI-ReloadPlugins/TRACE] [REI] [REIClientPlugin END] Reloading Section: "reloadable-plugin/CategoryRegistryImpl/DefaultClientPluginImpl of DefaultClientPluginImpl [roughlyenoughitems]/"
[17:39:13] [REI-ReloadPlugins/DEBUG] [REI] Added category [minecraft:plugins/crafting]: Crafting
[17:39:13] [REI-ReloadPlugins/DEBUG] [REI] Added category [minecraft:plugins/smelting]: Smelting
[17:39:13] [REI-ReloadPlugins/DEBUG] [REI] Added category [minecraft:plugins/smoking]: Smoking
[17:39:13] [REI-ReloadPlugins/DEBUG] [REI] Added category [minecraft:plugins/blasting]: Blasting
[17:39:13] [REI-ReloadPlugins/DEBUG] [REI] Added category [minecraft:plugins/campfire]: Campfire
[17:39:13] [REI-ReloadPlugins/DEBUG] [REI] Added category [minecraft:plugins/stone_cutting]: Stone Cutting
[17:39:13] [REI-ReloadPlugins/DEBUG] [REI] Added category [minecraft:plugins/fuel]: Fuel
[17:39:13] [REI-ReloadPlugins/DEBUG] [REI] Added category [minecraft:plugins/brewing]: Brewing
[17:39:13] [REI-ReloadPlugins/DEBUG] [REI] Added category [minecraft:plugins/composting]: Composting
[17:39:13] [REI-ReloadPlugins/DEBUG] [REI] Added category [minecraft:plugins/stripping]: Stripping
[17:39:13] [REI-ReloadPlugins/DEBUG] [REI] Added category [minecraft:plugins/smithing]: Smithing
[17:39:13] [REI-ReloadPlugins/DEBUG] [REI] Added category [minecraft:plugins/anvil]: Anvil
[17:39:13] [REI-ReloadPlugins/DEBUG] [REI] Added category [minecraft:plugins/beacon_base]: Beacon Base
[17:39:13] [REI-ReloadPlugins/DEBUG] [REI] Added category [minecraft:plugins/beacon_payment]: Beacon Payment
[17:39:13] [REI-ReloadPlugins/DEBUG] [REI] Added category [minecraft:plugins/tilling]: Tilling
[17:39:13] [REI-ReloadPlugins/DEBUG] [REI] Added category [minecraft:plugins/pathing]: Pathing
[17:39:13] [REI-ReloadPlugins/DEBUG] [REI] Added category [minecraft:plugins/waxing]: Waxing
[17:39:13] [REI-ReloadPlugins/DEBUG] [REI] Added category [minecraft:plugins/wax_scraping]: Wax Scraping
[17:39:13] [REI-ReloadPlugins/DEBUG] [REI] Added category [minecraft:plugins/oxidizing]: Oxidizing
[17:39:13] [REI-ReloadPlugins/DEBUG] [REI] Added category [minecraft:plugins/oxidation_scraping]: Oxidation Scraping
[17:39:13] [REI-ReloadPlugins/DEBUG] [REI] Added category visibility predicate: me.shedaniel.rei.plugin.client.DefaultClientPlugin$$Lambda/0x00000008032e6440@6f83ef7 [0.00 priority]
[17:39:13] [REI-ReloadPlugins/TRACE] [REI] [REIClientPlugin END] Reloading Section: "reloadable-plugin/CategoryRegistryImpl/DefaultClientPluginImpl of DefaultClientPluginImpl [roughlyenoughitems]/" done in 13.49 ms
[17:39:13] [REI-ReloadPlugins/TRACE] [REI] [REIClientPlugin END] Reloading Section: "reloadable-plugin/CategoryRegistryImpl/REIPlugin of REIPluginLoader [toms_storage]/"
[17:39:13] [REI-ReloadPlugins/TRACE] [REI] [REIClientPlugin END] Reloading Section: "reloadable-plugin/CategoryRegistryImpl/REIPlugin of REIPluginLoader [toms_storage]/" done in 47.08 μs
[17:39:13] [REI-ReloadPlugins/TRACE] [REI] [REIClientPlugin END] Reloading Section: "reloadable-plugin/CategoryRegistryImpl/StorageReiClientPlugin of StorageReiClientPlugin [sophisticatedstorage]/"
[17:39:13] [REI-ReloadPlugins/TRACE] [REI] [REIClientPlugin END] Reloading Section: "reloadable-plugin/CategoryRegistryImpl/StorageReiClientPlugin of StorageReiClientPlugin [sophisticatedstorage]/" done in 71.42 μs
[17:39:13] [REI-ReloadPlugins/TRACE] [REI] [REIClientPlugin END] Reloading Section: "reloadable-plugin/CategoryRegistryImpl/OwoReiPlugin of OwoReiPlugin [owo]/"
[17:39:13] [REI-ReloadPlugins/TRACE] [REI] [REIClientPlugin END] Reloading Section: "reloadable-plugin/CategoryRegistryImpl/OwoReiPlugin of OwoReiPlugin [owo]/" done in 19.13 μs
[17:39:13] [REI-ReloadPlugins/TRACE] [REI] [REIClientPlugin END] Reloading Section: "reloadable-plugin/CategoryRegistryImpl/CuriosReiPlugin of CuriosReiPlugin [curios]/"
[17:39:13] [REI-ReloadPlugins/TRACE] [REI] [REIClientPlugin END] Reloading Section: "reloadable-plugin/CategoryRegistryImpl/CuriosReiPlugin of CuriosReiPlugin [curios]/" done in 13.51 μs
[17:39:13] [REI-ReloadPlugins/TRACE] [REI] [REIClientPlugin END] Reloading Section: "reloadable-plugin/CategoryRegistryImpl/BackpackReiClientPlugin of BackpackReiClientPlugin [sophisticatedbackpacks]/"
[17:39:13] [REI-ReloadPlugins/TRACE] [REI] [REIClientPlugin END] Reloading Section: "reloadable-plugin/CategoryRegistryImpl/BackpackReiClientPlugin of BackpackReiClientPlugin [sophisticatedbackpacks]/" done in 151.8 μs
[17:39:13] [REI-ReloadPlugins/TRACE] [REI] [REIClientPlugin END] Reloading Section: "reloadable-plugin/CategoryRegistryImpl/HideIngredientsFromTagsPlugin of HideIngredientsFromTagsPlugin [roughlyenoughitems]/"
[17:39:13] [REI-ReloadPlugins/TRACE] [REI] [REIClientPlugin END] Reloading Section: "reloadable-plugin/CategoryRegistryImpl/HideIngredientsFromTagsPlugin of HideIngredientsFromTagsPlugin [roughlyenoughitems]/" done in 18.53 μs
[17:39:13] [REI-ReloadPlugins/TRACE] [REI] [REIClientPlugin END] Reloading Section: "reloadable-plugin/CategoryRegistryImpl/DefaultClientRuntimePlugin of DefaultClientRuntimePlugin [roughlyenoughitems]/"
[17:39:13] [REI-ReloadPlugins/TRACE] [REI] [REIClientPlugin END] Reloading Section: "reloadable-plugin/CategoryRegistryImpl/DefaultClientRuntimePlugin of DefaultClientRuntimePlugin [roughlyenoughitems]/" done in 14.19 μs
[17:39:13] [REI-ReloadPlugins/TRACE] [REI] [REIClientPlugin END] Reloading Section: "reloadable-plugin/CategoryRegistryImpl/KubeJSREIPlugin of KubeJSREIPlugin [kubejs]/"
[17:39:13] [REI-ReloadPlugins/DEBUG] [REI] Added category visibility predicate: dev.latvian.mods.kubejs.integration.rei.KubeJSREIPlugin$$Lambda/0x00000008032ea998@2d6a7e06 [0.00 priority]
[17:39:13] [REI-ReloadPlugins/TRACE] [REI] [REIClientPlugin END] Reloading Section: "reloadable-plugin/CategoryRegistryImpl/KubeJSREIPlugin of KubeJSREIPlugin [kubejs]/" done in 194.2 μs
[17:39:13] [REI-ReloadPlugins/TRACE] [REI] [REIClientPlugin END] Reloading Section: "reloadable-plugin/CategoryRegistryImpl/" done in 14.31 ms
[17:39:13] [REI-ReloadPlugins/TRACE] [REI] [REIClientPlugin END] Reloading Section: "reloadable-plugin/DisplayRegistryImpl/"
[17:39:13] [REI-ReloadPlugins/TRACE] [REI] [REIClientPlugin END] Reloading Section: "reloadable-plugin/DisplayRegistryImpl/DefaultClientPluginImpl of DefaultClientPluginImpl [roughlyenoughitems]/"
[17:39:13] [REI-ReloadPlugins/DEBUG] [REI] Added category [roughlyenoughitems:plugins/information]: Information
[17:39:13] [REI-ReloadPlugins/DEBUG] [REI] Added category [minecraft:plugins/tag]: Tag
[17:39:13] [REI-ReloadPlugins/DEBUG] [REI] Added display filter: me.shedaniel.rei.impl.client.registry.display.DisplayRegistryImpl$$Lambda/0x00000008032ec5e8@5e340b6c
[17:39:13] [REI-ReloadPlugins/DEBUG] [REI] Added display filter: me.shedaniel.rei.impl.client.registry.display.DisplayRegistryImpl$$Lambda/0x00000008032ec5e8@221b7fd3
[17:39:13] [REI-ReloadPlugins/DEBUG] [REI] Added display filter: me.shedaniel.rei.impl.client.registry.display.DisplayRegistryImpl$$Lambda/0x00000008032ec5e8@463b7d8
[17:39:13] [REI-ReloadPlugins/DEBUG] [REI] Added display filter: me.shedaniel.rei.impl.client.registry.display.DisplayRegistryImpl$$Lambda/0x00000008032ec5e8@6725a0d5
[17:39:13] [REI-ReloadPlugins/DEBUG] [REI] Added display filter: me.shedaniel.rei.impl.client.registry.display.DisplayRegistryImpl$$Lambda/0x00000008032ec5e8@11183520
[17:39:13] [REI-ReloadPlugins/DEBUG] [REI] Added display filter: me.shedaniel.rei.impl.client.registry.display.DisplayRegistryImpl$$Lambda/0x00000008032ec5e8@89225a6
[17:39:13] [REI-ReloadPlugins/DEBUG] [REI] Added display filter: me.shedaniel.rei.impl.client.registry.display.DisplayRegistryImpl$$Lambda/0x00000008032ec5e8@34b72a11
[17:39:13] [REI-ReloadPlugins/DEBUG] [REI] Added display filter: me.shedaniel.rei.impl.client.registry.display.DisplayRegistryImpl$$Lambda/0x00000008032ee4c8@3224b1af
[17:39:13] [REI-ReloadPlugins/DEBUG] [REI] Added display filter: me.shedaniel.rei.impl.client.registry.display.DisplayRegistryImpl$$Lambda/0x00000008032ec5e8@19e28a1
[17:39:13] [REI-ReloadPlugins/DEBUG] [REI] Added display filter: me.shedaniel.rei.impl.client.registry.display.DisplayRegistryImpl$$Lambda/0x00000008032ec5e8@1bf2acf9
[17:39:13] [REI-ReloadPlugins/DEBUG] [REI] Added display filter: me.shedaniel.rei.impl.client.registry.display.DisplayRegistryImpl$$Lambda/0x00000008032ec5e8@11d96678
[17:39:13] [REI-ReloadPlugins/DEBUG] [REI] Added display filter: me.shedaniel.rei.impl.client.registry.display.DisplayRegistryImpl$$Lambda/0x00000008032ee4c8@1a0ac291
[17:39:13] [REI-ReloadPlugins/DEBUG] [REI] Added display filter: me.shedaniel.rei.impl.client.registry.display.DisplayRegistryImpl$$Lambda/0x00000008032ee4c8@4088e6af
[17:39:13] [REI-ReloadPlugins/DEBUG] [REI] Added display filter: me.shedaniel.rei.impl.client.registry.display.DisplayRegistryImpl$$Lambda/0x00000008032ee4c8@452568ab
[17:39:13] [REI-ReloadPlugins/DEBUG] [REI] Added display filter: me.shedaniel.rei.impl.client.registry.display.DisplayRegistryImpl$$Lambda/0x00000008032ee4c8@76b4cc67
[17:39:13] [REI-ReloadPlugins/DEBUG] [REI] Added display filter: me.shedaniel.rei.impl.client.registry.display.DisplayRegistryImpl$$Lambda/0x00000008032ee4c8@3ae6866a
[17:39:13] [REI-ReloadPlugins/DEBUG] [REI] Added display filter: me.shedaniel.rei.impl.client.registry.display.DisplayRegistryImpl$$Lambda/0x00000008032ee4c8@3d5cb207
[17:39:13] [REI-ReloadPlugins/DEBUG] [REI] Added display filter: me.shedaniel.rei.impl.client.registry.display.DisplayRegistryImpl$$Lambda/0x00000008032ee4c8@53d2f537
[17:39:13] [REI-ReloadPlugins/DEBUG] [REI] Added display filter: me.shedaniel.rei.impl.client.registry.display.DisplayRegistryImpl$$Lambda/0x00000008032ee4c8@355dcde
[17:39:13] [REI-ReloadPlugins/DEBUG] [REI] Added display filter: me.shedaniel.rei.impl.client.registry.display.DisplayRegistryImpl$$Lambda/0x00000008032ee4c8@d0edf08
[17:39:13] [REI-ReloadPlugins/DEBUG] [REI] Added display filter: me.shedaniel.rei.impl.client.registry.display.DisplayRegistryImpl$$Lambda/0x00000008032ee4c8@559a8824
[17:39:14] [REI-ReloadPlugins/TRACE] [REI] [REIClientPlugin END] Reloading Section: "reloadable-plugin/DisplayRegistryImpl/DefaultClientPluginImpl of DefaultClientPluginImpl [roughlyenoughitems]/" done in 427.6 ms
[17:39:14] [REI-ReloadPlugins/TRACE] [REI] [REIClientPlugin END] Reloading Section: "reloadable-plugin/DisplayRegistryImpl/REIPlugin of REIPluginLoader [toms_storage]/"
[17:39:14] [REI-ReloadPlugins/TRACE] [REI] [REIClientPlugin END] Reloading Section: "reloadable-plugin/DisplayRegistryImpl/REIPlugin of REIPluginLoader [toms_storage]/" done in 59.52 μs
[17:39:14] [REI-ReloadPlugins/TRACE] [REI] [REIClientPlugin END] Reloading Section: "reloadable-plugin/DisplayRegistryImpl/StorageReiClientPlugin of StorageReiClientPlugin [sophisticatedstorage]/"
[17:39:14] [REI-ReloadPlugins/DEBUG] [REI] Added global display generator: net.p3pp3rf1y.sophisticatedcore.compat.recipeviewers.rei.GroupedCraftingReiDisplayGenerator@404512a0
[17:39:14] [REI-ReloadPlugins/DEBUG] [REI] Added global display generator: net.p3pp3rf1y.sophisticatedcore.compat.recipeviewers.rei.CraftingSpecReiDisplayGenerator@5aed5ef0
[17:39:14] [REI-ReloadPlugins/DEBUG] [REI] Added display visibility predicate: net.p3pp3rf1y.sophisticatedstorage.compat.recipeviewers.rei.StorageReiClientPlugin$$Lambda/0x0000000803334af0@7480cd97 [0.00 priority]
[17:39:14] [REI-ReloadPlugins/TRACE] [REI] [REIClientPlugin END] Reloading Section: "reloadable-plugin/DisplayRegistryImpl/StorageReiClientPlugin of StorageReiClientPlugin [sophisticatedstorage]/" done in 1.430 ms
[17:39:14] [REI-ReloadPlugins/TRACE] [REI] [REIClientPlugin END] Reloading Section: "reloadable-plugin/DisplayRegistryImpl/OwoReiPlugin of OwoReiPlugin [owo]/"
[17:39:14] [REI-ReloadPlugins/TRACE] [REI] [REIClientPlugin END] Reloading Section: "reloadable-plugin/DisplayRegistryImpl/OwoReiPlugin of OwoReiPlugin [owo]/" done in 25.83 μs
[17:39:14] [REI-ReloadPlugins/TRACE] [REI] [REIClientPlugin END] Reloading Section: "reloadable-plugin/DisplayRegistryImpl/CuriosReiPlugin of CuriosReiPlugin [curios]/"
[17:39:14] [REI-ReloadPlugins/TRACE] [REI] [REIClientPlugin END] Reloading Section: "reloadable-plugin/DisplayRegistryImpl/CuriosReiPlugin of CuriosReiPlugin [curios]/" done in 16.00 μs
[17:39:14] [REI-ReloadPlugins/TRACE] [REI] [REIClientPlugin END] Reloading Section: "reloadable-plugin/DisplayRegistryImpl/BackpackReiClientPlugin of BackpackReiClientPlugin [sophisticatedbackpacks]/"
[17:39:14] [REI-ReloadPlugins/DEBUG] [REI] Added global display generator: net.p3pp3rf1y.sophisticatedcore.compat.recipeviewers.rei.GroupedCraftingReiDisplayGenerator@743ff7c
[17:39:14] [REI-ReloadPlugins/DEBUG] [REI] Added global display generator: net.p3pp3rf1y.sophisticatedcore.compat.recipeviewers.rei.CraftingSpecReiDisplayGenerator@7fba9253
[17:39:14] [REI-ReloadPlugins/DEBUG] [REI] Added global display generator: net.p3pp3rf1y.sophisticatedcore.compat.recipeviewers.rei.SmithingSpecReiDisplayGenerator@74db8c74
[17:39:14] [REI-ReloadPlugins/DEBUG] [REI] Added display visibility predicate: net.p3pp3rf1y.sophisticatedbackpacks.compat.recipeviewers.rei.BackpackReiClientPlugin$$Lambda/0x0000000803335ed8@46517ccb [0.00 priority]
[17:39:14] [REI-ReloadPlugins/TRACE] [REI] [REIClientPlugin END] Reloading Section: "reloadable-plugin/DisplayRegistryImpl/BackpackReiClientPlugin of BackpackReiClientPlugin [sophisticatedbackpacks]/" done in 1.064 ms
[17:39:14] [REI-ReloadPlugins/TRACE] [REI] [REIClientPlugin END] Reloading Section: "reloadable-plugin/DisplayRegistryImpl/HideIngredientsFromTagsPlugin of HideIngredientsFromTagsPlugin [roughlyenoughitems]/"
[17:39:14] [REI-ReloadPlugins/TRACE] [REI] [REIClientPlugin END] Reloading Section: "reloadable-plugin/DisplayRegistryImpl/HideIngredientsFromTagsPlugin of HideIngredientsFromTagsPlugin [roughlyenoughitems]/" done in 27.81 μs
[17:39:14] [REI-ReloadPlugins/TRACE] [REI] [REIClientPlugin END] Reloading Section: "reloadable-plugin/DisplayRegistryImpl/DefaultClientRuntimePlugin of DefaultClientRuntimePlugin [roughlyenoughitems]/"
[17:39:14] [REI-ReloadPlugins/DEBUG] [REI] Computed existing filtered displays with 3 rules in 209.7 ms
[17:39:14] [REI-ReloadPlugins/DEBUG] [REI] Added display visibility predicate: me.shedaniel.rei.plugin.client.runtime.FilteredStacksVisibilityHandler@2b02accc [0.00 priority]
[17:39:14] [REI-ReloadPlugins/TRACE] [REI] [REIClientPlugin END] Reloading Section: "reloadable-plugin/DisplayRegistryImpl/DefaultClientRuntimePlugin of DefaultClientRuntimePlugin [roughlyenoughitems]/" done in 210.1 ms
[17:39:14] [REI-ReloadPlugins/TRACE] [REI] [REIClientPlugin END] Reloading Section: "reloadable-plugin/DisplayRegistryImpl/KubeJSREIPlugin of KubeJSREIPlugin [kubejs]/"
[17:39:14] [REI-ReloadPlugins/DEBUG] [REI] Added display visibility predicate: dev.latvian.mods.kubejs.integration.rei.KubeJSREIPlugin$$Lambda/0x000000080333cce8@32b4aab0 [0.00 priority]
[17:39:14] [REI-ReloadPlugins/TRACE] [REI] [REIClientPlugin END] Reloading Section: "reloadable-plugin/DisplayRegistryImpl/KubeJSREIPlugin of KubeJSREIPlugin [kubejs]/" done in 181.9 μs
[17:39:14] [REI-ReloadPlugins/TRACE] [REI] [REIClientPlugin END] Reloading Section: "reloadable-plugin/DisplayRegistryImpl/" done in 641.1 ms
[17:39:14] [REI-ReloadPlugins/TRACE] [REI] [REIClientPlugin END] Reloading Section: "reloadable-plugin/ScreenRegistryImpl/"
[17:39:14] [REI-ReloadPlugins/TRACE] [REI] [REIClientPlugin END] Reloading Section: "reloadable-plugin/ScreenRegistryImpl/DefaultClientPluginImpl of DefaultClientPluginImpl [roughlyenoughitems]/"
[17:39:14] [REI-ReloadPlugins/TRACE] [REI] [REIClientPlugin END] Reloading Section: "reloadable-plugin/ScreenRegistryImpl/DefaultClientPluginImpl of DefaultClientPluginImpl [roughlyenoughitems]/" done in 17.90 μs
[17:39:14] [REI-ReloadPlugins/TRACE] [REI] [REIClientPlugin END] Reloading Section: "reloadable-plugin/ScreenRegistryImpl/REIPlugin of REIPluginLoader [toms_storage]/"
[17:39:14] [REI-ReloadPlugins/TRACE] [REI] [REIClientPlugin END] Reloading Section: "reloadable-plugin/ScreenRegistryImpl/REIPlugin of REIPluginLoader [toms_storage]/" done in 16.22 μs
[17:39:14] [REI-ReloadPlugins/TRACE] [REI] [REIClientPlugin END] Reloading Section: "reloadable-plugin/ScreenRegistryImpl/StorageReiClientPlugin of StorageReiClientPlugin [sophisticatedstorage]/"
[17:39:14] [REI-ReloadPlugins/TRACE] [REI] [REIClientPlugin END] Reloading Section: "reloadable-plugin/ScreenRegistryImpl/StorageReiClientPlugin of StorageReiClientPlugin [sophisticatedstorage]/" done in 24.97 μs
[17:39:14] [REI-ReloadPlugins/TRACE] [REI] [REIClientPlugin END] Reloading Section: "reloadable-plugin/ScreenRegistryImpl/OwoReiPlugin of OwoReiPlugin [owo]/"
[17:39:14] [REI-ReloadPlugins/TRACE] [REI] [REIClientPlugin END] Reloading Section: "reloadable-plugin/ScreenRegistryImpl/OwoReiPlugin of OwoReiPlugin [owo]/" done in 12.24 μs
[17:39:14] [REI-ReloadPlugins/TRACE] [REI] [REIClientPlugin END] Reloading Section: "reloadable-plugin/ScreenRegistryImpl/CuriosReiPlugin of CuriosReiPlugin [curios]/"
[17:39:14] [REI-ReloadPlugins/TRACE] [REI] [REIClientPlugin END] Reloading Section: "reloadable-plugin/ScreenRegistryImpl/CuriosReiPlugin of CuriosReiPlugin [curios]/" done in 11.40 μs
[17:39:14] [REI-ReloadPlugins/TRACE] [REI] [REIClientPlugin END] Reloading Section: "reloadable-plugin/ScreenRegistryImpl/BackpackReiClientPlugin of BackpackReiClientPlugin [sophisticatedbackpacks]/"
[17:39:14] [REI-ReloadPlugins/TRACE] [REI] [REIClientPlugin END] Reloading Section: "reloadable-plugin/ScreenRegistryImpl/BackpackReiClientPlugin of BackpackReiClientPlugin [sophisticatedbackpacks]/" done in 12.51 μs
[17:39:14] [REI-ReloadPlugins/TRACE] [REI] [REIClientPlugin END] Reloading Section: "reloadable-plugin/ScreenRegistryImpl/HideIngredientsFromTagsPlugin of HideIngredientsFromTagsPlugin [roughlyenoughitems]/"
[17:39:14] [REI-ReloadPlugins/TRACE] [REI] [REIClientPlugin END] Reloading Section: "reloadable-plugin/ScreenRegistryImpl/HideIngredientsFromTagsPlugin of HideIngredientsFromTagsPlugin [roughlyenoughitems]/" done in 19.98 μs
[17:39:14] [REI-ReloadPlugins/TRACE] [REI] [REIClientPlugin END] Reloading Section: "reloadable-plugin/ScreenRegistryImpl/DefaultClientRuntimePlugin of DefaultClientRuntimePlugin [roughlyenoughitems]/"
[17:39:14] [REI-ReloadPlugins/TRACE] [REI] [REIClientPlugin END] Reloading Section: "reloadable-plugin/ScreenRegistryImpl/DefaultClientRuntimePlugin of DefaultClientRuntimePlugin [roughlyenoughitems]/" done in 14.46 μs
[17:39:14] [REI-ReloadPlugins/TRACE] [REI] [REIClientPlugin END] Reloading Section: "reloadable-plugin/ScreenRegistryImpl/KubeJSREIPlugin of KubeJSREIPlugin [kubejs]/"
[17:39:14] [REI-ReloadPlugins/TRACE] [REI] [REIClientPlugin END] Reloading Section: "reloadable-plugin/ScreenRegistryImpl/KubeJSREIPlugin of KubeJSREIPlugin [kubejs]/" done in 12.08 μs
[17:39:14] [REI-ReloadPlugins/TRACE] [REI] [REIClientPlugin END] Reloading Section: "reloadable-plugin/ScreenRegistryImpl/" done in 373.4 μs
[17:39:14] [REI-ReloadPlugins/TRACE] [REI] [REIClientPlugin END] Reloading Section: "reloadable-plugin/FavoriteEntryTypeRegistryImpl/"
[17:39:14] [REI-ReloadPlugins/TRACE] [REI] [REIClientPlugin END] Reloading Section: "reloadable-plugin/FavoriteEntryTypeRegistryImpl/DefaultClientPluginImpl of DefaultClientPluginImpl [roughlyenoughitems]/"
[17:39:14] [REI-ReloadPlugins/TRACE] [REI] [REIClientPlugin END] Reloading Section: "reloadable-plugin/FavoriteEntryTypeRegistryImpl/DefaultClientPluginImpl of DefaultClientPluginImpl [roughlyenoughitems]/" done in 13.35 μs
[17:39:14] [REI-ReloadPlugins/TRACE] [REI] [REIClientPlugin END] Reloading Section: "reloadable-plugin/FavoriteEntryTypeRegistryImpl/REIPlugin of REIPluginLoader [toms_storage]/"
[17:39:14] [REI-ReloadPlugins/TRACE] [REI] [REIClientPlugin END] Reloading Section: "reloadable-plugin/FavoriteEntryTypeRegistryImpl/REIPlugin of REIPluginLoader [toms_storage]/" done in 13.58 μs
[17:39:14] [REI-ReloadPlugins/TRACE] [REI] [REIClientPlugin END] Reloading Section: "reloadable-plugin/FavoriteEntryTypeRegistryImpl/StorageReiClientPlugin of StorageReiClientPlugin [sophisticatedstorage]/"
[17:39:14] [REI-ReloadPlugins/TRACE] [REI] [REIClientPlugin END] Reloading Section: "reloadable-plugin/FavoriteEntryTypeRegistryImpl/StorageReiClientPlugin of StorageReiClientPlugin [sophisticatedstorage]/" done in 16.37 μs
[17:39:14] [REI-ReloadPlugins/TRACE] [REI] [REIClientPlugin END] Reloading Section: "reloadable-plugin/FavoriteEntryTypeRegistryImpl/OwoReiPlugin of OwoReiPlugin [owo]/"
[17:39:14] [REI-ReloadPlugins/TRACE] [REI] [REIClientPlugin END] Reloading Section: "reloadable-plugin/FavoriteEntryTypeRegistryImpl/OwoReiPlugin of OwoReiPlugin [owo]/" done in 12.09 μs
[17:39:14] [REI-ReloadPlugins/TRACE] [REI] [REIClientPlugin END] Reloading Section: "reloadable-plugin/FavoriteEntryTypeRegistryImpl/CuriosReiPlugin of CuriosReiPlugin [curios]/"
[17:39:14] [REI-ReloadPlugins/TRACE] [REI] [REIClientPlugin END] Reloading Section: "reloadable-plugin/FavoriteEntryTypeRegistryImpl/CuriosReiPlugin of CuriosReiPlugin [curios]/" done in 12.94 μs
[17:39:14] [REI-ReloadPlugins/TRACE] [REI] [REIClientPlugin END] Reloading Section: "reloadable-plugin/FavoriteEntryTypeRegistryImpl/BackpackReiClientPlugin of BackpackReiClientPlugin [sophisticatedbackpacks]/"
[17:39:14] [REI-ReloadPlugins/TRACE] [REI] [REIClientPlugin END] Reloading Section: "reloadable-plugin/FavoriteEntryTypeRegistryImpl/BackpackReiClientPlugin of BackpackReiClientPlugin [sophisticatedbackpacks]/" done in 12.70 μs
[17:39:14] [REI-ReloadPlugins/TRACE] [REI] [REIClientPlugin END] Reloading Section: "reloadable-plugin/FavoriteEntryTypeRegistryImpl/HideIngredientsFromTagsPlugin of HideIngredientsFromTagsPlugin [roughlyenoughitems]/"
[17:39:14] [REI-ReloadPlugins/TRACE] [REI] [REIClientPlugin END] Reloading Section: "reloadable-plugin/FavoriteEntryTypeRegistryImpl/HideIngredientsFromTagsPlugin of HideIngredientsFromTagsPlugin [roughlyenoughitems]/" done in 18.98 μs
[17:39:14] [REI-ReloadPlugins/TRACE] [REI] [REIClientPlugin END] Reloading Section: "reloadable-plugin/FavoriteEntryTypeRegistryImpl/DefaultClientRuntimePlugin of DefaultClientRuntimePlugin [roughlyenoughitems]/"
[17:39:14] [REI-ReloadPlugins/TRACE] [REI] [REIClientPlugin END] Reloading Section: "reloadable-plugin/FavoriteEntryTypeRegistryImpl/DefaultClientRuntimePlugin of DefaultClientRuntimePlugin [roughlyenoughitems]/" done in 11.81 μs
[17:39:14] [REI-ReloadPlugins/TRACE] [REI] [REIClientPlugin END] Reloading Section: "reloadable-plugin/FavoriteEntryTypeRegistryImpl/KubeJSREIPlugin of KubeJSREIPlugin [kubejs]/"
[17:39:14] [REI-ReloadPlugins/TRACE] [REI] [REIClientPlugin END] Reloading Section: "reloadable-plugin/FavoriteEntryTypeRegistryImpl/KubeJSREIPlugin of KubeJSREIPlugin [kubejs]/" done in 11.64 μs
[17:39:14] [REI-ReloadPlugins/TRACE] [REI] [REIClientPlugin END] Reloading Section: "reloadable-plugin/FavoriteEntryTypeRegistryImpl/" done in 384.2 μs
[17:39:14] [REI-ReloadPlugins/TRACE] [REI] [REIClientPlugin END] Reloading Section: "reloadable-plugin/SubsetsRegistryImpl/"
[17:39:14] [REI-ReloadPlugins/TRACE] [REI] [REIClientPlugin END] Reloading Section: "reloadable-plugin/SubsetsRegistryImpl/DefaultClientPluginImpl of DefaultClientPluginImpl [roughlyenoughitems]/"
[17:39:14] [REI-ReloadPlugins/TRACE] [REI] [REIClientPlugin END] Reloading Section: "reloadable-plugin/SubsetsRegistryImpl/DefaultClientPluginImpl of DefaultClientPluginImpl [roughlyenoughitems]/" done in 13.89 μs
[17:39:14] [REI-ReloadPlugins/TRACE] [REI] [REIClientPlugin END] Reloading Section: "reloadable-plugin/SubsetsRegistryImpl/REIPlugin of REIPluginLoader [toms_storage]/"
[17:39:14] [REI-ReloadPlugins/TRACE] [REI] [REIClientPlugin END] Reloading Section: "reloadable-plugin/SubsetsRegistryImpl/REIPlugin of REIPluginLoader [toms_storage]/" done in 13.23 μs
[17:39:14] [REI-ReloadPlugins/TRACE] [REI] [REIClientPlugin END] Reloading Section: "reloadable-plugin/SubsetsRegistryImpl/StorageReiClientPlugin of StorageReiClientPlugin [sophisticatedstorage]/"
[17:39:14] [REI-ReloadPlugins/TRACE] [REI] [REIClientPlugin END] Reloading Section: "reloadable-plugin/SubsetsRegistryImpl/StorageReiClientPlugin of StorageReiClientPlugin [sophisticatedstorage]/" done in 14.18 μs
[17:39:14] [REI-ReloadPlugins/TRACE] [REI] [REIClientPlugin END] Reloading Section: "reloadable-plugin/SubsetsRegistryImpl/OwoReiPlugin of OwoReiPlugin [owo]/"
[17:39:14] [REI-ReloadPlugins/TRACE] [REI] [REIClientPlugin END] Reloading Section: "reloadable-plugin/SubsetsRegistryImpl/OwoReiPlugin of OwoReiPlugin [owo]/" done in 11.73 μs
[17:39:14] [REI-ReloadPlugins/TRACE] [REI] [REIClientPlugin END] Reloading Section: "reloadable-plugin/SubsetsRegistryImpl/CuriosReiPlugin of CuriosReiPlugin [curios]/"
[17:39:14] [REI-ReloadPlugins/TRACE] [REI] [REIClientPlugin END] Reloading Section: "reloadable-plugin/SubsetsRegistryImpl/CuriosReiPlugin of CuriosReiPlugin [curios]/" done in 10.93 μs
[17:39:14] [REI-ReloadPlugins/TRACE] [REI] [REIClientPlugin END] Reloading Section: "reloadable-plugin/SubsetsRegistryImpl/BackpackReiClientPlugin of BackpackReiClientPlugin [sophisticatedbackpacks]/"
[17:39:14] [REI-ReloadPlugins/TRACE] [REI] [REIClientPlugin END] Reloading Section: "reloadable-plugin/SubsetsRegistryImpl/BackpackReiClientPlugin of BackpackReiClientPlugin [sophisticatedbackpacks]/" done in 12.07 μs
[17:39:14] [REI-ReloadPlugins/TRACE] [REI] [REIClientPlugin END] Reloading Section: "reloadable-plugin/SubsetsRegistryImpl/HideIngredientsFromTagsPlugin of HideIngredientsFromTagsPlugin [roughlyenoughitems]/"
[17:39:14] [REI-ReloadPlugins/TRACE] [REI] [REIClientPlugin END] Reloading Section: "reloadable-plugin/SubsetsRegistryImpl/HideIngredientsFromTagsPlugin of HideIngredientsFromTagsPlugin [roughlyenoughitems]/" done in 12.22 μs
[17:39:14] [REI-ReloadPlugins/TRACE] [REI] [REIClientPlugin END] Reloading Section: "reloadable-plugin/SubsetsRegistryImpl/DefaultClientRuntimePlugin of DefaultClientRuntimePlugin [roughlyenoughitems]/"
[17:39:14] [REI-ReloadPlugins/TRACE] [REI] [REIClientPlugin END] Reloading Section: "reloadable-plugin/SubsetsRegistryImpl/DefaultClientRuntimePlugin of DefaultClientRuntimePlugin [roughlyenoughitems]/" done in 18.61 μs
[17:39:14] [REI-ReloadPlugins/TRACE] [REI] [REIClientPlugin END] Reloading Section: "reloadable-plugin/SubsetsRegistryImpl/KubeJSREIPlugin of KubeJSREIPlugin [kubejs]/"
[17:39:14] [REI-ReloadPlugins/TRACE] [REI] [REIClientPlugin END] Reloading Section: "reloadable-plugin/SubsetsRegistryImpl/KubeJSREIPlugin of KubeJSREIPlugin [kubejs]/" done in 11.06 μs
[17:39:14] [REI-ReloadPlugins/TRACE] [REI] [REIClientPlugin END] Reloading Section: "reloadable-plugin/SubsetsRegistryImpl/" done in 334.6 μs
[17:39:14] [REI-ReloadPlugins/TRACE] [REI] [REIClientPlugin END] Reloading Section: "reloadable-plugin/TransferHandlerRegistryImpl/"
[17:39:14] [REI-ReloadPlugins/TRACE] [REI] [REIClientPlugin END] Reloading Section: "reloadable-plugin/TransferHandlerRegistryImpl/DefaultClientPluginImpl of DefaultClientPluginImpl [roughlyenoughitems]/"
[17:39:14] [REI-ReloadPlugins/DEBUG] [REI] Added transfer handler: me.shedaniel.rei.api.client.registry.transfer.simple.SimpleTransferHandler$1@58c40f8c [0.00 priority]
[17:39:14] [REI-ReloadPlugins/DEBUG] [REI] Added transfer handler: me.shedaniel.rei.plugin.autocrafting.InventoryCraftingTransferHandler@2865abb0 [0.00 priority]
[17:39:14] [REI-ReloadPlugins/DEBUG] [REI] Added transfer handler: me.shedaniel.rei.api.client.registry.transfer.simple.SimpleTransferHandler$1@7708d5dc [0.00 priority]
[17:39:14] [REI-ReloadPlugins/DEBUG] [REI] Added transfer handler: me.shedaniel.rei.api.client.registry.transfer.simple.SimpleTransferHandler$1@5c69a949 [0.00 priority]
[17:39:14] [REI-ReloadPlugins/DEBUG] [REI] Added transfer handler: me.shedaniel.rei.api.client.registry.transfer.simple.SimpleTransferHandler$1@2705ebcd [0.00 priority]
[17:39:14] [REI-ReloadPlugins/DEBUG] [REI] Added transfer handler: me.shedaniel.rei.plugin.autocrafting.recipebook.DefaultRecipeBookHandler@a4e63c8 [-20.00 priority]
[17:39:14] [REI-ReloadPlugins/TRACE] [REI] [REIClientPlugin END] Reloading Section: "reloadable-plugin/TransferHandlerRegistryImpl/DefaultClientPluginImpl of DefaultClientPluginImpl [roughlyenoughitems]/" done in 2.046 ms
[17:39:14] [REI-ReloadPlugins/TRACE] [REI] [REIClientPlugin END] Reloading Section: "reloadable-plugin/TransferHandlerRegistryImpl/REIPlugin of REIPluginLoader [toms_storage]/"
[17:39:14] [REI-ReloadPlugins/DEBUG] [REI] Added transfer handler: com.tom.storagemod.rei.ReiTransferHandler@11ec0cfe [0.00 priority]
[17:39:14] [REI-ReloadPlugins/TRACE] [REI] [REIClientPlugin END] Reloading Section: "reloadable-plugin/TransferHandlerRegistryImpl/REIPlugin of REIPluginLoader [toms_storage]/" done in 491.7 μs
[17:39:14] [REI-ReloadPlugins/TRACE] [REI] [REIClientPlugin END] Reloading Section: "reloadable-plugin/TransferHandlerRegistryImpl/StorageReiClientPlugin of StorageReiClientPlugin [sophisticatedstorage]/"
[17:39:14] [REI-ReloadPlugins/DEBUG] [REI] Added transfer handler: net.p3pp3rf1y.sophisticatedcore.compat.recipeviewers.rei.ReiCraftingContainerTransferHandler@35038b7b [0.00 priority]
[17:39:14] [REI-ReloadPlugins/TRACE] [REI] [REIClientPlugin END] Reloading Section: "reloadable-plugin/TransferHandlerRegistryImpl/StorageReiClientPlugin of StorageReiClientPlugin [sophisticatedstorage]/" done in 487.1 μs
[17:39:14] [REI-ReloadPlugins/TRACE] [REI] [REIClientPlugin END] Reloading Section: "reloadable-plugin/TransferHandlerRegistryImpl/OwoReiPlugin of OwoReiPlugin [owo]/"
[17:39:14] [REI-ReloadPlugins/TRACE] [REI] [REIClientPlugin END] Reloading Section: "reloadable-plugin/TransferHandlerRegistryImpl/OwoReiPlugin of OwoReiPlugin [owo]/" done in 14.35 μs
[17:39:14] [REI-ReloadPlugins/TRACE] [REI] [REIClientPlugin END] Reloading Section: "reloadable-plugin/TransferHandlerRegistryImpl/CuriosReiPlugin of CuriosReiPlugin [curios]/"
[17:39:14] [REI-ReloadPlugins/TRACE] [REI] [REIClientPlugin END] Reloading Section: "reloadable-plugin/TransferHandlerRegistryImpl/CuriosReiPlugin of CuriosReiPlugin [curios]/" done in 13.09 μs
[17:39:14] [REI-ReloadPlugins/TRACE] [REI] [REIClientPlugin END] Reloading Section: "reloadable-plugin/TransferHandlerRegistryImpl/BackpackReiClientPlugin of BackpackReiClientPlugin [sophisticatedbackpacks]/"
[17:39:14] [REI-ReloadPlugins/DEBUG] [REI] Added transfer handler: net.p3pp3rf1y.sophisticatedcore.compat.recipeviewers.rei.ReiCraftingContainerTransferHandler@12bdc488 [0.00 priority]
[17:39:14] [REI-ReloadPlugins/DEBUG] [REI] Added transfer handler: net.p3pp3rf1y.sophisticatedcore.compat.recipeviewers.rei.ReiCraftingContainerTransferHandler@68703a08 [0.00 priority]
[17:39:14] [REI-ReloadPlugins/TRACE] [REI] [REIClientPlugin END] Reloading Section: "reloadable-plugin/TransferHandlerRegistryImpl/BackpackReiClientPlugin of BackpackReiClientPlugin [sophisticatedbackpacks]/" done in 55.49 μs
[17:39:14] [REI-ReloadPlugins/TRACE] [REI] [REIClientPlugin END] Reloading Section: "reloadable-plugin/TransferHandlerRegistryImpl/HideIngredientsFromTagsPlugin of HideIngredientsFromTagsPlugin [roughlyenoughitems]/"
[17:39:14] [REI-ReloadPlugins/TRACE] [REI] [REIClientPlugin END] Reloading Section: "reloadable-plugin/TransferHandlerRegistryImpl/HideIngredientsFromTagsPlugin of HideIngredientsFromTagsPlugin [roughlyenoughitems]/" done in 9.056 μs
[17:39:14] [REI-ReloadPlugins/TRACE] [REI] [REIClientPlugin END] Reloading Section: "reloadable-plugin/TransferHandlerRegistryImpl/DefaultClientRuntimePlugin of DefaultClientRuntimePlugin [roughlyenoughitems]/"
[17:39:14] [REI-ReloadPlugins/DEBUG] [REI] Added transfer handler: me.shedaniel.rei.plugin.autocrafting.DefaultCategoryHandler@55848a67 [-10.00 priority]
[17:39:14] [REI-ReloadPlugins/TRACE] [REI] [REIClientPlugin END] Reloading Section: "reloadable-plugin/TransferHandlerRegistryImpl/DefaultClientRuntimePlugin of DefaultClientRuntimePlugin [roughlyenoughitems]/" done in 890.9 μs
[17:39:14] [REI-ReloadPlugins/TRACE] [REI] [REIClientPlugin END] Reloading Section: "reloadable-plugin/TransferHandlerRegistryImpl/KubeJSREIPlugin of KubeJSREIPlugin [kubejs]/"
[17:39:14] [REI-ReloadPlugins/TRACE] [REI] [REIClientPlugin END] Reloading Section: "reloadable-plugin/TransferHandlerRegistryImpl/KubeJSREIPlugin of KubeJSREIPlugin [kubejs]/" done in 12.82 μs
[17:39:14] [REI-ReloadPlugins/TRACE] [REI] [REIClientPlugin END] Reloading Section: "reloadable-plugin/TransferHandlerRegistryImpl/" done in 4.263 ms
[17:39:14] [REI-ReloadPlugins/TRACE] [REI] [REIClientPlugin END] Reloading Section: "reloadable-plugin/SearchRuntime/"
[17:39:14] [REI-ReloadPlugins/TRACE] [REI] [REIClientPlugin END] Reloading Section: "reloadable-plugin/SearchRuntime/DefaultClientPluginImpl of DefaultClientPluginImpl [roughlyenoughitems]/"
[17:39:14] [REI-ReloadPlugins/TRACE] [REI] [REIClientPlugin END] Reloading Section: "reloadable-plugin/SearchRuntime/DefaultClientPluginImpl of DefaultClientPluginImpl [roughlyenoughitems]/" done in 9.368 μs
[17:39:14] [REI-ReloadPlugins/TRACE] [REI] [REIClientPlugin END] Reloading Section: "reloadable-plugin/SearchRuntime/REIPlugin of REIPluginLoader [toms_storage]/"
[17:39:14] [REI-ReloadPlugins/TRACE] [REI] [REIClientPlugin END] Reloading Section: "reloadable-plugin/SearchRuntime/REIPlugin of REIPluginLoader [toms_storage]/" done in 13.84 μs
[17:39:14] [REI-ReloadPlugins/TRACE] [REI] [REIClientPlugin END] Reloading Section: "reloadable-plugin/SearchRuntime/StorageReiClientPlugin of StorageReiClientPlugin [sophisticatedstorage]/"
[17:39:14] [REI-ReloadPlugins/TRACE] [REI] [REIClientPlugin END] Reloading Section: "reloadable-plugin/SearchRuntime/StorageReiClientPlugin of StorageReiClientPlugin [sophisticatedstorage]/" done in 8.556 μs
[17:39:14] [REI-ReloadPlugins/TRACE] [REI] [REIClientPlugin END] Reloading Section: "reloadable-plugin/SearchRuntime/OwoReiPlugin of OwoReiPlugin [owo]/"
[17:39:14] [REI-ReloadPlugins/TRACE] [REI] [REIClientPlugin END] Reloading Section: "reloadable-plugin/SearchRuntime/OwoReiPlugin of OwoReiPlugin [owo]/" done in 7.604 μs
[17:39:14] [REI-ReloadPlugins/TRACE] [REI] [REIClientPlugin END] Reloading Section: "reloadable-plugin/SearchRuntime/CuriosReiPlugin of CuriosReiPlugin [curios]/"
[17:39:14] [REI-ReloadPlugins/TRACE] [REI] [REIClientPlugin END] Reloading Section: "reloadable-plugin/SearchRuntime/CuriosReiPlugin of CuriosReiPlugin [curios]/" done in 10.64 μs
[17:39:14] [REI-ReloadPlugins/TRACE] [REI] [REIClientPlugin END] Reloading Section: "reloadable-plugin/SearchRuntime/BackpackReiClientPlugin of BackpackReiClientPlugin [sophisticatedbackpacks]/"
[17:39:14] [REI-ReloadPlugins/TRACE] [REI] [REIClientPlugin END] Reloading Section: "reloadable-plugin/SearchRuntime/BackpackReiClientPlugin of BackpackReiClientPlugin [sophisticatedbackpacks]/" done in 6.973 μs
[17:39:14] [REI-ReloadPlugins/TRACE] [REI] [REIClientPlugin END] Reloading Section: "reloadable-plugin/SearchRuntime/HideIngredientsFromTagsPlugin of HideIngredientsFromTagsPlugin [roughlyenoughitems]/"
[17:39:14] [REI-ReloadPlugins/TRACE] [REI] [REIClientPlugin END] Reloading Section: "reloadable-plugin/SearchRuntime/HideIngredientsFromTagsPlugin of HideIngredientsFromTagsPlugin [roughlyenoughitems]/" done in 6.892 μs
[17:39:14] [REI-ReloadPlugins/TRACE] [REI] [REIClientPlugin END] Reloading Section: "reloadable-plugin/SearchRuntime/DefaultClientRuntimePlugin of DefaultClientRuntimePlugin [roughlyenoughitems]/"
[17:39:14] [REI-ReloadPlugins/TRACE] [REI] [REIClientPlugin END] Reloading Section: "reloadable-plugin/SearchRuntime/DefaultClientRuntimePlugin of DefaultClientRuntimePlugin [roughlyenoughitems]/" done in 6.813 μs
[17:39:14] [REI-ReloadPlugins/TRACE] [REI] [REIClientPlugin END] Reloading Section: "reloadable-plugin/SearchRuntime/KubeJSREIPlugin of KubeJSREIPlugin [kubejs]/"
[17:39:14] [REI-ReloadPlugins/TRACE] [REI] [REIClientPlugin END] Reloading Section: "reloadable-plugin/SearchRuntime/KubeJSREIPlugin of KubeJSREIPlugin [kubejs]/" done in 7.494 μs
[17:39:14] [REI-ReloadPlugins/TRACE] [REI] [REIClientPlugin END] Reloading Section: "reloadable-plugin/SearchRuntime/" done in 179.5 μs
[17:39:14] [REI-ReloadPlugins/TRACE] [REI] [REIClientPlugin END] Reloading Section: "reloadable-plugin/REIRuntimeImpl/"
[17:39:14] [REI-ReloadPlugins/TRACE] [REI] [REIClientPlugin END] Reloading Section: "reloadable-plugin/REIRuntimeImpl/DefaultClientPluginImpl of DefaultClientPluginImpl [roughlyenoughitems]/"
[17:39:14] [REI-ReloadPlugins/TRACE] [REI] [REIClientPlugin END] Reloading Section: "reloadable-plugin/REIRuntimeImpl/DefaultClientPluginImpl of DefaultClientPluginImpl [roughlyenoughitems]/" done in 8.797 μs
[17:39:14] [REI-ReloadPlugins/TRACE] [REI] [REIClientPlugin END] Reloading Section: "reloadable-plugin/REIRuntimeImpl/REIPlugin of REIPluginLoader [toms_storage]/"
[17:39:14] [REI-ReloadPlugins/TRACE] [REI] [REIClientPlugin END] Reloading Section: "reloadable-plugin/REIRuntimeImpl/REIPlugin of REIPluginLoader [toms_storage]/" done in 11.16 μs
[17:39:14] [REI-ReloadPlugins/TRACE] [REI] [REIClientPlugin END] Reloading Section: "reloadable-plugin/REIRuntimeImpl/StorageReiClientPlugin of StorageReiClientPlugin [sophisticatedstorage]/"
[17:39:14] [REI-ReloadPlugins/TRACE] [REI] [REIClientPlugin END] Reloading Section: "reloadable-plugin/REIRuntimeImpl/StorageReiClientPlugin of StorageReiClientPlugin [sophisticatedstorage]/" done in 6.903 μs
[17:39:14] [REI-ReloadPlugins/TRACE] [REI] [REIClientPlugin END] Reloading Section: "reloadable-plugin/REIRuntimeImpl/OwoReiPlugin of OwoReiPlugin [owo]/"
[17:39:14] [REI-ReloadPlugins/TRACE] [REI] [REIClientPlugin END] Reloading Section: "reloadable-plugin/REIRuntimeImpl/OwoReiPlugin of OwoReiPlugin [owo]/" done in 6.963 μs
[17:39:14] [REI-ReloadPlugins/TRACE] [REI] [REIClientPlugin END] Reloading Section: "reloadable-plugin/REIRuntimeImpl/CuriosReiPlugin of CuriosReiPlugin [curios]/"
[17:39:14] [REI-ReloadPlugins/TRACE] [REI] [REIClientPlugin END] Reloading Section: "reloadable-plugin/REIRuntimeImpl/CuriosReiPlugin of CuriosReiPlugin [curios]/" done in 6.973 μs
[17:39:14] [REI-ReloadPlugins/TRACE] [REI] [REIClientPlugin END] Reloading Section: "reloadable-plugin/REIRuntimeImpl/BackpackReiClientPlugin of BackpackReiClientPlugin [sophisticatedbackpacks]/"
[17:39:14] [REI-ReloadPlugins/TRACE] [REI] [REIClientPlugin END] Reloading Section: "reloadable-plugin/REIRuntimeImpl/BackpackReiClientPlugin of BackpackReiClientPlugin [sophisticatedbackpacks]/" done in 9.438 μs
[17:39:14] [REI-ReloadPlugins/TRACE] [REI] [REIClientPlugin END] Reloading Section: "reloadable-plugin/REIRuntimeImpl/HideIngredientsFromTagsPlugin of HideIngredientsFromTagsPlugin [roughlyenoughitems]/"
[17:39:14] [REI-ReloadPlugins/TRACE] [REI] [REIClientPlugin END] Reloading Section: "reloadable-plugin/REIRuntimeImpl/HideIngredientsFromTagsPlugin of HideIngredientsFromTagsPlugin [roughlyenoughitems]/" done in 7.073 μs
[17:39:14] [REI-ReloadPlugins/TRACE] [REI] [REIClientPlugin END] Reloading Section: "reloadable-plugin/REIRuntimeImpl/DefaultClientRuntimePlugin of DefaultClientRuntimePlugin [roughlyenoughitems]/"
[17:39:14] [REI-ReloadPlugins/TRACE] [REI] [REIClientPlugin END] Reloading Section: "reloadable-plugin/REIRuntimeImpl/DefaultClientRuntimePlugin of DefaultClientRuntimePlugin [roughlyenoughitems]/" done in 6.963 μs
[17:39:14] [REI-ReloadPlugins/TRACE] [REI] [REIClientPlugin END] Reloading Section: "reloadable-plugin/REIRuntimeImpl/KubeJSREIPlugin of KubeJSREIPlugin [kubejs]/"
[17:39:14] [REI-ReloadPlugins/TRACE] [REI] [REIClientPlugin END] Reloading Section: "reloadable-plugin/REIRuntimeImpl/KubeJSREIPlugin of KubeJSREIPlugin [kubejs]/" done in 6.723 μs
[17:39:14] [REI-ReloadPlugins/TRACE] [REI] [REIClientPlugin END] Reloading Section: "reloadable-plugin/REIRuntimeImpl/" done in 169.8 μs
[17:39:14] [REI-ReloadPlugins/TRACE] [REI] [REIClientPlugin END] Reloading Section: "reloadable-plugin/ConfigAddonRegistryImpl/"
[17:39:14] [REI-ReloadPlugins/TRACE] [REI] [REIClientPlugin END] Reloading Section: "reloadable-plugin/ConfigAddonRegistryImpl/DefaultClientPluginImpl of DefaultClientPluginImpl [roughlyenoughitems]/"
[17:39:14] [REI-ReloadPlugins/TRACE] [REI] [REIClientPlugin END] Reloading Section: "reloadable-plugin/ConfigAddonRegistryImpl/DefaultClientPluginImpl of DefaultClientPluginImpl [roughlyenoughitems]/" done in 15.91 μs
[17:39:14] [REI-ReloadPlugins/TRACE] [REI] [REIClientPlugin END] Reloading Section: "reloadable-plugin/ConfigAddonRegistryImpl/REIPlugin of REIPluginLoader [toms_storage]/"
[17:39:14] [REI-ReloadPlugins/TRACE] [REI] [REIClientPlugin END] Reloading Section: "reloadable-plugin/ConfigAddonRegistryImpl/REIPlugin of REIPluginLoader [toms_storage]/" done in 8.616 μs
[17:39:14] [REI-ReloadPlugins/TRACE] [REI] [REIClientPlugin END] Reloading Section: "reloadable-plugin/ConfigAddonRegistryImpl/StorageReiClientPlugin of StorageReiClientPlugin [sophisticatedstorage]/"
[17:39:14] [REI-ReloadPlugins/TRACE] [REI] [REIClientPlugin END] Reloading Section: "reloadable-plugin/ConfigAddonRegistryImpl/StorageReiClientPlugin of StorageReiClientPlugin [sophisticatedstorage]/" done in 7.293 μs
[17:39:14] [REI-ReloadPlugins/TRACE] [REI] [REIClientPlugin END] Reloading Section: "reloadable-plugin/ConfigAddonRegistryImpl/OwoReiPlugin of OwoReiPlugin [owo]/"
[17:39:14] [REI-ReloadPlugins/TRACE] [REI] [REIClientPlugin END] Reloading Section: "reloadable-plugin/ConfigAddonRegistryImpl/OwoReiPlugin of OwoReiPlugin [owo]/" done in 10.35 μs
[17:39:14] [REI-ReloadPlugins/TRACE] [REI] [REIClientPlugin END] Reloading Section: "reloadable-plugin/ConfigAddonRegistryImpl/CuriosReiPlugin of CuriosReiPlugin [curios]/"
[17:39:14] [REI-ReloadPlugins/TRACE] [REI] [REIClientPlugin END] Reloading Section: "reloadable-plugin/ConfigAddonRegistryImpl/CuriosReiPlugin of CuriosReiPlugin [curios]/" done in 8.286 μs
[17:39:14] [REI-ReloadPlugins/TRACE] [REI] [REIClientPlugin END] Reloading Section: "reloadable-plugin/ConfigAddonRegistryImpl/BackpackReiClientPlugin of BackpackReiClientPlugin [sophisticatedbackpacks]/"
[17:39:14] [REI-ReloadPlugins/TRACE] [REI] [REIClientPlugin END] Reloading Section: "reloadable-plugin/ConfigAddonRegistryImpl/BackpackReiClientPlugin of BackpackReiClientPlugin [sophisticatedbackpacks]/" done in 6.963 μs
[17:39:14] [REI-ReloadPlugins/TRACE] [REI] [REIClientPlugin END] Reloading Section: "reloadable-plugin/ConfigAddonRegistryImpl/HideIngredientsFromTagsPlugin of HideIngredientsFromTagsPlugin [roughlyenoughitems]/"
[17:39:14] [REI-ReloadPlugins/TRACE] [REI] [REIClientPlugin END] Reloading Section: "reloadable-plugin/ConfigAddonRegistryImpl/HideIngredientsFromTagsPlugin of HideIngredientsFromTagsPlugin [roughlyenoughitems]/" done in 9.628 μs
[17:39:14] [REI-ReloadPlugins/TRACE] [REI] [REIClientPlugin END] Reloading Section: "reloadable-plugin/ConfigAddonRegistryImpl/DefaultClientRuntimePlugin of DefaultClientRuntimePlugin [roughlyenoughitems]/"
[17:39:14] [REI-ReloadPlugins/TRACE] [REI] [REIClientPlugin END] Reloading Section: "reloadable-plugin/ConfigAddonRegistryImpl/DefaultClientRuntimePlugin of DefaultClientRuntimePlugin [roughlyenoughitems]/" done in 7.324 μs
[17:39:14] [REI-ReloadPlugins/TRACE] [REI] [REIClientPlugin END] Reloading Section: "reloadable-plugin/ConfigAddonRegistryImpl/KubeJSREIPlugin of KubeJSREIPlugin [kubejs]/"
[17:39:14] [REI-ReloadPlugins/TRACE] [REI] [REIClientPlugin END] Reloading Section: "reloadable-plugin/ConfigAddonRegistryImpl/KubeJSREIPlugin of KubeJSREIPlugin [kubejs]/" done in 6.923 μs
[17:39:14] [REI-ReloadPlugins/TRACE] [REI] [REIClientPlugin END] Reloading Section: "reloadable-plugin/ConfigAddonRegistryImpl/" done in 180.1 μs
[17:39:14] [REI-ReloadPlugins/TRACE] [REI] [REIClientPlugin END] Reloading Section: "reloadable-plugin/me.shedaniel.rei.plugin.client.runtime.PluginStageExecutionWatcher$1/"
[17:39:14] [REI-ReloadPlugins/TRACE] [REI] [REIClientPlugin END] Reloading Section: "reloadable-plugin/me.shedaniel.rei.plugin.client.runtime.PluginStageExecutionWatcher$1/DefaultClientPluginImpl of DefaultClientPluginImpl [roughlyenoughitems]/"
[17:39:14] [REI-ReloadPlugins/TRACE] [REI] [REIClientPlugin END] Reloading Section: "reloadable-plugin/me.shedaniel.rei.plugin.client.runtime.PluginStageExecutionWatcher$1/DefaultClientPluginImpl of DefaultClientPluginImpl [roughlyenoughitems]/" done in 8.606 μs
[17:39:14] [REI-ReloadPlugins/TRACE] [REI] [REIClientPlugin END] Reloading Section: "reloadable-plugin/me.shedaniel.rei.plugin.client.runtime.PluginStageExecutionWatcher$1/REIPlugin of REIPluginLoader [toms_storage]/"
[17:39:14] [REI-ReloadPlugins/TRACE] [REI] [REIClientPlugin END] Reloading Section: "reloadable-plugin/me.shedaniel.rei.plugin.client.runtime.PluginStageExecutionWatcher$1/REIPlugin of REIPluginLoader [toms_storage]/" done in 7.785 μs
[17:39:14] [REI-ReloadPlugins/TRACE] [REI] [REIClientPlugin END] Reloading Section: "reloadable-plugin/me.shedaniel.rei.plugin.client.runtime.PluginStageExecutionWatcher$1/StorageReiClientPlugin of StorageReiClientPlugin [sophisticatedstorage]/"
[17:39:14] [REI-ReloadPlugins/TRACE] [REI] [REIClientPlugin END] Reloading Section: "reloadable-plugin/me.shedaniel.rei.plugin.client.runtime.PluginStageExecutionWatcher$1/StorageReiClientPlugin of StorageReiClientPlugin [sophisticatedstorage]/" done in 7.133 μs
[17:39:14] [REI-ReloadPlugins/TRACE] [REI] [REIClientPlugin END] Reloading Section: "reloadable-plugin/me.shedaniel.rei.plugin.client.runtime.PluginStageExecutionWatcher$1/OwoReiPlugin of OwoReiPlugin [owo]/"
[17:39:14] [REI-ReloadPlugins/TRACE] [REI] [REIClientPlugin END] Reloading Section: "reloadable-plugin/me.shedaniel.rei.plugin.client.runtime.PluginStageExecutionWatcher$1/OwoReiPlugin of OwoReiPlugin [owo]/" done in 7.474 μs
[17:39:14] [REI-ReloadPlugins/TRACE] [REI] [REIClientPlugin END] Reloading Section: "reloadable-plugin/me.shedaniel.rei.plugin.client.runtime.PluginStageExecutionWatcher$1/CuriosReiPlugin of CuriosReiPlugin [curios]/"
[17:39:14] [REI-ReloadPlugins/TRACE] [REI] [REIClientPlugin END] Reloading Section: "reloadable-plugin/me.shedaniel.rei.plugin.client.runtime.PluginStageExecutionWatcher$1/CuriosReiPlugin of CuriosReiPlugin [curios]/" done in 7.063 μs
[17:39:14] [REI-ReloadPlugins/TRACE] [REI] [REIClientPlugin END] Reloading Section: "reloadable-plugin/me.shedaniel.rei.plugin.client.runtime.PluginStageExecutionWatcher$1/BackpackReiClientPlugin of BackpackReiClientPlugin [sophisticatedbackpacks]/"
[17:39:14] [REI-ReloadPlugins/TRACE] [REI] [REIClientPlugin END] Reloading Section: "reloadable-plugin/me.shedaniel.rei.plugin.client.runtime.PluginStageExecutionWatcher$1/BackpackReiClientPlugin of BackpackReiClientPlugin [sophisticatedbackpacks]/" done in 10.44 μs
[17:39:14] [REI-ReloadPlugins/TRACE] [REI] [REIClientPlugin END] Reloading Section: "reloadable-plugin/me.shedaniel.rei.plugin.client.runtime.PluginStageExecutionWatcher$1/HideIngredientsFromTagsPlugin of HideIngredientsFromTagsPlugin [roughlyenoughitems]/"
[17:39:14] [REI-ReloadPlugins/TRACE] [REI] [REIClientPlugin END] Reloading Section: "reloadable-plugin/me.shedaniel.rei.plugin.client.runtime.PluginStageExecutionWatcher$1/HideIngredientsFromTagsPlugin of HideIngredientsFromTagsPlugin [roughlyenoughitems]/" done in 7.123 μs
[17:39:14] [REI-ReloadPlugins/TRACE] [REI] [REIClientPlugin END] Reloading Section: "reloadable-plugin/me.shedaniel.rei.plugin.client.runtime.PluginStageExecutionWatcher$1/DefaultClientRuntimePlugin of DefaultClientRuntimePlugin [roughlyenoughitems]/"
[17:39:14] [REI-ReloadPlugins/TRACE] [REI] [REIClientPlugin END] Reloading Section: "reloadable-plugin/me.shedaniel.rei.plugin.client.runtime.PluginStageExecutionWatcher$1/DefaultClientRuntimePlugin of DefaultClientRuntimePlugin [roughlyenoughitems]/" done in 9.518 μs
[17:39:14] [REI-ReloadPlugins/TRACE] [REI] [REIClientPlugin END] Reloading Section: "reloadable-plugin/me.shedaniel.rei.plugin.client.runtime.PluginStageExecutionWatcher$1/KubeJSREIPlugin of KubeJSREIPlugin [kubejs]/"
[17:39:14] [REI-ReloadPlugins/TRACE] [REI] [REIClientPlugin END] Reloading Section: "reloadable-plugin/me.shedaniel.rei.plugin.client.runtime.PluginStageExecutionWatcher$1/KubeJSREIPlugin of KubeJSREIPlugin [kubejs]/" done in 6.953 μs
[17:39:14] [REI-ReloadPlugins/TRACE] [REI] [REIClientPlugin END] Reloading Section: "reloadable-plugin/me.shedaniel.rei.plugin.client.runtime.PluginStageExecutionWatcher$1/" done in 159.1 μs
[17:39:14] [REI-ReloadPlugins/DEBUG] [REI] ========================================
[17:39:14] [REI-ReloadPlugins/DEBUG] [REI] REIClientPlugin ending main-reload for END.
[17:39:14] [REI-ReloadPlugins/DEBUG] [REI] ========================================
[17:39:14] [REI-ReloadPlugins/TRACE] [REI] [REIClientPlugin END] Reloading Section: "end-reload/"
[17:39:14] [REI-ReloadPlugins/TRACE] [REI] [REIClientPlugin END] Reloading Section: "end-reload/EntryRendererRegistryImpl/"
[17:39:14] [REI-ReloadPlugins/TRACE] [REI] [REIClientPlugin END] Reloading Section: "end-reload/EntryRendererRegistryImpl/" done in 7.313 μs
[17:39:14] [REI-ReloadPlugins/TRACE] [REI] [REIClientPlugin END] Reloading Section: "end-reload/ViewsImpl/"
[17:39:14] [REI-ReloadPlugins/TRACE] [REI] [REIClientPlugin END] Reloading Section: "end-reload/ViewsImpl/" done in 6.372 μs
[17:39:14] [REI-ReloadPlugins/TRACE] [REI] [REIClientPlugin END] Reloading Section: "end-reload/InputMethodRegistryImpl/"
[17:39:14] [REI-ReloadPlugins/DEBUG] [REI] Registered 5 input methods: Default, Jyutping (Cantonese), Pinyin (Mandarin), Bopomofo (Mandarin), Double Pinyin (Mandarin)
[17:39:14] [REI-ReloadPlugins/TRACE] [REI] [REIClientPlugin END] Reloading Section: "end-reload/InputMethodRegistryImpl/" done in 974.7 μs
[17:39:14] [REI-ReloadPlugins/TRACE] [REI] [REIClientPlugin END] Reloading Section: "end-reload/SearchProviderImpl/"
[17:39:14] [REI-ReloadPlugins/TRACE] [REI] [REIClientPlugin END] Reloading Section: "end-reload/SearchProviderImpl/" done in 14.21 μs
[17:39:14] [REI-ReloadPlugins/TRACE] [REI] [REIClientPlugin END] Reloading Section: "end-reload/ConfigManagerImpl/"
[17:39:14] [REI-ReloadPlugins/TRACE] [REI] [REIClientPlugin END] Reloading Section: "end-reload/ConfigManagerImpl/" done in 16.16 μs
[17:39:14] [REI-ReloadPlugins/TRACE] [REI] [REIClientPlugin END] Reloading Section: "end-reload/EntryRegistryImpl/"
[17:39:14] [REI-ReloadPlugins/TRACE] [REI] [REIClientPlugin END] Reloading Section: "end-reload/EntryRegistryImpl/" done in 10.59 μs
[17:39:14] [REI-ReloadPlugins/TRACE] [REI] [REIClientPlugin END] Reloading Section: "end-reload/CollapsibleEntryRegistryImpl/"
[17:39:14] [REI-ReloadPlugins/DEBUG] [REI] Recollecting custom collapsible entry groups
[17:39:14] [REI-ReloadPlugins/DEBUG] [REI] Registered 0 custom collapsible entry groups: 
[17:39:14] [REI-ReloadPlugins/DEBUG] [REI] Registered 45 collapsible entry groups: Enchanted Book, Potion, Splash Potion, Lingering Potion, Spawn Egg, Tipped Arrow, Music Disc, Barrel, Copper Barrel, Iron Barrel, Gold Barrel, Diamond Barrel, Netherite Barrel, Limited Barrel I, Limited Iron Barrel I, Limited Copper Barrel I, Limited Gold Barrel I, Limited Diamond Barrel I, Limited Netherite Barrel I, Limited Barrel II, Limited Copper Barrel II, Limited Iron Barrel II, Limited Gold Barrel II, Limited Diamond Barrel II, Limited Netherite Barrel II, Limited Barrel III, Limited Copper Barrel III, Limited Iron Barrel III, Limited Gold Barrel III, Limited Diamond Barrel III, Limited Netherite Barrel III, Limited Barrel IV, Limited Copper Barrel IV, Limited Iron Barrel IV, Limited Gold Barrel IV, Limited Diamond Barrel IV, Limited Netherite Barrel IV, Chest, Copper Chest, Iron Chest, Gold Chest, Diamond Chest, Netherite Chest, Shulker Box, Backpack
[17:39:14] [REI-ReloadPlugins/TRACE] [REI] [REIClientPlugin END] Reloading Section: "end-reload/CollapsibleEntryRegistryImpl/" done in 387.7 μs
[17:39:14] [REI-ReloadPlugins/TRACE] [REI] [REIClientPlugin END] Reloading Section: "end-reload/BasicFilteringRuleImpl/"
[17:39:14] [REI-ReloadPlugins/TRACE] [REI] [REIClientPlugin END] Reloading Section: "end-reload/BasicFilteringRuleImpl/" done in 18.15 μs
[17:39:14] [REI-ReloadPlugins/TRACE] [REI] [REIClientPlugin END] Reloading Section: "end-reload/CategoryRegistryImpl/"
[17:39:14] [REI-ReloadPlugins/DEBUG] [REI] Registered 22 categories: Crafting, Smelting, Smoking, Blasting, Campfire, Stone Cutting, Fuel, Brewing, Composting, Stripping, Smithing, Anvil, Beacon Base, Beacon Payment, Tilling, Pathing, Waxing, Wax Scraping, Oxidizing, Oxidation Scraping, Information, Tag
[17:39:14] [REI-ReloadPlugins/TRACE] [REI] [REIClientPlugin END] Reloading Section: "end-reload/CategoryRegistryImpl/" done in 258.2 μs
[17:39:14] [REI-ReloadPlugins/TRACE] [REI] [REIClientPlugin END] Reloading Section: "end-reload/DisplayRegistryImpl/"
[17:39:14] [REI-ReloadPlugins/DEBUG] [REI] Found preliminary 7060 displays
[17:39:14] [REI-ReloadPlugins/DEBUG] [REI] Filled 4228 displays from recipe manager in 67.99 ms
[17:39:14] [REI-ReloadPlugins/DEBUG] [REI] Removing 0 failed displays
[17:39:14] [REI-ReloadPlugins/DEBUG] [REI] Processing 11288 displays for optimal lookup performance...
[17:39:14] [REI-ReloadPlugins/DEBUG] [REI] Processed displays for optimal lookup performance in 148.7 ms.
[17:39:14] [REI-ReloadPlugins/DEBUG] [REI] 11288 displays registration have completed
[17:39:14] [REI-ReloadPlugins/TRACE] [REI] [REIClientPlugin END] Reloading Section: "end-reload/DisplayRegistryImpl/" done in 228.3 ms
[17:39:14] [REI-ReloadPlugins/TRACE] [REI] [REIClientPlugin END] Reloading Section: "end-reload/ScreenRegistryImpl/"
[17:39:14] [REI-ReloadPlugins/TRACE] [REI] [REIClientPlugin END] Reloading Section: "end-reload/ScreenRegistryImpl/" done in 30.60 μs
[17:39:14] [REI-ReloadPlugins/TRACE] [REI] [REIClientPlugin END] Reloading Section: "end-reload/FavoriteEntryTypeRegistryImpl/"
[17:39:14] [REI-ReloadPlugins/TRACE] [REI] [REIClientPlugin END] Reloading Section: "end-reload/FavoriteEntryTypeRegistryImpl/" done in 10.52 μs
[17:39:14] [REI-ReloadPlugins/TRACE] [REI] [REIClientPlugin END] Reloading Section: "end-reload/SubsetsRegistryImpl/"
[17:39:14] [REI-ReloadPlugins/TRACE] [REI] [REIClientPlugin END] Reloading Section: "end-reload/SubsetsRegistryImpl/" done in 9.788 μs
[17:39:14] [REI-ReloadPlugins/TRACE] [REI] [REIClientPlugin END] Reloading Section: "end-reload/TransferHandlerRegistryImpl/"
[17:39:14] [REI-ReloadPlugins/DEBUG] [REI] Registered 11 transfer handlers
[17:39:14] [REI-ReloadPlugins/TRACE] [REI] [REIClientPlugin END] Reloading Section: "end-reload/TransferHandlerRegistryImpl/" done in 65.05 μs
[17:39:14] [REI-ReloadPlugins/TRACE] [REI] [REIClientPlugin END] Reloading Section: "end-reload/SearchRuntime/"
[17:39:14] [REI-ReloadPlugins/TRACE] [REI] Preparing 30541 stacks for search arguments
[17:39:14] [REI-ReloadPlugins/TRACE] [REI] Prepared 30540 / 30541 stacks for search arguments in 345ms
[17:39:14] [REI-ReloadPlugins/DEBUG] [REI] Preparing collapsed entry groups cache with 45 entries and 4363 stacks
[17:39:14] [REI-ReloadPlugins/DEBUG] [REI] Prepared collapsed entry groups cache with 45 entries and 4363 stacks
[17:39:14] [REI-ReloadPlugins/TRACE] [REI] [REIClientPlugin END] Reloading Section: "end-reload/SearchRuntime/" done in 362.5 ms
[17:39:14] [REI-ReloadPlugins/TRACE] [REI] [REIClientPlugin END] Reloading Section: "end-reload/REIRuntimeImpl/"
[17:39:14] [REI-ReloadPlugins/TRACE] [REI] [REIClientPlugin END] Reloading Section: "end-reload/REIRuntimeImpl/" done in 17.47 μs
[17:39:14] [REI-ReloadPlugins/TRACE] [REI] [REIClientPlugin END] Reloading Section: "end-reload/ConfigAddonRegistryImpl/"
[17:39:14] [REI-ReloadPlugins/DEBUG] [REI] Registered 0 config addons
[17:39:14] [REI-ReloadPlugins/TRACE] [REI] [REIClientPlugin END] Reloading Section: "end-reload/ConfigAddonRegistryImpl/" done in 37.09 μs
[17:39:14] [REI-ReloadPlugins/TRACE] [REI] [REIClientPlugin END] Reloading Section: "end-reload/me.shedaniel.rei.plugin.client.runtime.PluginStageExecutionWatcher$1/"
[17:39:14] [REI-ReloadPlugins/TRACE] [REI] [REIClientPlugin END] Reloading Section: "end-reload/me.shedaniel.rei.plugin.client.runtime.PluginStageExecutionWatcher$1/" done in 7.043 μs
[17:39:14] [REI-ReloadPlugins/TRACE] [REI] [REIClientPlugin END] Reloading Section: "end-reload/" done in 593.2 ms
[17:39:14] [REI-ReloadPlugins/DEBUG] [REI] ========================================
[17:39:14] [REI-ReloadPlugins/DEBUG] [REI] REIClientPlugin ended main-reload for END in 1.272 s.
[17:39:14] [REI-ReloadPlugins/DEBUG] [REI] ========================================
[17:39:14] [REI-ReloadPlugins/INFO] [REI] OOOOOOOOOOOOOOOOOOOOOOOOOOOOOOOOOOOOOOOO
[17:39:14] [REI-ReloadPlugins/INFO] [REI] REIServerPlugin starting main-reload for END.
[17:39:14] [REI-ReloadPlugins/DEBUG] [REI] Reloadables (3):
[17:39:14] [REI-ReloadPlugins/DEBUG] [REI]  - MenuInfoRegistryImpl
[17:39:14] [REI-ReloadPlugins/DEBUG] [REI]  - SlotAccessorRegistryImpl
[17:39:14] [REI-ReloadPlugins/DEBUG] [REI]  - me.shedaniel.rei.plugin.client.runtime.PluginStageExecutionWatcher$1
[17:39:14] [REI-ReloadPlugins/INFO] [REI] Plugins (5):
[17:39:14] [REI-ReloadPlugins/INFO] [REI]  - (-100.00) DefaultPluginImpl of DefaultPluginImpl [roughlyenoughitems]
[17:39:14] [REI-ReloadPlugins/INFO] [REI]  - (0.00) StorageReiCommonPlugin of StorageReiCommonPlugin [sophisticatedstorage]
[17:39:14] [REI-ReloadPlugins/INFO] [REI]  - (0.00) BackpackReiCommonPlugin of BackpackReiCommonPlugin [sophisticatedbackpacks]
[17:39:14] [REI-ReloadPlugins/INFO] [REI]  - (0.00) CoreReiCommonPlugin of CoreReiCommonPlugin [sophisticatedcore]
[17:39:14] [REI-ReloadPlugins/INFO] [REI]  - (0.00) DefaultRuntimePlugin of DefaultRuntimePlugin [roughlyenoughitems]
[17:39:14] [REI-ReloadPlugins/INFO] [REI] OOOOOOOOOOOOOOOOOOOOOOOOOOOOOOOOOOOOOOOO
[17:39:14] [REI-ReloadPlugins/TRACE] [REI] [REIServerPlugin END] Reloading Section: "start-reload/"
[17:39:14] [REI-ReloadPlugins/TRACE] [REI] [REIServerPlugin END] Reloading Section: "start-reload/MenuInfoRegistryImpl/"
[17:39:14] [REI-ReloadPlugins/TRACE] [REI] [REIServerPlugin END] Reloading Section: "start-reload/MenuInfoRegistryImpl/" done in 17.18 μs
[17:39:14] [REI-ReloadPlugins/TRACE] [REI] [REIServerPlugin END] Reloading Section: "start-reload/SlotAccessorRegistryImpl/"
[17:39:14] [REI-ReloadPlugins/TRACE] [REI] [REIServerPlugin END] Reloading Section: "start-reload/SlotAccessorRegistryImpl/" done in 13.23 μs
[17:39:14] [REI-ReloadPlugins/TRACE] [REI] [REIServerPlugin END] Reloading Section: "start-reload/me.shedaniel.rei.plugin.client.runtime.PluginStageExecutionWatcher$1/"
[17:39:14] [REI-ReloadPlugins/TRACE] [REI] [REIServerPlugin END] Reloading Section: "start-reload/me.shedaniel.rei.plugin.client.runtime.PluginStageExecutionWatcher$1/" done in 16.13 μs
[17:39:14] [REI-ReloadPlugins/TRACE] [REI] [REIServerPlugin END] Reloading Section: "start-reload/" done in 121.9 μs
[17:39:14] [REI-ReloadPlugins/DEBUG] [REI] ========================================
[17:39:14] [REI-ReloadPlugins/DEBUG] [REI] REIServerPlugin started main-reload for END.
[17:39:14] [REI-ReloadPlugins/DEBUG] [REI] ========================================
[17:39:14] [REI-ReloadPlugins/TRACE] [REI] [REIServerPlugin END] Reloading Section: "reloadable-plugin/MenuInfoRegistryImpl/"
[17:39:14] [REI-ReloadPlugins/TRACE] [REI] [REIServerPlugin END] Reloading Section: "reloadable-plugin/MenuInfoRegistryImpl/DefaultPluginImpl of DefaultPluginImpl [roughlyenoughitems]/"
[17:39:14] [REI-ReloadPlugins/TRACE] [REI] [REIServerPlugin END] Reloading Section: "reloadable-plugin/MenuInfoRegistryImpl/DefaultPluginImpl of DefaultPluginImpl [roughlyenoughitems]/" done in 238.5 μs
[17:39:14] [REI-ReloadPlugins/TRACE] [REI] [REIServerPlugin END] Reloading Section: "reloadable-plugin/MenuInfoRegistryImpl/StorageReiCommonPlugin of StorageReiCommonPlugin [sophisticatedstorage]/"
[17:39:14] [REI-ReloadPlugins/TRACE] [REI] [REIServerPlugin END] Reloading Section: "reloadable-plugin/MenuInfoRegistryImpl/StorageReiCommonPlugin of StorageReiCommonPlugin [sophisticatedstorage]/" done in 13.62 μs
[17:39:14] [REI-ReloadPlugins/TRACE] [REI] [REIServerPlugin END] Reloading Section: "reloadable-plugin/MenuInfoRegistryImpl/BackpackReiCommonPlugin of BackpackReiCommonPlugin [sophisticatedbackpacks]/"
[17:39:14] [REI-ReloadPlugins/TRACE] [REI] [REIServerPlugin END] Reloading Section: "reloadable-plugin/MenuInfoRegistryImpl/BackpackReiCommonPlugin of BackpackReiCommonPlugin [sophisticatedbackpacks]/" done in 10.63 μs
[17:39:14] [REI-ReloadPlugins/TRACE] [REI] [REIServerPlugin END] Reloading Section: "reloadable-plugin/MenuInfoRegistryImpl/CoreReiCommonPlugin of CoreReiCommonPlugin [sophisticatedcore]/"
[17:39:14] [REI-ReloadPlugins/TRACE] [REI] [REIServerPlugin END] Reloading Section: "reloadable-plugin/MenuInfoRegistryImpl/CoreReiCommonPlugin of CoreReiCommonPlugin [sophisticatedcore]/" done in 20.39 μs
[17:39:14] [REI-ReloadPlugins/TRACE] [REI] [REIServerPlugin END] Reloading Section: "reloadable-plugin/MenuInfoRegistryImpl/DefaultRuntimePlugin of DefaultRuntimePlugin [roughlyenoughitems]/"
[17:39:14] [REI-ReloadPlugins/TRACE] [REI] [REIServerPlugin END] Reloading Section: "reloadable-plugin/MenuInfoRegistryImpl/DefaultRuntimePlugin of DefaultRuntimePlugin [roughlyenoughitems]/" done in 10.61 μs
[17:39:14] [REI-ReloadPlugins/TRACE] [REI] [REIServerPlugin END] Reloading Section: "reloadable-plugin/MenuInfoRegistryImpl/" done in 396.3 μs
[17:39:14] [REI-ReloadPlugins/TRACE] [REI] [REIServerPlugin END] Reloading Section: "reloadable-plugin/SlotAccessorRegistryImpl/"
[17:39:14] [REI-ReloadPlugins/TRACE] [REI] [REIServerPlugin END] Reloading Section: "reloadable-plugin/SlotAccessorRegistryImpl/DefaultPluginImpl of DefaultPluginImpl [roughlyenoughitems]/"
[17:39:14] [REI-ReloadPlugins/TRACE] [REI] [REIServerPlugin END] Reloading Section: "reloadable-plugin/SlotAccessorRegistryImpl/DefaultPluginImpl of DefaultPluginImpl [roughlyenoughitems]/" done in 24.92 μs
[17:39:14] [REI-ReloadPlugins/TRACE] [REI] [REIServerPlugin END] Reloading Section: "reloadable-plugin/SlotAccessorRegistryImpl/StorageReiCommonPlugin of StorageReiCommonPlugin [sophisticatedstorage]/"
[17:39:14] [REI-ReloadPlugins/TRACE] [REI] [REIServerPlugin END] Reloading Section: "reloadable-plugin/SlotAccessorRegistryImpl/StorageReiCommonPlugin of StorageReiCommonPlugin [sophisticatedstorage]/" done in 11.20 μs
[17:39:14] [REI-ReloadPlugins/TRACE] [REI] [REIServerPlugin END] Reloading Section: "reloadable-plugin/SlotAccessorRegistryImpl/BackpackReiCommonPlugin of BackpackReiCommonPlugin [sophisticatedbackpacks]/"
[17:39:14] [REI-ReloadPlugins/TRACE] [REI] [REIServerPlugin END] Reloading Section: "reloadable-plugin/SlotAccessorRegistryImpl/BackpackReiCommonPlugin of BackpackReiCommonPlugin [sophisticatedbackpacks]/" done in 9.338 μs
[17:39:14] [REI-ReloadPlugins/TRACE] [REI] [REIServerPlugin END] Reloading Section: "reloadable-plugin/SlotAccessorRegistryImpl/CoreReiCommonPlugin of CoreReiCommonPlugin [sophisticatedcore]/"
[17:39:14] [REI-ReloadPlugins/DEBUG] [REI] Added slot accessor serializer: net.p3pp3rf1y.sophisticatedcore.compat.recipeviewers.rei.CoreReiCommonPlugin$1@2f9a06df [sophisticatedcore:storage]
[17:39:14] [REI-ReloadPlugins/TRACE] [REI] [REIServerPlugin END] Reloading Section: "reloadable-plugin/SlotAccessorRegistryImpl/CoreReiCommonPlugin of CoreReiCommonPlugin [sophisticatedcore]/" done in 854.2 μs
[17:39:14] [REI-ReloadPlugins/TRACE] [REI] [REIServerPlugin END] Reloading Section: "reloadable-plugin/SlotAccessorRegistryImpl/DefaultRuntimePlugin of DefaultRuntimePlugin [roughlyenoughitems]/"
[17:39:14] [REI-ReloadPlugins/DEBUG] [REI] Added slot accessor serializer: me.shedaniel.rei.plugin.common.runtime.DefaultRuntimePlugin$1@357a812e [roughlyenoughitems:vanilla]
[17:39:14] [REI-ReloadPlugins/DEBUG] [REI] Added slot accessor serializer: me.shedaniel.rei.plugin.common.runtime.DefaultRuntimePlugin$2@5f36e909 [roughlyenoughitems:player]
[17:39:14] [REI-ReloadPlugins/TRACE] [REI] [REIServerPlugin END] Reloading Section: "reloadable-plugin/SlotAccessorRegistryImpl/DefaultRuntimePlugin of DefaultRuntimePlugin [roughlyenoughitems]/" done in 560.9 μs
[17:39:14] [REI-ReloadPlugins/TRACE] [REI] [REIServerPlugin END] Reloading Section: "reloadable-plugin/SlotAccessorRegistryImpl/" done in 1.573 ms
[17:39:14] [REI-ReloadPlugins/TRACE] [REI] [REIServerPlugin END] Reloading Section: "reloadable-plugin/me.shedaniel.rei.plugin.client.runtime.PluginStageExecutionWatcher$1/"
[17:39:14] [REI-ReloadPlugins/TRACE] [REI] [REIServerPlugin END] Reloading Section: "reloadable-plugin/me.shedaniel.rei.plugin.client.runtime.PluginStageExecutionWatcher$1/DefaultPluginImpl of DefaultPluginImpl [roughlyenoughitems]/"
[17:39:14] [REI-ReloadPlugins/TRACE] [REI] [REIServerPlugin END] Reloading Section: "reloadable-plugin/me.shedaniel.rei.plugin.client.runtime.PluginStageExecutionWatcher$1/DefaultPluginImpl of DefaultPluginImpl [roughlyenoughitems]/" done in 12.32 μs
[17:39:14] [REI-ReloadPlugins/TRACE] [REI] [REIServerPlugin END] Reloading Section: "reloadable-plugin/me.shedaniel.rei.plugin.client.runtime.PluginStageExecutionWatcher$1/StorageReiCommonPlugin of StorageReiCommonPlugin [sophisticatedstorage]/"
[17:39:14] [REI-ReloadPlugins/TRACE] [REI] [REIServerPlugin END] Reloading Section: "reloadable-plugin/me.shedaniel.rei.plugin.client.runtime.PluginStageExecutionWatcher$1/StorageReiCommonPlugin of StorageReiCommonPlugin [sophisticatedstorage]/" done in 11.56 μs
[17:39:14] [REI-ReloadPlugins/TRACE] [REI] [REIServerPlugin END] Reloading Section: "reloadable-plugin/me.shedaniel.rei.plugin.client.runtime.PluginStageExecutionWatcher$1/BackpackReiCommonPlugin of BackpackReiCommonPlugin [sophisticatedbackpacks]/"
[17:39:14] [REI-ReloadPlugins/TRACE] [REI] [REIServerPlugin END] Reloading Section: "reloadable-plugin/me.shedaniel.rei.plugin.client.runtime.PluginStageExecutionWatcher$1/BackpackReiCommonPlugin of BackpackReiCommonPlugin [sophisticatedbackpacks]/" done in 9.387 μs
[17:39:14] [REI-ReloadPlugins/TRACE] [REI] [REIServerPlugin END] Reloading Section: "reloadable-plugin/me.shedaniel.rei.plugin.client.runtime.PluginStageExecutionWatcher$1/CoreReiCommonPlugin of CoreReiCommonPlugin [sophisticatedcore]/"
[17:39:14] [REI-ReloadPlugins/TRACE] [REI] [REIServerPlugin END] Reloading Section: "reloadable-plugin/me.shedaniel.rei.plugin.client.runtime.PluginStageExecutionWatcher$1/CoreReiCommonPlugin of CoreReiCommonPlugin [sophisticatedcore]/" done in 10.20 μs
[17:39:14] [REI-ReloadPlugins/TRACE] [REI] [REIServerPlugin END] Reloading Section: "reloadable-plugin/me.shedaniel.rei.plugin.client.runtime.PluginStageExecutionWatcher$1/DefaultRuntimePlugin of DefaultRuntimePlugin [roughlyenoughitems]/"
[17:39:14] [REI-ReloadPlugins/TRACE] [REI] [REIServerPlugin END] Reloading Section: "reloadable-plugin/me.shedaniel.rei.plugin.client.runtime.PluginStageExecutionWatcher$1/DefaultRuntimePlugin of DefaultRuntimePlugin [roughlyenoughitems]/" done in 19.47 μs
[17:39:14] [REI-ReloadPlugins/TRACE] [REI] [REIServerPlugin END] Reloading Section: "reloadable-plugin/me.shedaniel.rei.plugin.client.runtime.PluginStageExecutionWatcher$1/" done in 156.0 μs
[17:39:14] [REI-ReloadPlugins/DEBUG] [REI] ========================================
[17:39:14] [REI-ReloadPlugins/DEBUG] [REI] REIServerPlugin ending main-reload for END.
[17:39:14] [REI-ReloadPlugins/DEBUG] [REI] ========================================
[17:39:14] [REI-ReloadPlugins/TRACE] [REI] [REIServerPlugin END] Reloading Section: "end-reload/"
[17:39:14] [REI-ReloadPlugins/TRACE] [REI] [REIServerPlugin END] Reloading Section: "end-reload/MenuInfoRegistryImpl/"
[17:39:14] [REI-ReloadPlugins/DEBUG] [REI] Registered 0 menu infos
[17:39:14] [REI-ReloadPlugins/TRACE] [REI] [REIServerPlugin END] Reloading Section: "end-reload/MenuInfoRegistryImpl/" done in 45.83 μs
[17:39:14] [REI-ReloadPlugins/TRACE] [REI] [REIServerPlugin END] Reloading Section: "end-reload/SlotAccessorRegistryImpl/"
[17:39:14] [REI-ReloadPlugins/DEBUG] [REI] Registered 3 slot accessor serializers
[17:39:14] [REI-ReloadPlugins/TRACE] [REI] [REIServerPlugin END] Reloading Section: "end-reload/SlotAccessorRegistryImpl/" done in 33.41 μs
[17:39:14] [REI-ReloadPlugins/TRACE] [REI] [REIServerPlugin END] Reloading Section: "end-reload/me.shedaniel.rei.plugin.client.runtime.PluginStageExecutionWatcher$1/"
[17:39:14] [REI-ReloadPlugins/TRACE] [REI] [REIServerPlugin END] Reloading Section: "end-reload/me.shedaniel.rei.plugin.client.runtime.PluginStageExecutionWatcher$1/" done in 11.30 μs
[17:39:14] [REI-ReloadPlugins/TRACE] [REI] [REIServerPlugin END] Reloading Section: "end-reload/" done in 153.3 μs
[17:39:14] [REI-ReloadPlugins/DEBUG] [REI] ========================================
[17:39:14] [REI-ReloadPlugins/DEBUG] [REI] REIServerPlugin ended main-reload for END in 3.195 ms.
[17:39:14] [REI-ReloadPlugins/DEBUG] [REI] ========================================
[17:39:14] [REI-ReloadPlugins/DEBUG] [REI] ========================================
[17:39:14] [REI-ReloadPlugins/DEBUG] [REI] REIPlugin starting post-reload for END.
[17:39:14] [REI-ReloadPlugins/DEBUG] [REI] Reloadables (8):
[17:39:14] [REI-ReloadPlugins/DEBUG] [REI]  - EntryTypeRegistryImpl
[17:39:14] [REI-ReloadPlugins/DEBUG] [REI]  - EntrySettingsAdapterRegistryImpl
[17:39:14] [REI-ReloadPlugins/DEBUG] [REI]  - RecipeManagerContextImpl
[17:39:14] [REI-ReloadPlugins/DEBUG] [REI]  - ItemComparatorRegistryImpl
[17:39:14] [REI-ReloadPlugins/DEBUG] [REI]  - FluidComparatorRegistryImpl
[17:39:14] [REI-ReloadPlugins/DEBUG] [REI]  - DisplaySerializerRegistryImpl
[17:39:14] [REI-ReloadPlugins/DEBUG] [REI]  - FluidSupportProviderImpl
[17:39:14] [REI-ReloadPlugins/DEBUG] [REI]  - me.shedaniel.rei.plugin.client.runtime.PluginStageExecutionWatcher$1
[17:39:14] [REI-ReloadPlugins/DEBUG] [REI] Plugins (14):
[17:39:14] [REI-ReloadPlugins/DEBUG] [REI]  - (-100.00) DefaultClientPluginImpl of DefaultClientPluginImpl [roughlyenoughitems]
[17:39:14] [REI-ReloadPlugins/DEBUG] [REI]  - (-100.00) DefaultPluginImpl of DefaultPluginImpl [roughlyenoughitems]
[17:39:14] [REI-ReloadPlugins/DEBUG] [REI]  - (0.00) HideIngredientsFromTagsPlugin of HideIngredientsFromTagsPlugin [roughlyenoughitems]
[17:39:14] [REI-ReloadPlugins/DEBUG] [REI]  - (0.00) DefaultClientRuntimePlugin of DefaultClientRuntimePlugin [roughlyenoughitems]
[17:39:14] [REI-ReloadPlugins/DEBUG] [REI]  - (0.00) DefaultRuntimePlugin of DefaultRuntimePlugin [roughlyenoughitems]
[17:39:14] [REI-ReloadPlugins/DEBUG] [REI]  - (0.00) REIPlugin of REIPluginLoader [toms_storage]
[17:39:14] [REI-ReloadPlugins/DEBUG] [REI]  - (0.00) StorageReiClientPlugin of StorageReiClientPlugin [sophisticatedstorage]
[17:39:14] [REI-ReloadPlugins/DEBUG] [REI]  - (0.00) OwoReiPlugin of OwoReiPlugin [owo]
[17:39:14] [REI-ReloadPlugins/DEBUG] [REI]  - (0.00) CuriosReiPlugin of CuriosReiPlugin [curios]
[17:39:14] [REI-ReloadPlugins/DEBUG] [REI]  - (0.00) BackpackReiClientPlugin of BackpackReiClientPlugin [sophisticatedbackpacks]
[17:39:14] [REI-ReloadPlugins/DEBUG] [REI]  - (0.00) StorageReiCommonPlugin of StorageReiCommonPlugin [sophisticatedstorage]
[17:39:14] [REI-ReloadPlugins/DEBUG] [REI]  - (0.00) BackpackReiCommonPlugin of BackpackReiCommonPlugin [sophisticatedbackpacks]
[17:39:14] [REI-ReloadPlugins/DEBUG] [REI]  - (0.00) CoreReiCommonPlugin of CoreReiCommonPlugin [sophisticatedcore]
[17:39:14] [REI-ReloadPlugins/DEBUG] [REI]  - (10000000.00) KubeJSREIPlugin of KubeJSREIPlugin [kubejs]
[17:39:14] [REI-ReloadPlugins/DEBUG] [REI] ========================================
[17:39:14] [REI-ReloadPlugins/TRACE] [REI] [REIPlugin END] Reloading Section: "post-register/"
[17:39:14] [REI-ReloadPlugins/TRACE] [REI] [REIPlugin END] Reloading Section: "post-register/DefaultClientPluginImpl of DefaultClientPluginImpl [roughlyenoughitems]/"
[17:39:14] [REI-ReloadPlugins/TRACE] [REI] [REIPlugin END] Reloading Section: "post-register/DefaultClientPluginImpl of DefaultClientPluginImpl [roughlyenoughitems]/" done in 14.47 μs
[17:39:14] [REI-ReloadPlugins/TRACE] [REI] [REIPlugin END] Reloading Section: "post-register/DefaultPluginImpl of DefaultPluginImpl [roughlyenoughitems]/"
[17:39:14] [REI-ReloadPlugins/TRACE] [REI] [REIPlugin END] Reloading Section: "post-register/DefaultPluginImpl of DefaultPluginImpl [roughlyenoughitems]/" done in 9.919 μs
[17:39:14] [REI-ReloadPlugins/TRACE] [REI] [REIPlugin END] Reloading Section: "post-register/HideIngredientsFromTagsPlugin of HideIngredientsFromTagsPlugin [roughlyenoughitems]/"
[17:39:14] [REI-ReloadPlugins/TRACE] [REI] [REIPlugin END] Reloading Section: "post-register/HideIngredientsFromTagsPlugin of HideIngredientsFromTagsPlugin [roughlyenoughitems]/" done in 8.736 μs
[17:39:14] [REI-ReloadPlugins/TRACE] [REI] [REIPlugin END] Reloading Section: "post-register/DefaultClientRuntimePlugin of DefaultClientRuntimePlugin [roughlyenoughitems]/"
[17:39:14] [REI-ReloadPlugins/TRACE] [REI] [REIPlugin END] Reloading Section: "post-register/DefaultClientRuntimePlugin of DefaultClientRuntimePlugin [roughlyenoughitems]/" done in 8.235 μs
[17:39:14] [REI-ReloadPlugins/TRACE] [REI] [REIPlugin END] Reloading Section: "post-register/DefaultRuntimePlugin of DefaultRuntimePlugin [roughlyenoughitems]/"
[17:39:14] [REI-ReloadPlugins/TRACE] [REI] [REIPlugin END] Reloading Section: "post-register/DefaultRuntimePlugin of DefaultRuntimePlugin [roughlyenoughitems]/" done in 7.755 μs
[17:39:14] [REI-ReloadPlugins/TRACE] [REI] [REIPlugin END] Reloading Section: "post-register/REIPlugin of REIPluginLoader [toms_storage]/"
[17:39:14] [REI-ReloadPlugins/TRACE] [REI] [REIPlugin END] Reloading Section: "post-register/REIPlugin of REIPluginLoader [toms_storage]/" done in 18.50 μs
[17:39:14] [REI-ReloadPlugins/TRACE] [REI] [REIPlugin END] Reloading Section: "post-register/StorageReiClientPlugin of StorageReiClientPlugin [sophisticatedstorage]/"
[17:39:14] [REI-ReloadPlugins/TRACE] [REI] [REIPlugin END] Reloading Section: "post-register/StorageReiClientPlugin of StorageReiClientPlugin [sophisticatedstorage]/" done in 8.456 μs
[17:39:14] [REI-ReloadPlugins/TRACE] [REI] [REIPlugin END] Reloading Section: "post-register/OwoReiPlugin of OwoReiPlugin [owo]/"
[17:39:14] [REI-ReloadPlugins/TRACE] [REI] [REIPlugin END] Reloading Section: "post-register/OwoReiPlugin of OwoReiPlugin [owo]/" done in 7.715 μs
[17:39:14] [REI-ReloadPlugins/TRACE] [REI] [REIPlugin END] Reloading Section: "post-register/CuriosReiPlugin of CuriosReiPlugin [curios]/"
[17:39:14] [REI-ReloadPlugins/TRACE] [REI] [REIPlugin END] Reloading Section: "post-register/CuriosReiPlugin of CuriosReiPlugin [curios]/" done in 7.715 μs
[17:39:14] [REI-ReloadPlugins/TRACE] [REI] [REIPlugin END] Reloading Section: "post-register/BackpackReiClientPlugin of BackpackReiClientPlugin [sophisticatedbackpacks]/"
[17:39:14] [REI-ReloadPlugins/TRACE] [REI] [REIPlugin END] Reloading Section: "post-register/BackpackReiClientPlugin of BackpackReiClientPlugin [sophisticatedbackpacks]/" done in 7.875 μs
[17:39:14] [REI-ReloadPlugins/TRACE] [REI] [REIPlugin END] Reloading Section: "post-register/StorageReiCommonPlugin of StorageReiCommonPlugin [sophisticatedstorage]/"
[17:39:14] [REI-ReloadPlugins/TRACE] [REI] [REIPlugin END] Reloading Section: "post-register/StorageReiCommonPlugin of StorageReiCommonPlugin [sophisticatedstorage]/" done in 10.42 μs
[17:39:14] [REI-ReloadPlugins/TRACE] [REI] [REIPlugin END] Reloading Section: "post-register/BackpackReiCommonPlugin of BackpackReiCommonPlugin [sophisticatedbackpacks]/"
[17:39:14] [REI-ReloadPlugins/TRACE] [REI] [REIPlugin END] Reloading Section: "post-register/BackpackReiCommonPlugin of BackpackReiCommonPlugin [sophisticatedbackpacks]/" done in 8.176 μs
[17:39:14] [REI-ReloadPlugins/TRACE] [REI] [REIPlugin END] Reloading Section: "post-register/CoreReiCommonPlugin of CoreReiCommonPlugin [sophisticatedcore]/"
[17:39:14] [REI-ReloadPlugins/TRACE] [REI] [REIPlugin END] Reloading Section: "post-register/CoreReiCommonPlugin of CoreReiCommonPlugin [sophisticatedcore]/" done in 9.227 μs
[17:39:14] [REI-ReloadPlugins/TRACE] [REI] [REIPlugin END] Reloading Section: "post-register/KubeJSREIPlugin of KubeJSREIPlugin [kubejs]/"
[17:39:14] [REI-ReloadPlugins/TRACE] [REI] [REIPlugin END] Reloading Section: "post-register/KubeJSREIPlugin of KubeJSREIPlugin [kubejs]/" done in 22.46 μs
[17:39:14] [REI-ReloadPlugins/TRACE] [REI] [REIPlugin END] Reloading Section: "post-register/" done in 332.1 μs
[17:39:14] [REI-ReloadPlugins/TRACE] [REI] [REIPlugin END] Reloading Section: "post-stage/"
[17:39:14] [REI-ReloadPlugins/TRACE] [REI] [REIPlugin END] Reloading Section: "post-stage/EntryTypeRegistryImpl/"
[17:39:14] [REI-ReloadPlugins/TRACE] [REI] [REIPlugin END] Reloading Section: "post-stage/EntryTypeRegistryImpl/" done in 10.56 μs
[17:39:14] [REI-ReloadPlugins/TRACE] [REI] [REIPlugin END] Reloading Section: "post-stage/EntrySettingsAdapterRegistryImpl/"
[17:39:14] [REI-ReloadPlugins/TRACE] [REI] [REIPlugin END] Reloading Section: "post-stage/EntrySettingsAdapterRegistryImpl/" done in 10.85 μs
[17:39:14] [REI-ReloadPlugins/TRACE] [REI] [REIPlugin END] Reloading Section: "post-stage/RecipeManagerContextImpl/"
[17:39:14] [REI-ReloadPlugins/TRACE] [REI] [REIPlugin END] Reloading Section: "post-stage/RecipeManagerContextImpl/" done in 8.355 μs
[17:39:14] [REI-ReloadPlugins/TRACE] [REI] [REIPlugin END] Reloading Section: "post-stage/ItemComparatorRegistryImpl/"
[17:39:14] [REI-ReloadPlugins/TRACE] [REI] [REIPlugin END] Reloading Section: "post-stage/ItemComparatorRegistryImpl/" done in 12.62 μs
[17:39:14] [REI-ReloadPlugins/TRACE] [REI] [REIPlugin END] Reloading Section: "post-stage/FluidComparatorRegistryImpl/"
[17:39:14] [REI-ReloadPlugins/TRACE] [REI] [REIPlugin END] Reloading Section: "post-stage/FluidComparatorRegistryImpl/" done in 12.66 μs
[17:39:14] [REI-ReloadPlugins/TRACE] [REI] [REIPlugin END] Reloading Section: "post-stage/DisplaySerializerRegistryImpl/"
[17:39:14] [REI-ReloadPlugins/TRACE] [REI] [REIPlugin END] Reloading Section: "post-stage/DisplaySerializerRegistryImpl/" done in 17.28 μs
[17:39:14] [REI-ReloadPlugins/TRACE] [REI] [REIPlugin END] Reloading Section: "post-stage/FluidSupportProviderImpl/"
[17:39:14] [REI-ReloadPlugins/TRACE] [REI] [REIPlugin END] Reloading Section: "post-stage/FluidSupportProviderImpl/" done in 10.86 μs
[17:39:14] [REI-ReloadPlugins/TRACE] [REI] [REIPlugin END] Reloading Section: "post-stage/me.shedaniel.rei.plugin.client.runtime.PluginStageExecutionWatcher$1/"
[17:39:14] [REI-ReloadPlugins/TRACE] [REI] [REIPlugin END] Reloading Section: "post-stage/me.shedaniel.rei.plugin.client.runtime.PluginStageExecutionWatcher$1/" done in 12.14 μs
[17:39:14] [REI-ReloadPlugins/TRACE] [REI] [REIPlugin END] Reloading Section: "post-stage/" done in 231.5 μs
[17:39:14] [REI-ReloadPlugins/DEBUG] [REI] ========================================
[17:39:14] [REI-ReloadPlugins/INFO] [REI] REIPlugin finished post-reload for END in 586.6 μs, totaling 15.56 ms.
[17:39:14] [REI-ReloadPlugins/DEBUG] [REI] ========================================
[17:39:14] [REI-ReloadPlugins/DEBUG] [REI] ========================================
[17:39:14] [REI-ReloadPlugins/DEBUG] [REI] REIClientPlugin starting post-reload for END.
[17:39:14] [REI-ReloadPlugins/DEBUG] [REI] Reloadables (18):
[17:39:14] [REI-ReloadPlugins/DEBUG] [REI]  - EntryRendererRegistryImpl
[17:39:14] [REI-ReloadPlugins/DEBUG] [REI]  - ViewsImpl
[17:39:14] [REI-ReloadPlugins/DEBUG] [REI]  - InputMethodRegistryImpl
[17:39:14] [REI-ReloadPlugins/DEBUG] [REI]  - SearchProviderImpl
[17:39:14] [REI-ReloadPlugins/DEBUG] [REI]  - ConfigManagerImpl
[17:39:14] [REI-ReloadPlugins/DEBUG] [REI]  - EntryRegistryImpl
[17:39:14] [REI-ReloadPlugins/DEBUG] [REI]  - CollapsibleEntryRegistryImpl
[17:39:14] [REI-ReloadPlugins/DEBUG] [REI]  - BasicFilteringRuleImpl
[17:39:14] [REI-ReloadPlugins/DEBUG] [REI]  - CategoryRegistryImpl
[17:39:14] [REI-ReloadPlugins/DEBUG] [REI]  - DisplayRegistryImpl
[17:39:14] [REI-ReloadPlugins/DEBUG] [REI]  - ScreenRegistryImpl
[17:39:14] [REI-ReloadPlugins/DEBUG] [REI]  - FavoriteEntryTypeRegistryImpl
[17:39:14] [REI-ReloadPlugins/DEBUG] [REI]  - SubsetsRegistryImpl
[17:39:14] [REI-ReloadPlugins/DEBUG] [REI]  - TransferHandlerRegistryImpl
[17:39:14] [REI-ReloadPlugins/DEBUG] [REI]  - SearchRuntime
[17:39:14] [REI-ReloadPlugins/DEBUG] [REI]  - REIRuntimeImpl
[17:39:14] [REI-ReloadPlugins/DEBUG] [REI]  - ConfigAddonRegistryImpl
[17:39:14] [REI-ReloadPlugins/DEBUG] [REI]  - me.shedaniel.rei.plugin.client.runtime.PluginStageExecutionWatcher$1
[17:39:14] [REI-ReloadPlugins/DEBUG] [REI] Plugins (9):
[17:39:14] [REI-ReloadPlugins/DEBUG] [REI]  - (-100.00) DefaultClientPluginImpl of DefaultClientPluginImpl [roughlyenoughitems]
[17:39:14] [REI-ReloadPlugins/DEBUG] [REI]  - (0.00) REIPlugin of REIPluginLoader [toms_storage]
[17:39:14] [REI-ReloadPlugins/DEBUG] [REI]  - (0.00) StorageReiClientPlugin of StorageReiClientPlugin [sophisticatedstorage]
[17:39:14] [REI-ReloadPlugins/DEBUG] [REI]  - (0.00) OwoReiPlugin of OwoReiPlugin [owo]
[17:39:14] [REI-ReloadPlugins/DEBUG] [REI]  - (0.00) CuriosReiPlugin of CuriosReiPlugin [curios]
[17:39:14] [REI-ReloadPlugins/DEBUG] [REI]  - (0.00) BackpackReiClientPlugin of BackpackReiClientPlugin [sophisticatedbackpacks]
[17:39:14] [REI-ReloadPlugins/DEBUG] [REI]  - (0.00) HideIngredientsFromTagsPlugin of HideIngredientsFromTagsPlugin [roughlyenoughitems]
[17:39:14] [REI-ReloadPlugins/DEBUG] [REI]  - (0.00) DefaultClientRuntimePlugin of DefaultClientRuntimePlugin [roughlyenoughitems]
[17:39:14] [REI-ReloadPlugins/DEBUG] [REI]  - (10000000.00) KubeJSREIPlugin of KubeJSREIPlugin [kubejs]
[17:39:14] [REI-ReloadPlugins/DEBUG] [REI] ========================================
[17:39:14] [REI-ReloadPlugins/TRACE] [REI] [REIClientPlugin END] Reloading Section: "post-register/"
[17:39:14] [REI-ReloadPlugins/TRACE] [REI] [REIClientPlugin END] Reloading Section: "post-register/DefaultClientPluginImpl of DefaultClientPluginImpl [roughlyenoughitems]/"
[17:39:14] [REI-ReloadPlugins/TRACE] [REI] [REIClientPlugin END] Reloading Section: "post-register/DefaultClientPluginImpl of DefaultClientPluginImpl [roughlyenoughitems]/" done in 14.73 μs
[17:39:14] [REI-ReloadPlugins/TRACE] [REI] [REIClientPlugin END] Reloading Section: "post-register/REIPlugin of REIPluginLoader [toms_storage]/"
[17:39:14] [REI-ReloadPlugins/TRACE] [REI] [REIClientPlugin END] Reloading Section: "post-register/REIPlugin of REIPluginLoader [toms_storage]/" done in 24.83 μs
[17:39:14] [REI-ReloadPlugins/TRACE] [REI] [REIClientPlugin END] Reloading Section: "post-register/StorageReiClientPlugin of StorageReiClientPlugin [sophisticatedstorage]/"
[17:39:14] [REI-ReloadPlugins/TRACE] [REI] [REIClientPlugin END] Reloading Section: "post-register/StorageReiClientPlugin of StorageReiClientPlugin [sophisticatedstorage]/" done in 10.80 μs
[17:39:14] [REI-ReloadPlugins/TRACE] [REI] [REIClientPlugin END] Reloading Section: "post-register/OwoReiPlugin of OwoReiPlugin [owo]/"
[17:39:14] [REI-ReloadPlugins/TRACE] [REI] [REIClientPlugin END] Reloading Section: "post-register/OwoReiPlugin of OwoReiPlugin [owo]/" done in 11.40 μs
[17:39:14] [REI-ReloadPlugins/TRACE] [REI] [REIClientPlugin END] Reloading Section: "post-register/CuriosReiPlugin of CuriosReiPlugin [curios]/"
[17:39:14] [REI-ReloadPlugins/TRACE] [REI] [REIClientPlugin END] Reloading Section: "post-register/CuriosReiPlugin of CuriosReiPlugin [curios]/" done in 13.82 μs
[17:39:14] [REI-ReloadPlugins/TRACE] [REI] [REIClientPlugin END] Reloading Section: "post-register/BackpackReiClientPlugin of BackpackReiClientPlugin [sophisticatedbackpacks]/"
[17:39:14] [REI-ReloadPlugins/TRACE] [REI] [REIClientPlugin END] Reloading Section: "post-register/BackpackReiClientPlugin of BackpackReiClientPlugin [sophisticatedbackpacks]/" done in 10.65 μs
[17:39:14] [REI-ReloadPlugins/TRACE] [REI] [REIClientPlugin END] Reloading Section: "post-register/HideIngredientsFromTagsPlugin of HideIngredientsFromTagsPlugin [roughlyenoughitems]/"
[17:39:14] [REI-ReloadPlugins/TRACE] [REI] [REIClientPlugin END] Reloading Section: "post-register/HideIngredientsFromTagsPlugin of HideIngredientsFromTagsPlugin [roughlyenoughitems]/" done in 10.76 μs
[17:39:14] [REI-ReloadPlugins/TRACE] [REI] [REIClientPlugin END] Reloading Section: "post-register/DefaultClientRuntimePlugin of DefaultClientRuntimePlugin [roughlyenoughitems]/"
[17:39:14] [REI-ReloadPlugins/TRACE] [REI] [REIClientPlugin END] Reloading Section: "post-register/DefaultClientRuntimePlugin of DefaultClientRuntimePlugin [roughlyenoughitems]/" done in 9.357 μs
[17:39:14] [REI-ReloadPlugins/TRACE] [REI] [REIClientPlugin END] Reloading Section: "post-register/KubeJSREIPlugin of KubeJSREIPlugin [kubejs]/"
[17:39:14] [REI-ReloadPlugins/TRACE] [REI] [REIClientPlugin END] Reloading Section: "post-register/KubeJSREIPlugin of KubeJSREIPlugin [kubejs]/" done in 12.19 μs
[17:39:14] [REI-ReloadPlugins/TRACE] [REI] [REIClientPlugin END] Reloading Section: "post-register/" done in 296.0 μs
[17:39:14] [REI-ReloadPlugins/TRACE] [REI] [REIClientPlugin END] Reloading Section: "post-stage/"
[17:39:14] [REI-ReloadPlugins/TRACE] [REI] [REIClientPlugin END] Reloading Section: "post-stage/EntryRendererRegistryImpl/"
[17:39:14] [REI-ReloadPlugins/TRACE] [REI] [REIClientPlugin END] Reloading Section: "post-stage/EntryRendererRegistryImpl/" done in 11.79 μs
[17:39:14] [REI-ReloadPlugins/TRACE] [REI] [REIClientPlugin END] Reloading Section: "post-stage/ViewsImpl/"
[17:39:14] [REI-ReloadPlugins/TRACE] [REI] [REIClientPlugin END] Reloading Section: "post-stage/ViewsImpl/" done in 10.17 μs
[17:39:14] [REI-ReloadPlugins/TRACE] [REI] [REIClientPlugin END] Reloading Section: "post-stage/InputMethodRegistryImpl/"
[17:39:14] [REI-ReloadPlugins/TRACE] [REI] [REIClientPlugin END] Reloading Section: "post-stage/InputMethodRegistryImpl/" done in 11.26 μs
[17:39:14] [REI-ReloadPlugins/TRACE] [REI] [REIClientPlugin END] Reloading Section: "post-stage/SearchProviderImpl/"
[17:39:14] [REI-ReloadPlugins/TRACE] [REI] [REIClientPlugin END] Reloading Section: "post-stage/SearchProviderImpl/" done in 10.20 μs
[17:39:14] [REI-ReloadPlugins/TRACE] [REI] [REIClientPlugin END] Reloading Section: "post-stage/ConfigManagerImpl/"
[17:39:14] [REI-ReloadPlugins/TRACE] [REI] [REIClientPlugin END] Reloading Section: "post-stage/ConfigManagerImpl/" done in 9.979 μs
[17:39:14] [REI-ReloadPlugins/TRACE] [REI] [REIClientPlugin END] Reloading Section: "post-stage/EntryRegistryImpl/"
[17:39:14] [REI-ReloadPlugins/TRACE] [REI] [REIClientPlugin END] Reloading Section: "post-stage/EntryRegistryImpl/" done in 11.25 μs
[17:39:14] [REI-ReloadPlugins/TRACE] [REI] [REIClientPlugin END] Reloading Section: "post-stage/CollapsibleEntryRegistryImpl/"
[17:39:14] [REI-ReloadPlugins/TRACE] [REI] [REIClientPlugin END] Reloading Section: "post-stage/CollapsibleEntryRegistryImpl/" done in 9.728 μs
[17:39:14] [REI-ReloadPlugins/TRACE] [REI] [REIClientPlugin END] Reloading Section: "post-stage/BasicFilteringRuleImpl/"
[17:39:14] [REI-ReloadPlugins/TRACE] [REI] [REIClientPlugin END] Reloading Section: "post-stage/BasicFilteringRuleImpl/" done in 9.818 μs
[17:39:14] [REI-ReloadPlugins/TRACE] [REI] [REIClientPlugin END] Reloading Section: "post-stage/CategoryRegistryImpl/"
[17:39:14] [REI-ReloadPlugins/TRACE] [REI] [REIClientPlugin END] Reloading Section: "post-stage/CategoryRegistryImpl/" done in 17.38 μs
[17:39:14] [REI-ReloadPlugins/TRACE] [REI] [REIClientPlugin END] Reloading Section: "post-stage/DisplayRegistryImpl/"
[17:39:14] [REI-ReloadPlugins/DEBUG] [REI] Registered displays report (11288 displays, 11288 cached / 0 not cached):
[17:39:14] [REI-ReloadPlugins/DEBUG] [REI] - minecraft:plugins/anvil: 4740 displays
[17:39:14] [REI-ReloadPlugins/DEBUG] [REI] - minecraft:plugins/beacon_base: 1 display
[17:39:14] [REI-ReloadPlugins/DEBUG] [REI] - minecraft:plugins/beacon_payment: 1 display
[17:39:14] [REI-ReloadPlugins/DEBUG] [REI] - minecraft:plugins/blasting: 45 displays
[17:39:14] [REI-ReloadPlugins/DEBUG] [REI] - minecraft:plugins/brewing: 464 displays
[17:39:14] [REI-ReloadPlugins/DEBUG] [REI] - minecraft:plugins/campfire: 11 displays
[17:39:14] [REI-ReloadPlugins/DEBUG] [REI] - minecraft:plugins/composting: 3 displays
[17:39:14] [REI-ReloadPlugins/DEBUG] [REI] - minecraft:plugins/crafting: 3075 displays
[17:39:14] [REI-ReloadPlugins/DEBUG] [REI] - minecraft:plugins/fuel: 334 displays
[17:39:14] [REI-ReloadPlugins/DEBUG] [REI] - minecraft:plugins/oxidation_scraping: 27 displays
[17:39:14] [REI-ReloadPlugins/DEBUG] [REI] - minecraft:plugins/oxidizing: 27 displays
[17:39:14] [REI-ReloadPlugins/DEBUG] [REI] - minecraft:plugins/pathing: 6 displays
[17:39:14] [REI-ReloadPlugins/DEBUG] [REI] - minecraft:plugins/smelting: 114 displays
[17:39:14] [REI-ReloadPlugins/DEBUG] [REI] - minecraft:plugins/smithing: 207 displays
[17:39:14] [REI-ReloadPlugins/DEBUG] [REI] - minecraft:plugins/smoking: 12 displays
[17:39:14] [REI-ReloadPlugins/DEBUG] [REI] - minecraft:plugins/stone_cutting: 764 displays
[17:39:14] [REI-ReloadPlugins/DEBUG] [REI] - minecraft:plugins/stripping: 21 displays
[17:39:14] [REI-ReloadPlugins/DEBUG] [REI] - minecraft:plugins/tag: 1364 displays
[17:39:14] [REI-ReloadPlugins/DEBUG] [REI] - minecraft:plugins/wax_scraping: 36 displays
[17:39:14] [REI-ReloadPlugins/DEBUG] [REI] - minecraft:plugins/waxing: 36 displays
[17:39:14] [REI-ReloadPlugins/TRACE] [REI] [REIClientPlugin END] Reloading Section: "post-stage/DisplayRegistryImpl/" done in 755.9 μs
[17:39:14] [REI-ReloadPlugins/TRACE] [REI] [REIClientPlugin END] Reloading Section: "post-stage/ScreenRegistryImpl/"
[17:39:14] [REI-ReloadPlugins/TRACE] [REI] [REIClientPlugin END] Reloading Section: "post-stage/ScreenRegistryImpl/" done in 8.405 μs
[17:39:14] [REI-ReloadPlugins/TRACE] [REI] [REIClientPlugin END] Reloading Section: "post-stage/FavoriteEntryTypeRegistryImpl/"
[17:39:14] [REI-ReloadPlugins/TRACE] [REI] [REIClientPlugin END] Reloading Section: "post-stage/FavoriteEntryTypeRegistryImpl/" done in 6.642 μs
[17:39:14] [REI-ReloadPlugins/TRACE] [REI] [REIClientPlugin END] Reloading Section: "post-stage/SubsetsRegistryImpl/"
[17:39:14] [REI-ReloadPlugins/TRACE] [REI] [REIClientPlugin END] Reloading Section: "post-stage/SubsetsRegistryImpl/" done in 7.273 μs
[17:39:14] [REI-ReloadPlugins/TRACE] [REI] [REIClientPlugin END] Reloading Section: "post-stage/TransferHandlerRegistryImpl/"
[17:39:14] [REI-ReloadPlugins/TRACE] [REI] [REIClientPlugin END] Reloading Section: "post-stage/TransferHandlerRegistryImpl/" done in 6.111 μs
[17:39:14] [REI-ReloadPlugins/TRACE] [REI] [REIClientPlugin END] Reloading Section: "post-stage/SearchRuntime/"
[17:39:14] [REI-ReloadPlugins/TRACE] [REI] [REIClientPlugin END] Reloading Section: "post-stage/SearchRuntime/" done in 6.041 μs
[17:39:14] [REI-ReloadPlugins/TRACE] [REI] [REIClientPlugin END] Reloading Section: "post-stage/REIRuntimeImpl/"
[17:39:14] [REI-ReloadPlugins/TRACE] [REI] [REIClientPlugin END] Reloading Section: "post-stage/REIRuntimeImpl/" done in 5.981 μs
[17:39:14] [REI-ReloadPlugins/TRACE] [REI] [REIClientPlugin END] Reloading Section: "post-stage/ConfigAddonRegistryImpl/"
[17:39:14] [REI-ReloadPlugins/TRACE] [REI] [REIClientPlugin END] Reloading Section: "post-stage/ConfigAddonRegistryImpl/" done in 6.001 μs
[17:39:14] [REI-ReloadPlugins/TRACE] [REI] [REIClientPlugin END] Reloading Section: "post-stage/me.shedaniel.rei.plugin.client.runtime.PluginStageExecutionWatcher$1/"
[17:39:14] [REI-ReloadPlugins/TRACE] [REI] [REIClientPlugin END] Reloading Section: "post-stage/me.shedaniel.rei.plugin.client.runtime.PluginStageExecutionWatcher$1/" done in 16.47 μs
[17:39:14] [REI-ReloadPlugins/TRACE] [REI] [REIClientPlugin END] Reloading Section: "post-stage/" done in 1.180 ms
[17:39:14] [REI-ReloadPlugins/DEBUG] [REI] ========================================
[17:39:14] [REI-ReloadPlugins/INFO] [REI] REIClientPlugin finished post-reload for END in 1.495 ms, totaling 1.274 s.
[17:39:14] [REI-ReloadPlugins/DEBUG] [REI] ========================================
[17:39:14] [REI-ReloadPlugins/DEBUG] [REI] ========================================
[17:39:14] [REI-ReloadPlugins/DEBUG] [REI] REIServerPlugin starting post-reload for END.
[17:39:14] [REI-ReloadPlugins/DEBUG] [REI] Reloadables (3):
[17:39:14] [REI-ReloadPlugins/DEBUG] [REI]  - MenuInfoRegistryImpl
[17:39:14] [REI-ReloadPlugins/DEBUG] [REI]  - SlotAccessorRegistryImpl
[17:39:14] [REI-ReloadPlugins/DEBUG] [REI]  - me.shedaniel.rei.plugin.client.runtime.PluginStageExecutionWatcher$1
[17:39:14] [REI-ReloadPlugins/DEBUG] [REI] Plugins (5):
[17:39:14] [REI-ReloadPlugins/DEBUG] [REI]  - (-100.00) DefaultPluginImpl of DefaultPluginImpl [roughlyenoughitems]
[17:39:14] [REI-ReloadPlugins/DEBUG] [REI]  - (0.00) StorageReiCommonPlugin of StorageReiCommonPlugin [sophisticatedstorage]
[17:39:14] [REI-ReloadPlugins/DEBUG] [REI]  - (0.00) BackpackReiCommonPlugin of BackpackReiCommonPlugin [sophisticatedbackpacks]
[17:39:14] [REI-ReloadPlugins/DEBUG] [REI]  - (0.00) CoreReiCommonPlugin of CoreReiCommonPlugin [sophisticatedcore]
[17:39:14] [REI-ReloadPlugins/DEBUG] [REI]  - (0.00) DefaultRuntimePlugin of DefaultRuntimePlugin [roughlyenoughitems]
[17:39:14] [REI-ReloadPlugins/DEBUG] [REI] ========================================
[17:39:14] [REI-ReloadPlugins/TRACE] [REI] [REIServerPlugin END] Reloading Section: "post-register/"
[17:39:14] [REI-ReloadPlugins/TRACE] [REI] [REIServerPlugin END] Reloading Section: "post-register/DefaultPluginImpl of DefaultPluginImpl [roughlyenoughitems]/"
[17:39:14] [REI-ReloadPlugins/TRACE] [REI] [REIServerPlugin END] Reloading Section: "post-register/DefaultPluginImpl of DefaultPluginImpl [roughlyenoughitems]/" done in 12.47 μs
[17:39:14] [REI-ReloadPlugins/TRACE] [REI] [REIServerPlugin END] Reloading Section: "post-register/StorageReiCommonPlugin of StorageReiCommonPlugin [sophisticatedstorage]/"
[17:39:14] [REI-ReloadPlugins/TRACE] [REI] [REIServerPlugin END] Reloading Section: "post-register/StorageReiCommonPlugin of StorageReiCommonPlugin [sophisticatedstorage]/" done in 9.537 μs
[17:39:14] [REI-ReloadPlugins/TRACE] [REI] [REIServerPlugin END] Reloading Section: "post-register/BackpackReiCommonPlugin of BackpackReiCommonPlugin [sophisticatedbackpacks]/"
[17:39:14] [REI-ReloadPlugins/TRACE] [REI] [REIServerPlugin END] Reloading Section: "post-register/BackpackReiCommonPlugin of BackpackReiCommonPlugin [sophisticatedbackpacks]/" done in 8.866 μs
[17:39:14] [REI-ReloadPlugins/TRACE] [REI] [REIServerPlugin END] Reloading Section: "post-register/CoreReiCommonPlugin of CoreReiCommonPlugin [sophisticatedcore]/"
[17:39:14] [REI-ReloadPlugins/TRACE] [REI] [REIServerPlugin END] Reloading Section: "post-register/CoreReiCommonPlugin of CoreReiCommonPlugin [sophisticatedcore]/" done in 6.572 μs
[17:39:14] [REI-ReloadPlugins/TRACE] [REI] [REIServerPlugin END] Reloading Section: "post-register/DefaultRuntimePlugin of DefaultRuntimePlugin [roughlyenoughitems]/"
[17:39:14] [REI-ReloadPlugins/TRACE] [REI] [REIServerPlugin END] Reloading Section: "post-register/DefaultRuntimePlugin of DefaultRuntimePlugin [roughlyenoughitems]/" done in 6.783 μs
[17:39:14] [REI-ReloadPlugins/TRACE] [REI] [REIServerPlugin END] Reloading Section: "post-register/" done in 106.6 μs
[17:39:14] [REI-ReloadPlugins/TRACE] [REI] [REIServerPlugin END] Reloading Section: "post-stage/"
[17:39:14] [REI-ReloadPlugins/TRACE] [REI] [REIServerPlugin END] Reloading Section: "post-stage/MenuInfoRegistryImpl/"
[17:39:14] [REI-ReloadPlugins/TRACE] [REI] [REIServerPlugin END] Reloading Section: "post-stage/MenuInfoRegistryImpl/" done in 11.51 μs
[17:39:14] [REI-ReloadPlugins/TRACE] [REI] [REIServerPlugin END] Reloading Section: "post-stage/SlotAccessorRegistryImpl/"
[17:39:14] [REI-ReloadPlugins/TRACE] [REI] [REIServerPlugin END] Reloading Section: "post-stage/SlotAccessorRegistryImpl/" done in 9.408 μs
[17:39:14] [REI-ReloadPlugins/TRACE] [REI] [REIServerPlugin END] Reloading Section: "post-stage/me.shedaniel.rei.plugin.client.runtime.PluginStageExecutionWatcher$1/"
[17:39:14] [REI-ReloadPlugins/TRACE] [REI] [REIServerPlugin END] Reloading Section: "post-stage/me.shedaniel.rei.plugin.client.runtime.PluginStageExecutionWatcher$1/" done in 10.48 μs
[17:39:14] [REI-ReloadPlugins/TRACE] [REI] [REIServerPlugin END] Reloading Section: "post-stage/" done in 82.13 μs
[17:39:14] [REI-ReloadPlugins/DEBUG] [REI] ========================================
[17:39:14] [REI-ReloadPlugins/INFO] [REI] REIServerPlugin finished post-reload for END in 202.6 μs, totaling 3.606 ms.
[17:39:14] [REI-ReloadPlugins/DEBUG] [REI] ========================================
[17:39:18] [Render thread/DEBUG] [REI] Created search filter with "" using Default
[17:39:18] [Render thread/DEBUG] [REI] Starting Search: "" with 4362 stacks, shouldAsync: true on Render thread
[17:39:18] [Render thread/DEBUG] [REI] Async Search: 11 partitions for ""
[17:39:18] [REI-AsyncSearchManager-1/TRACE] [REI] Search "" Used [Thread[#173,REI-AsyncSearchManager-1,10,main]]: 3.758 ms
[17:39:18] [REI-AsyncSearchManager-1/TRACE] [REI] Search "" Used and Applied [Thread[#173,REI-AsyncSearchManager-1,10,main]]: 15.23 ms
[17:39:23] [Render thread/DEBUG] [REI] Config saved
[17:39:23] [Render thread/DEBUG] [REI] Starting Search: "" with 4362 stacks, shouldAsync: true on Render thread
[17:39:23] [Render thread/DEBUG] [REI] Async Search: 11 partitions for ""
[17:39:23] [REI-AsyncSearchManager-2/TRACE] [REI] Search "" Used [Thread[#174,REI-AsyncSearchManager-2,10,main]]: 1.134 ms
[17:39:23] [REI-AsyncSearchManager-2/TRACE] [REI] Search "" Used and Applied [Thread[#174,REI-AsyncSearchManager-2,10,main]]: 7.091 ms
[17:39:25] [Render thread/DEBUG] [REI] Starting Search: "" with 4362 stacks, shouldAsync: true on Render thread
[17:39:25] [Render thread/DEBUG] [REI] Async Search: 11 partitions for ""
[17:39:25] [Render thread/DEBUG] [REI] Starting Search: "" with 4362 stacks, shouldAsync: true on Render thread
[17:39:25] [Render thread/DEBUG] [REI] Async Search: 11 partitions for ""
[17:39:25] [REI-AsyncSearchManager-1/TRACE] [REI] Search "" Used [Thread[#173,REI-AsyncSearchManager-1,10,main]]: 53.33 ms
[17:39:25] [REI-AsyncSearchManager-1/TRACE] [REI] Search "" Used and Applied [Thread[#173,REI-AsyncSearchManager-1,10,main]]: 53.44 ms
[17:39:26] [Render thread/DEBUG] [REI] Starting Search: "" with 4362 stacks, shouldAsync: true on Render thread
[17:39:26] [Render thread/DEBUG] [REI] Async Search: 11 partitions for ""
[17:39:26] [REI-AsyncSearchManager-1/TRACE] [REI] Search "" Used [Thread[#173,REI-AsyncSearchManager-1,10,main]]: 11.19 ms
[17:39:26] [REI-AsyncSearchManager-1/TRACE] [REI] Search "" Used and Applied [Thread[#173,REI-AsyncSearchManager-1,10,main]]: 11.27 ms
[17:39:26] [Render thread/DEBUG] [REI] Starting Search: "" with 4362 stacks, shouldAsync: true on Render thread
[17:39:26] [Render thread/DEBUG] [REI] Async Search: 11 partitions for ""
[17:39:26] [REI-AsyncSearchManager-1/TRACE] [REI] Search "" Used [Thread[#173,REI-AsyncSearchManager-1,10,main]]: 16.29 ms
[17:39:26] [REI-AsyncSearchManager-1/TRACE] [REI] Search "" Used and Applied [Thread[#173,REI-AsyncSearchManager-1,10,main]]: 16.46 ms
[17:39:26] [Render thread/DEBUG] [REI] Starting Search: "" with 4362 stacks, shouldAsync: true on Render thread
[17:39:26] [Render thread/DEBUG] [REI] Async Search: 11 partitions for ""
[17:39:26] [REI-AsyncSearchManager-2/TRACE] [REI] Search "" Used [Thread[#174,REI-AsyncSearchManager-2,10,main]]: 9.294 ms
[17:39:26] [REI-AsyncSearchManager-2/TRACE] [REI] Search "" Used and Applied [Thread[#174,REI-AsyncSearchManager-2,10,main]]: 9.368 ms
[17:39:27] [Render thread/DEBUG] [REI] Starting Search: "" with 4362 stacks, shouldAsync: true on Render thread
[17:39:27] [Render thread/DEBUG] [REI] Async Search: 11 partitions for ""
[17:39:27] [REI-AsyncSearchManager-0/TRACE] [REI] Search "" Used [Thread[#172,REI-AsyncSearchManager-0,10,main]]: 1.145 ms
[17:39:27] [REI-AsyncSearchManager-0/TRACE] [REI] Search "" Used and Applied [Thread[#172,REI-AsyncSearchManager-0,10,main]]: 6.984 ms
[17:39:28] [Render thread/DEBUG] [REI] Config saved
[17:39:29] [Render thread/DEBUG] [REI] Config saved
[17:39:30] [Render thread/DEBUG] [REI] Config saved
[17:39:30] [Render thread/DEBUG] [REI] Config saved
[17:39:31] [Render thread/DEBUG] [REI] Config saved
[17:39:31] [Render thread/DEBUG] [REI] Config saved
[17:39:55] [Render thread/DEBUG] [REI] Recollecting custom collapsible entry groups
[17:39:55] [Render thread/DEBUG] [REI] Registered 0 custom collapsible entry groups: 
[17:39:55] [Render thread/DEBUG] [REI] Config saved
[17:39:55] [Render thread/DEBUG] [REI] Refiltered rule [INSTANCE] in 665.7 μs.
[17:39:55] [Render thread/DEBUG] [REI] Refiltered rule [INSTANCE] in 902.3 μs.
[17:39:55] [Render thread/DEBUG] [REI] Refiltered rule [INSTANCE] in 1.060 ms.
[17:39:55] [Render thread/DEBUG] [REI] Refiltered 4363 entries with 3 rules in 7.108 ms.
[17:39:55] [Render thread/DEBUG] [REI] Computed existing filtered displays with 3 rules in 87.53 ms
[17:39:55] [Render thread/DEBUG] [REI] Starting Search: "" with 4362 stacks, shouldAsync: true on Render thread
[17:39:55] [Render thread/DEBUG] [REI] Async Search: 11 partitions for ""
[17:39:55] [REI-AsyncSearchManager-1/TRACE] [REI] Search "" Used [Thread[#173,REI-AsyncSearchManager-1,10,main]]: 1.078 ms
[17:39:55] [REI-AsyncSearchManager-1/TRACE] [REI] Search "" Used and Applied [Thread[#173,REI-AsyncSearchManager-1,10,main]]: 3.381 ms
[17:39:55] [Render thread/DEBUG] [REI] Starting Search: "" with 4362 stacks, shouldAsync: true on Render thread
[17:39:55] [Render thread/DEBUG] [REI] Async Search: 11 partitions for ""
[17:39:55] [REI-AsyncSearchManager-1/TRACE] [REI] Search "" Used [Thread[#173,REI-AsyncSearchManager-1,10,main]]: 474.9 μs
[17:39:55] [REI-AsyncSearchManager-1/TRACE] [REI] Search "" Used and Applied [Thread[#173,REI-AsyncSearchManager-1,10,main]]: 2.790 ms
[17:39:57] [Render thread/DEBUG] [REI] Created search filter with "g" using Default
[17:39:57] [Render thread/DEBUG] [REI] Starting Search: "g" with 4362 stacks, shouldAsync: true on Render thread
[17:39:57] [Render thread/DEBUG] [REI] Async Search: 11 partitions for "g"
[17:39:57] [REI-AsyncSearchManager-0/DEBUG] [REI] Preparing collapsed entry groups cache with 45 entries and 4363 stacks
[17:39:57] [REI-AsyncSearchManager-0/DEBUG] [REI] Prepared collapsed entry groups cache with 45 entries and 4363 stacks
[17:39:57] [REI-AsyncSearchManager-2/DEBUG] [REI] Error while testing filter
java.lang.RuntimeException: Failed to test search filter: "g" with stack [minecraft:item@malum:belt_of_the_prospector!1 malum:belt_of_the_prospector]
	at TRANSFORMER/roughlyenoughitems@16.0.799/me.shedaniel.rei.impl.client.search.SearchProviderImpl$SearchFilterImpl.test(SearchProviderImpl.java:80)
	at TRANSFORMER/roughlyenoughitems@16.0.799/me.shedaniel.rei.impl.client.search.AsyncSearchManager.test(AsyncSearchManager.java:202)
	at TRANSFORMER/roughlyenoughitems@16.0.799/me.shedaniel.rei.impl.client.search.AsyncSearchManager.lambda$get$3(AsyncSearchManager.java:154)
	at java.base/java.util.concurrent.CompletableFuture$AsyncSupply.run(CompletableFuture.java:1768)
	at java.base/java.util.concurrent.CompletableFuture$AsyncSupply.exec(CompletableFuture.java:1760)
	at java.base/java.util.concurrent.ForkJoinTask.doExec(ForkJoinTask.java:387)
	at java.base/java.util.concurrent.ForkJoinPool$WorkQueue.topLevelExec(ForkJoinPool.java:1312)
	at java.base/java.util.concurrent.ForkJoinPool.scan(ForkJoinPool.java:1843)
	at java.base/java.util.concurrent.ForkJoinPool.runWorker(ForkJoinPool.java:1808)
	at java.base/java.util.concurrent.ForkJoinWorkerThread.run(ForkJoinWorkerThread.java:188)
Caused by: java.lang.NullPointerException: Cannot invoke "net.minecraft.core.HolderLookup$Provider.holderOrThrow(net.minecraft.resources.ResourceKey)" because the return value of "net.minecraft.world.item.Item$TooltipContext.registries()" is null
	at TRANSFORMER/malum@1.8.2/com.sammy.malum.common.item.curiosities.curios.sets.prospector.CurioProspectorBelt.addExtraTooltipLines(CurioProspectorBelt.java:31)
	at TRANSFORMER/malum@1.8.2/com.sammy.malum.common.item.curiosities.curios.MalumCurioItem.getAttributesTooltip(MalumCurioItem.java:35)
	at TRANSFORMER/curios@9.5.1+1.21.1/top.theillusivec4.curios.common.capability.ItemizedCurioCapability.getAttributesTooltip(ItemizedCurioCapability.java:113)
	at TRANSFORMER/curios@9.5.1+1.21.1/top.theillusivec4.curios.client.ClientEventHandler.lambda$onAttributeTooltip$1(ClientEventHandler.java:99)
	at java.base/java.util.Optional.map(Optional.java:260)
	at TRANSFORMER/curios@9.5.1+1.21.1/top.theillusivec4.curios.client.ClientEventHandler.onAttributeTooltip(ClientEventHandler.java:99)
	at MC-BOOTSTRAP/net.neoforged.bus/net.neoforged.bus.EventBus.post(EventBus.java:360)
	at MC-BOOTSTRAP/net.neoforged.bus/net.neoforged.bus.EventBus.post(EventBus.java:328)
	at TRANSFORMER/neoforge@21.1.251/net.neoforged.neoforge.common.util.AttributeUtil.addAttributeTooltips(AttributeUtil.java:99)
	at TRANSFORMER/minecraft@1.21.1/net.minecraft.world.item.ItemStack.getTooltipLines(ItemStack.java:780)
	at TRANSFORMER/roughlyenoughitems@16.0.799/me.shedaniel.rei.plugin.client.entry.ItemEntryDefinition.tryGetItemStackToolTip(ItemEntryDefinition.java:235)
	at TRANSFORMER/roughlyenoughitems@16.0.799/me.shedaniel.rei.plugin.client.entry.ItemEntryDefinition$ItemEntryRenderer.getTooltip(ItemEntryDefinition.java:367)
	at TRANSFORMER/roughlyenoughitems@16.0.799/me.shedaniel.rei.impl.common.entry.AbstractEntryStack.getTooltip(AbstractEntryStack.java:196)
	at TRANSFORMER/roughlyenoughitems@16.0.799/me.shedaniel.rei.impl.client.search.argument.type.TooltipArgumentType.tryGetEntryStackTooltip(TooltipArgumentType.java:91)
	at TRANSFORMER/roughlyenoughitems@16.0.799/me.shedaniel.rei.impl.client.search.argument.type.TooltipArgumentType.cacheData(TooltipArgumentType.java:76)
	at TRANSFORMER/roughlyenoughitems@16.0.799/me.shedaniel.rei.impl.client.search.argument.type.TooltipArgumentType.cacheData(TooltipArgumentType.java:46)
	at TRANSFORMER/roughlyenoughitems@16.0.799/me.shedaniel.rei.impl.client.search.argument.Argument.matches(Argument.java:209)
	at TRANSFORMER/roughlyenoughitems@16.0.799/me.shedaniel.rei.impl.client.search.argument.Argument.matches(Argument.java:197)
	at TRANSFORMER/roughlyenoughitems@16.0.799/me.shedaniel.rei.impl.client.search.argument.Argument.matches(Argument.java:180)
	at TRANSFORMER/roughlyenoughitems@16.0.799/me.shedaniel.rei.impl.client.search.SearchProviderImpl$SearchFilterImpl.test(SearchProviderImpl.java:78)
	... 9 more
[17:39:57] [REI-AsyncSearchManager-2/TRACE] [REI] Search "g" Used [Thread[#174,REI-AsyncSearchManager-2,10,main]]: 56.08 ms
[17:39:57] [REI-AsyncSearchManager-2/TRACE] [REI] Search "g" Used and Applied [Thread[#174,REI-AsyncSearchManager-2,10,main]]: 57.12 ms
[17:39:57] [Render thread/DEBUG] [REI] Created search filter with "gr" using Default
[17:39:57] [Render thread/DEBUG] [REI] Starting Search: "gr" with 4362 stacks, shouldAsync: true on Render thread
[17:39:57] [Render thread/DEBUG] [REI] Async Search: 11 partitions for "gr"
[17:39:57] [REI-AsyncSearchManager-2/DEBUG] [REI] Error while testing filter
java.lang.RuntimeException: Failed to test search filter: "gr" with stack [minecraft:item@malum:belt_of_the_prospector!1 malum:belt_of_the_prospector]
	at TRANSFORMER/roughlyenoughitems@16.0.799/me.shedaniel.rei.impl.client.search.SearchProviderImpl$SearchFilterImpl.test(SearchProviderImpl.java:80)
	at TRANSFORMER/roughlyenoughitems@16.0.799/me.shedaniel.rei.impl.client.search.AsyncSearchManager.test(AsyncSearchManager.java:202)
	at TRANSFORMER/roughlyenoughitems@16.0.799/me.shedaniel.rei.impl.client.search.AsyncSearchManager.lambda$get$3(AsyncSearchManager.java:154)
	at java.base/java.util.concurrent.CompletableFuture$AsyncSupply.run(CompletableFuture.java:1768)
	at java.base/java.util.concurrent.CompletableFuture$AsyncSupply.exec(CompletableFuture.java:1760)
	at java.base/java.util.concurrent.ForkJoinTask.doExec(ForkJoinTask.java:387)
	at java.base/java.util.concurrent.ForkJoinPool$WorkQueue.topLevelExec(ForkJoinPool.java:1312)
	at java.base/java.util.concurrent.ForkJoinPool.scan(ForkJoinPool.java:1843)
	at java.base/java.util.concurrent.ForkJoinPool.runWorker(ForkJoinPool.java:1808)
	at java.base/java.util.concurrent.ForkJoinWorkerThread.run(ForkJoinWorkerThread.java:188)
Caused by: java.lang.NullPointerException: Cannot invoke "net.minecraft.core.HolderLookup$Provider.holderOrThrow(net.minecraft.resources.ResourceKey)" because the return value of "net.minecraft.world.item.Item$TooltipContext.registries()" is null
	at TRANSFORMER/malum@1.8.2/com.sammy.malum.common.item.curiosities.curios.sets.prospector.CurioProspectorBelt.addExtraTooltipLines(CurioProspectorBelt.java:31)
	at TRANSFORMER/malum@1.8.2/com.sammy.malum.common.item.curiosities.curios.MalumCurioItem.getAttributesTooltip(MalumCurioItem.java:35)
	at TRANSFORMER/curios@9.5.1+1.21.1/top.theillusivec4.curios.common.capability.ItemizedCurioCapability.getAttributesTooltip(ItemizedCurioCapability.java:113)
	at TRANSFORMER/curios@9.5.1+1.21.1/top.theillusivec4.curios.client.ClientEventHandler.lambda$onAttributeTooltip$1(ClientEventHandler.java:99)
	at java.base/java.util.Optional.map(Optional.java:260)
	at TRANSFORMER/curios@9.5.1+1.21.1/top.theillusivec4.curios.client.ClientEventHandler.onAttributeTooltip(ClientEventHandler.java:99)
	at MC-BOOTSTRAP/net.neoforged.bus/net.neoforged.bus.EventBus.post(EventBus.java:360)
	at MC-BOOTSTRAP/net.neoforged.bus/net.neoforged.bus.EventBus.post(EventBus.java:328)
	at TRANSFORMER/neoforge@21.1.251/net.neoforged.neoforge.common.util.AttributeUtil.addAttributeTooltips(AttributeUtil.java:99)
	at TRANSFORMER/minecraft@1.21.1/net.minecraft.world.item.ItemStack.getTooltipLines(ItemStack.java:780)
	at TRANSFORMER/roughlyenoughitems@16.0.799/me.shedaniel.rei.plugin.client.entry.ItemEntryDefinition.tryGetItemStackToolTip(ItemEntryDefinition.java:235)
	at TRANSFORMER/roughlyenoughitems@16.0.799/me.shedaniel.rei.plugin.client.entry.ItemEntryDefinition$ItemEntryRenderer.getTooltip(ItemEntryDefinition.java:367)
	at TRANSFORMER/roughlyenoughitems@16.0.799/me.shedaniel.rei.impl.common.entry.AbstractEntryStack.getTooltip(AbstractEntryStack.java:196)
	at TRANSFORMER/roughlyenoughitems@16.0.799/me.shedaniel.rei.impl.client.search.argument.type.TooltipArgumentType.tryGetEntryStackTooltip(TooltipArgumentType.java:91)
	at TRANSFORMER/roughlyenoughitems@16.0.799/me.shedaniel.rei.impl.client.search.argument.type.TooltipArgumentType.cacheData(TooltipArgumentType.java:76)
	at TRANSFORMER/roughlyenoughitems@16.0.799/me.shedaniel.rei.impl.client.search.argument.type.TooltipArgumentType.cacheData(TooltipArgumentType.java:46)
	at TRANSFORMER/roughlyenoughitems@16.0.799/me.shedaniel.rei.impl.client.search.argument.Argument.matches(Argument.java:209)
	at TRANSFORMER/roughlyenoughitems@16.0.799/me.shedaniel.rei.impl.client.search.argument.Argument.matches(Argument.java:197)
	at TRANSFORMER/roughlyenoughitems@16.0.799/me.shedaniel.rei.impl.client.search.argument.Argument.matches(Argument.java:180)
	at TRANSFORMER/roughlyenoughitems@16.0.799/me.shedaniel.rei.impl.client.search.SearchProviderImpl$SearchFilterImpl.test(SearchProviderImpl.java:78)
	... 9 more
[17:39:57] [REI-AsyncSearchManager-2/TRACE] [REI] Search "gr" Used [Thread[#174,REI-AsyncSearchManager-2,10,main]]: 6.259 ms
[17:39:57] [REI-AsyncSearchManager-2/TRACE] [REI] Search "gr" Used and Applied [Thread[#174,REI-AsyncSearchManager-2,10,main]]: 6.597 ms
[17:39:57] [Render thread/DEBUG] [REI] Created search filter with "gra" using Default
[17:39:57] [Render thread/DEBUG] [REI] Starting Search: "gra" with 4362 stacks, shouldAsync: true on Render thread
[17:39:57] [Render thread/DEBUG] [REI] Async Search: 11 partitions for "gra"
[17:39:58] [REI-AsyncSearchManager-1/DEBUG] [REI] Error while testing filter
java.lang.RuntimeException: Failed to test search filter: "gra" with stack [minecraft:item@malum:belt_of_the_prospector!1 malum:belt_of_the_prospector]
	at TRANSFORMER/roughlyenoughitems@16.0.799/me.shedaniel.rei.impl.client.search.SearchProviderImpl$SearchFilterImpl.test(SearchProviderImpl.java:80)
	at TRANSFORMER/roughlyenoughitems@16.0.799/me.shedaniel.rei.impl.client.search.AsyncSearchManager.test(AsyncSearchManager.java:202)
	at TRANSFORMER/roughlyenoughitems@16.0.799/me.shedaniel.rei.impl.client.search.AsyncSearchManager.lambda$get$3(AsyncSearchManager.java:154)
	at java.base/java.util.concurrent.CompletableFuture$AsyncSupply.run(CompletableFuture.java:1768)
	at java.base/java.util.concurrent.CompletableFuture$AsyncSupply.exec(CompletableFuture.java:1760)
	at java.base/java.util.concurrent.ForkJoinTask.doExec(ForkJoinTask.java:387)
	at java.base/java.util.concurrent.ForkJoinPool$WorkQueue.topLevelExec(ForkJoinPool.java:1312)
	at java.base/java.util.concurrent.ForkJoinPool.scan(ForkJoinPool.java:1843)
	at java.base/java.util.concurrent.ForkJoinPool.runWorker(ForkJoinPool.java:1808)
	at java.base/java.util.concurrent.ForkJoinWorkerThread.run(ForkJoinWorkerThread.java:188)
Caused by: java.lang.NullPointerException: Cannot invoke "net.minecraft.core.HolderLookup$Provider.holderOrThrow(net.minecraft.resources.ResourceKey)" because the return value of "net.minecraft.world.item.Item$TooltipContext.registries()" is null
	at TRANSFORMER/malum@1.8.2/com.sammy.malum.common.item.curiosities.curios.sets.prospector.CurioProspectorBelt.addExtraTooltipLines(CurioProspectorBelt.java:31)
	at TRANSFORMER/malum@1.8.2/com.sammy.malum.common.item.curiosities.curios.MalumCurioItem.getAttributesTooltip(MalumCurioItem.java:35)
	at TRANSFORMER/curios@9.5.1+1.21.1/top.theillusivec4.curios.common.capability.ItemizedCurioCapability.getAttributesTooltip(ItemizedCurioCapability.java:113)
	at TRANSFORMER/curios@9.5.1+1.21.1/top.theillusivec4.curios.client.ClientEventHandler.lambda$onAttributeTooltip$1(ClientEventHandler.java:99)
	at java.base/java.util.Optional.map(Optional.java:260)
	at TRANSFORMER/curios@9.5.1+1.21.1/top.theillusivec4.curios.client.ClientEventHandler.onAttributeTooltip(ClientEventHandler.java:99)
	at MC-BOOTSTRAP/net.neoforged.bus/net.neoforged.bus.EventBus.post(EventBus.java:360)
	at MC-BOOTSTRAP/net.neoforged.bus/net.neoforged.bus.EventBus.post(EventBus.java:328)
	at TRANSFORMER/neoforge@21.1.251/net.neoforged.neoforge.common.util.AttributeUtil.addAttributeTooltips(AttributeUtil.java:99)
	at TRANSFORMER/minecraft@1.21.1/net.minecraft.world.item.ItemStack.getTooltipLines(ItemStack.java:780)
	at TRANSFORMER/roughlyenoughitems@16.0.799/me.shedaniel.rei.plugin.client.entry.ItemEntryDefinition.tryGetItemStackToolTip(ItemEntryDefinition.java:235)
	at TRANSFORMER/roughlyenoughitems@16.0.799/me.shedaniel.rei.plugin.client.entry.ItemEntryDefinition$ItemEntryRenderer.getTooltip(ItemEntryDefinition.java:367)
	at TRANSFORMER/roughlyenoughitems@16.0.799/me.shedaniel.rei.impl.common.entry.AbstractEntryStack.getTooltip(AbstractEntryStack.java:196)
	at TRANSFORMER/roughlyenoughitems@16.0.799/me.shedaniel.rei.impl.client.search.argument.type.TooltipArgumentType.tryGetEntryStackTooltip(TooltipArgumentType.java:91)
	at TRANSFORMER/roughlyenoughitems@16.0.799/me.shedaniel.rei.impl.client.search.argument.type.TooltipArgumentType.cacheData(TooltipArgumentType.java:76)
	at TRANSFORMER/roughlyenoughitems@16.0.799/me.shedaniel.rei.impl.client.search.argument.type.TooltipArgumentType.cacheData(TooltipArgumentType.java:46)
	at TRANSFORMER/roughlyenoughitems@16.0.799/me.shedaniel.rei.impl.client.search.argument.Argument.matches(Argument.java:209)
	at TRANSFORMER/roughlyenoughitems@16.0.799/me.shedaniel.rei.impl.client.search.argument.Argument.matches(Argument.java:197)
	at TRANSFORMER/roughlyenoughitems@16.0.799/me.shedaniel.rei.impl.client.search.argument.Argument.matches(Argument.java:180)
	at TRANSFORMER/roughlyenoughitems@16.0.799/me.shedaniel.rei.impl.client.search.SearchProviderImpl$SearchFilterImpl.test(SearchProviderImpl.java:78)
	... 9 more
[17:39:58] [REI-AsyncSearchManager-1/TRACE] [REI] Search "gra" Used [Thread[#173,REI-AsyncSearchManager-1,10,main]]: 3.309 ms
[17:39:58] [REI-AsyncSearchManager-1/TRACE] [REI] Search "gra" Used and Applied [Thread[#173,REI-AsyncSearchManager-1,10,main]]: 3.457 ms
[17:39:58] [Render thread/DEBUG] [REI] Created search filter with "grav" using Default
[17:39:58] [Render thread/DEBUG] [REI] Starting Search: "grav" with 4362 stacks, shouldAsync: true on Render thread
[17:39:58] [Render thread/DEBUG] [REI] Async Search: 11 partitions for "grav"
[17:39:58] [REI-AsyncSearchManager-0/DEBUG] [REI] Error while testing filter
java.lang.RuntimeException: Failed to test search filter: "grav" with stack [minecraft:item@malum:belt_of_the_prospector!1 malum:belt_of_the_prospector]
	at TRANSFORMER/roughlyenoughitems@16.0.799/me.shedaniel.rei.impl.client.search.SearchProviderImpl$SearchFilterImpl.test(SearchProviderImpl.java:80)
	at TRANSFORMER/roughlyenoughitems@16.0.799/me.shedaniel.rei.impl.client.search.AsyncSearchManager.test(AsyncSearchManager.java:202)
	at TRANSFORMER/roughlyenoughitems@16.0.799/me.shedaniel.rei.impl.client.search.AsyncSearchManager.lambda$get$3(AsyncSearchManager.java:154)
	at java.base/java.util.concurrent.CompletableFuture$AsyncSupply.run(CompletableFuture.java:1768)
	at java.base/java.util.concurrent.CompletableFuture$AsyncSupply.exec(CompletableFuture.java:1760)
	at java.base/java.util.concurrent.ForkJoinTask.doExec(ForkJoinTask.java:387)
	at java.base/java.util.concurrent.ForkJoinPool$WorkQueue.topLevelExec(ForkJoinPool.java:1312)
	at java.base/java.util.concurrent.ForkJoinPool.scan(ForkJoinPool.java:1843)
	at java.base/java.util.concurrent.ForkJoinPool.runWorker(ForkJoinPool.java:1808)
	at java.base/java.util.concurrent.ForkJoinWorkerThread.run(ForkJoinWorkerThread.java:188)
Caused by: java.lang.NullPointerException: Cannot invoke "net.minecraft.core.HolderLookup$Provider.holderOrThrow(net.minecraft.resources.ResourceKey)" because the return value of "net.minecraft.world.item.Item$TooltipContext.registries()" is null
	at TRANSFORMER/malum@1.8.2/com.sammy.malum.common.item.curiosities.curios.sets.prospector.CurioProspectorBelt.addExtraTooltipLines(CurioProspectorBelt.java:31)
	at TRANSFORMER/malum@1.8.2/com.sammy.malum.common.item.curiosities.curios.MalumCurioItem.getAttributesTooltip(MalumCurioItem.java:35)
	at TRANSFORMER/curios@9.5.1+1.21.1/top.theillusivec4.curios.common.capability.ItemizedCurioCapability.getAttributesTooltip(ItemizedCurioCapability.java:113)
	at TRANSFORMER/curios@9.5.1+1.21.1/top.theillusivec4.curios.client.ClientEventHandler.lambda$onAttributeTooltip$1(ClientEventHandler.java:99)
	at java.base/java.util.Optional.map(Optional.java:260)
	at TRANSFORMER/curios@9.5.1+1.21.1/top.theillusivec4.curios.client.ClientEventHandler.onAttributeTooltip(ClientEventHandler.java:99)
	at MC-BOOTSTRAP/net.neoforged.bus/net.neoforged.bus.EventBus.post(EventBus.java:360)
	at MC-BOOTSTRAP/net.neoforged.bus/net.neoforged.bus.EventBus.post(EventBus.java:328)
	at TRANSFORMER/neoforge@21.1.251/net.neoforged.neoforge.common.util.AttributeUtil.addAttributeTooltips(AttributeUtil.java:99)
	at TRANSFORMER/minecraft@1.21.1/net.minecraft.world.item.ItemStack.getTooltipLines(ItemStack.java:780)
	at TRANSFORMER/roughlyenoughitems@16.0.799/me.shedaniel.rei.plugin.client.entry.ItemEntryDefinition.tryGetItemStackToolTip(ItemEntryDefinition.java:235)
	at TRANSFORMER/roughlyenoughitems@16.0.799/me.shedaniel.rei.plugin.client.entry.ItemEntryDefinition$ItemEntryRenderer.getTooltip(ItemEntryDefinition.java:367)
	at TRANSFORMER/roughlyenoughitems@16.0.799/me.shedaniel.rei.impl.common.entry.AbstractEntryStack.getTooltip(AbstractEntryStack.java:196)
	at TRANSFORMER/roughlyenoughitems@16.0.799/me.shedaniel.rei.impl.client.search.argument.type.TooltipArgumentType.tryGetEntryStackTooltip(TooltipArgumentType.java:91)
	at TRANSFORMER/roughlyenoughitems@16.0.799/me.shedaniel.rei.impl.client.search.argument.type.TooltipArgumentType.cacheData(TooltipArgumentType.java:76)
	at TRANSFORMER/roughlyenoughitems@16.0.799/me.shedaniel.rei.impl.client.search.argument.type.TooltipArgumentType.cacheData(TooltipArgumentType.java:46)
	at TRANSFORMER/roughlyenoughitems@16.0.799/me.shedaniel.rei.impl.client.search.argument.Argument.matches(Argument.java:209)
	at TRANSFORMER/roughlyenoughitems@16.0.799/me.shedaniel.rei.impl.client.search.argument.Argument.matches(Argument.java:197)
	at TRANSFORMER/roughlyenoughitems@16.0.799/me.shedaniel.rei.impl.client.search.argument.Argument.matches(Argument.java:180)
	at TRANSFORMER/roughlyenoughitems@16.0.799/me.shedaniel.rei.impl.client.search.SearchProviderImpl$SearchFilterImpl.test(SearchProviderImpl.java:78)
	... 9 more
[17:39:58] [REI-AsyncSearchManager-0/TRACE] [REI] Search "grav" Used [Thread[#172,REI-AsyncSearchManager-0,10,main]]: 4.055 ms
[17:39:58] [REI-AsyncSearchManager-0/TRACE] [REI] Search "grav" Used and Applied [Thread[#172,REI-AsyncSearchManager-0,10,main]]: 4.138 ms
[17:39:58] [Render thread/DEBUG] [REI] Created search filter with "grave" using Default
[17:39:58] [Render thread/DEBUG] [REI] Starting Search: "grave" with 4362 stacks, shouldAsync: true on Render thread
[17:39:58] [Render thread/DEBUG] [REI] Async Search: 11 partitions for "grave"
[17:39:58] [REI-AsyncSearchManager-1/DEBUG] [REI] Error while testing filter
java.lang.RuntimeException: Failed to test search filter: "grave" with stack [minecraft:item@malum:belt_of_the_prospector!1 malum:belt_of_the_prospector]
	at TRANSFORMER/roughlyenoughitems@16.0.799/me.shedaniel.rei.impl.client.search.SearchProviderImpl$SearchFilterImpl.test(SearchProviderImpl.java:80)
	at TRANSFORMER/roughlyenoughitems@16.0.799/me.shedaniel.rei.impl.client.search.AsyncSearchManager.test(AsyncSearchManager.java:202)
	at TRANSFORMER/roughlyenoughitems@16.0.799/me.shedaniel.rei.impl.client.search.AsyncSearchManager.lambda$get$3(AsyncSearchManager.java:154)
	at java.base/java.util.concurrent.CompletableFuture$AsyncSupply.run(CompletableFuture.java:1768)
	at java.base/java.util.concurrent.CompletableFuture$AsyncSupply.exec(CompletableFuture.java:1760)
	at java.base/java.util.concurrent.ForkJoinTask.doExec(ForkJoinTask.java:387)
	at java.base/java.util.concurrent.ForkJoinPool$WorkQueue.topLevelExec(ForkJoinPool.java:1312)
	at java.base/java.util.concurrent.ForkJoinPool.scan(ForkJoinPool.java:1843)
	at java.base/java.util.concurrent.ForkJoinPool.runWorker(ForkJoinPool.java:1808)
	at java.base/java.util.concurrent.ForkJoinWorkerThread.run(ForkJoinWorkerThread.java:188)
Caused by: java.lang.NullPointerException: Cannot invoke "net.minecraft.core.HolderLookup$Provider.holderOrThrow(net.minecraft.resources.ResourceKey)" because the return value of "net.minecraft.world.item.Item$TooltipContext.registries()" is null
	at TRANSFORMER/malum@1.8.2/com.sammy.malum.common.item.curiosities.curios.sets.prospector.CurioProspectorBelt.addExtraTooltipLines(CurioProspectorBelt.java:31)
	at TRANSFORMER/malum@1.8.2/com.sammy.malum.common.item.curiosities.curios.MalumCurioItem.getAttributesTooltip(MalumCurioItem.java:35)
	at TRANSFORMER/curios@9.5.1+1.21.1/top.theillusivec4.curios.common.capability.ItemizedCurioCapability.getAttributesTooltip(ItemizedCurioCapability.java:113)
	at TRANSFORMER/curios@9.5.1+1.21.1/top.theillusivec4.curios.client.ClientEventHandler.lambda$onAttributeTooltip$1(ClientEventHandler.java:99)
	at java.base/java.util.Optional.map(Optional.java:260)
	at TRANSFORMER/curios@9.5.1+1.21.1/top.theillusivec4.curios.client.ClientEventHandler.onAttributeTooltip(ClientEventHandler.java:99)
	at MC-BOOTSTRAP/net.neoforged.bus/net.neoforged.bus.EventBus.post(EventBus.java:360)
	at MC-BOOTSTRAP/net.neoforged.bus/net.neoforged.bus.EventBus.post(EventBus.java:328)
	at TRANSFORMER/neoforge@21.1.251/net.neoforged.neoforge.common.util.AttributeUtil.addAttributeTooltips(AttributeUtil.java:99)
	at TRANSFORMER/minecraft@1.21.1/net.minecraft.world.item.ItemStack.getTooltipLines(ItemStack.java:780)
	at TRANSFORMER/roughlyenoughitems@16.0.799/me.shedaniel.rei.plugin.client.entry.ItemEntryDefinition.tryGetItemStackToolTip(ItemEntryDefinition.java:235)
	at TRANSFORMER/roughlyenoughitems@16.0.799/me.shedaniel.rei.plugin.client.entry.ItemEntryDefinition$ItemEntryRenderer.getTooltip(ItemEntryDefinition.java:367)
	at TRANSFORMER/roughlyenoughitems@16.0.799/me.shedaniel.rei.impl.common.entry.AbstractEntryStack.getTooltip(AbstractEntryStack.java:196)
	at TRANSFORMER/roughlyenoughitems@16.0.799/me.shedaniel.rei.impl.client.search.argument.type.TooltipArgumentType.tryGetEntryStackTooltip(TooltipArgumentType.java:91)
	at TRANSFORMER/roughlyenoughitems@16.0.799/me.shedaniel.rei.impl.client.search.argument.type.TooltipArgumentType.cacheData(TooltipArgumentType.java:76)
	at TRANSFORMER/roughlyenoughitems@16.0.799/me.shedaniel.rei.impl.client.search.argument.type.TooltipArgumentType.cacheData(TooltipArgumentType.java:46)
	at TRANSFORMER/roughlyenoughitems@16.0.799/me.shedaniel.rei.impl.client.search.argument.Argument.matches(Argument.java:209)
	at TRANSFORMER/roughlyenoughitems@16.0.799/me.shedaniel.rei.impl.client.search.argument.Argument.matches(Argument.java:197)
	at TRANSFORMER/roughlyenoughitems@16.0.799/me.shedaniel.rei.impl.client.search.argument.Argument.matches(Argument.java:180)
	at TRANSFORMER/roughlyenoughitems@16.0.799/me.shedaniel.rei.impl.client.search.SearchProviderImpl$SearchFilterImpl.test(SearchProviderImpl.java:78)
	... 9 more
[17:39:58] [REI-AsyncSearchManager-1/TRACE] [REI] Search "grave" Used [Thread[#173,REI-AsyncSearchManager-1,10,main]]: 2.097 ms
[17:39:58] [REI-AsyncSearchManager-1/TRACE] [REI] Search "grave" Used and Applied [Thread[#173,REI-AsyncSearchManager-1,10,main]]: 2.161 ms
[17:40:03] [Render thread/DEBUG] [REI] Recollecting custom collapsible entry groups
[17:40:03] [Render thread/DEBUG] [REI] Registered 0 custom collapsible entry groups: 
[17:40:03] [Render thread/DEBUG] [REI] Config saved
[17:40:03] [Render thread/DEBUG] [REI] Refiltered rule [INSTANCE] in 261.3 μs.
[17:40:03] [Render thread/DEBUG] [REI] Refiltered rule [INSTANCE] in 510.8 μs.
[17:40:03] [Render thread/DEBUG] [REI] Refiltered rule [INSTANCE] in 633.6 μs.
[17:40:03] [Render thread/DEBUG] [REI] Refiltered 4363 entries with 3 rules in 3.508 ms.
[17:40:03] [Render thread/DEBUG] [REI] Computed existing filtered displays with 3 rules in 69.75 ms
[17:40:03] [Render thread/DEBUG] [REI] Starting Search: "grave" with 4362 stacks, shouldAsync: true on Render thread
[17:40:03] [Render thread/DEBUG] [REI] Async Search: 11 partitions for "grave"
[17:40:03] [REI-AsyncSearchManager-0/DEBUG] [REI] Error while testing filter
java.lang.RuntimeException: Failed to test search filter: "grave" with stack [minecraft:item@malum:belt_of_the_prospector!1 malum:belt_of_the_prospector]
	at TRANSFORMER/roughlyenoughitems@16.0.799/me.shedaniel.rei.impl.client.search.SearchProviderImpl$SearchFilterImpl.test(SearchProviderImpl.java:80)
	at TRANSFORMER/roughlyenoughitems@16.0.799/me.shedaniel.rei.impl.client.search.AsyncSearchManager.test(AsyncSearchManager.java:202)
	at TRANSFORMER/roughlyenoughitems@16.0.799/me.shedaniel.rei.impl.client.search.AsyncSearchManager.lambda$get$3(AsyncSearchManager.java:154)
	at java.base/java.util.concurrent.CompletableFuture$AsyncSupply.run(CompletableFuture.java:1768)
	at java.base/java.util.concurrent.CompletableFuture$AsyncSupply.exec(CompletableFuture.java:1760)
	at java.base/java.util.concurrent.ForkJoinTask.doExec(ForkJoinTask.java:387)
	at java.base/java.util.concurrent.ForkJoinPool$WorkQueue.topLevelExec(ForkJoinPool.java:1312)
	at java.base/java.util.concurrent.ForkJoinPool.scan(ForkJoinPool.java:1843)
	at java.base/java.util.concurrent.ForkJoinPool.runWorker(ForkJoinPool.java:1808)
	at java.base/java.util.concurrent.ForkJoinWorkerThread.run(ForkJoinWorkerThread.java:188)
Caused by: java.lang.NullPointerException: Cannot invoke "net.minecraft.core.HolderLookup$Provider.holderOrThrow(net.minecraft.resources.ResourceKey)" because the return value of "net.minecraft.world.item.Item$TooltipContext.registries()" is null
	at TRANSFORMER/malum@1.8.2/com.sammy.malum.common.item.curiosities.curios.sets.prospector.CurioProspectorBelt.addExtraTooltipLines(CurioProspectorBelt.java:31)
	at TRANSFORMER/malum@1.8.2/com.sammy.malum.common.item.curiosities.curios.MalumCurioItem.getAttributesTooltip(MalumCurioItem.java:35)
	at TRANSFORMER/curios@9.5.1+1.21.1/top.theillusivec4.curios.common.capability.ItemizedCurioCapability.getAttributesTooltip(ItemizedCurioCapability.java:113)
	at TRANSFORMER/curios@9.5.1+1.21.1/top.theillusivec4.curios.client.ClientEventHandler.lambda$onAttributeTooltip$1(ClientEventHandler.java:99)
	at java.base/java.util.Optional.map(Optional.java:260)
	at TRANSFORMER/curios@9.5.1+1.21.1/top.theillusivec4.curios.client.ClientEventHandler.onAttributeTooltip(ClientEventHandler.java:99)
	at MC-BOOTSTRAP/net.neoforged.bus/net.neoforged.bus.EventBus.post(EventBus.java:360)
	at MC-BOOTSTRAP/net.neoforged.bus/net.neoforged.bus.EventBus.post(EventBus.java:328)
	at TRANSFORMER/neoforge@21.1.251/net.neoforged.neoforge.common.util.AttributeUtil.addAttributeTooltips(AttributeUtil.java:99)
	at TRANSFORMER/minecraft@1.21.1/net.minecraft.world.item.ItemStack.getTooltipLines(ItemStack.java:780)
	at TRANSFORMER/roughlyenoughitems@16.0.799/me.shedaniel.rei.plugin.client.entry.ItemEntryDefinition.tryGetItemStackToolTip(ItemEntryDefinition.java:235)
	at TRANSFORMER/roughlyenoughitems@16.0.799/me.shedaniel.rei.plugin.client.entry.ItemEntryDefinition$ItemEntryRenderer.getTooltip(ItemEntryDefinition.java:367)
	at TRANSFORMER/roughlyenoughitems@16.0.799/me.shedaniel.rei.impl.common.entry.AbstractEntryStack.getTooltip(AbstractEntryStack.java:196)
	at TRANSFORMER/roughlyenoughitems@16.0.799/me.shedaniel.rei.impl.client.search.argument.type.TooltipArgumentType.tryGetEntryStackTooltip(TooltipArgumentType.java:91)
	at TRANSFORMER/roughlyenoughitems@16.0.799/me.shedaniel.rei.impl.client.search.argument.type.TooltipArgumentType.cacheData(TooltipArgumentType.java:76)
	at TRANSFORMER/roughlyenoughitems@16.0.799/me.shedaniel.rei.impl.client.search.argument.type.TooltipArgumentType.cacheData(TooltipArgumentType.java:46)
	at TRANSFORMER/roughlyenoughitems@16.0.799/me.shedaniel.rei.impl.client.search.argument.Argument.matches(Argument.java:209)
	at TRANSFORMER/roughlyenoughitems@16.0.799/me.shedaniel.rei.impl.client.search.argument.Argument.matches(Argument.java:197)
	at TRANSFORMER/roughlyenoughitems@16.0.799/me.shedaniel.rei.impl.client.search.argument.Argument.matches(Argument.java:180)
	at TRANSFORMER/roughlyenoughitems@16.0.799/me.shedaniel.rei.impl.client.search.SearchProviderImpl$SearchFilterImpl.test(SearchProviderImpl.java:78)
	... 9 more
[17:40:03] [REI-AsyncSearchManager-0/TRACE] [REI] Search "grave" Used [Thread[#172,REI-AsyncSearchManager-0,10,main]]: 2.576 ms
[17:40:03] [REI-AsyncSearchManager-0/TRACE] [REI] Search "grave" Used and Applied [Thread[#172,REI-AsyncSearchManager-0,10,main]]: 2.639 ms
[17:40:03] [Render thread/DEBUG] [REI] Starting Search: "grave" with 4362 stacks, shouldAsync: true on Render thread
[17:40:03] [Render thread/DEBUG] [REI] Async Search: 11 partitions for "grave"
[17:40:03] [REI-AsyncSearchManager-2/DEBUG] [REI] Error while testing filter
java.lang.RuntimeException: Failed to test search filter: "grave" with stack [minecraft:item@malum:belt_of_the_prospector!1 malum:belt_of_the_prospector]
	at TRANSFORMER/roughlyenoughitems@16.0.799/me.shedaniel.rei.impl.client.search.SearchProviderImpl$SearchFilterImpl.test(SearchProviderImpl.java:80)
	at TRANSFORMER/roughlyenoughitems@16.0.799/me.shedaniel.rei.impl.client.search.AsyncSearchManager.test(AsyncSearchManager.java:202)
	at TRANSFORMER/roughlyenoughitems@16.0.799/me.shedaniel.rei.impl.client.search.AsyncSearchManager.lambda$get$3(AsyncSearchManager.java:154)
	at java.base/java.util.concurrent.CompletableFuture$AsyncSupply.run(CompletableFuture.java:1768)
	at java.base/java.util.concurrent.CompletableFuture$AsyncSupply.exec(CompletableFuture.java:1760)
	at java.base/java.util.concurrent.ForkJoinTask.doExec(ForkJoinTask.java:387)
	at java.base/java.util.concurrent.ForkJoinPool$WorkQueue.topLevelExec(ForkJoinPool.java:1312)
	at java.base/java.util.concurrent.ForkJoinPool.scan(ForkJoinPool.java:1843)
	at java.base/java.util.concurrent.ForkJoinPool.runWorker(ForkJoinPool.java:1808)
	at java.base/java.util.concurrent.ForkJoinWorkerThread.run(ForkJoinWorkerThread.java:188)
Caused by: java.lang.NullPointerException: Cannot invoke "net.minecraft.core.HolderLookup$Provider.holderOrThrow(net.minecraft.resources.ResourceKey)" because the return value of "net.minecraft.world.item.Item$TooltipContext.registries()" is null
	at TRANSFORMER/malum@1.8.2/com.sammy.malum.common.item.curiosities.curios.sets.prospector.CurioProspectorBelt.addExtraTooltipLines(CurioProspectorBelt.java:31)
	at TRANSFORMER/malum@1.8.2/com.sammy.malum.common.item.curiosities.curios.MalumCurioItem.getAttributesTooltip(MalumCurioItem.java:35)
	at TRANSFORMER/curios@9.5.1+1.21.1/top.theillusivec4.curios.common.capability.ItemizedCurioCapability.getAttributesTooltip(ItemizedCurioCapability.java:113)
	at TRANSFORMER/curios@9.5.1+1.21.1/top.theillusivec4.curios.client.ClientEventHandler.lambda$onAttributeTooltip$1(ClientEventHandler.java:99)
	at java.base/java.util.Optional.map(Optional.java:260)
	at TRANSFORMER/curios@9.5.1+1.21.1/top.theillusivec4.curios.client.ClientEventHandler.onAttributeTooltip(ClientEventHandler.java:99)
	at MC-BOOTSTRAP/net.neoforged.bus/net.neoforged.bus.EventBus.post(EventBus.java:360)
	at MC-BOOTSTRAP/net.neoforged.bus/net.neoforged.bus.EventBus.post(EventBus.java:328)
	at TRANSFORMER/neoforge@21.1.251/net.neoforged.neoforge.common.util.AttributeUtil.addAttributeTooltips(AttributeUtil.java:99)
	at TRANSFORMER/minecraft@1.21.1/net.minecraft.world.item.ItemStack.getTooltipLines(ItemStack.java:780)
	at TRANSFORMER/roughlyenoughitems@16.0.799/me.shedaniel.rei.plugin.client.entry.ItemEntryDefinition.tryGetItemStackToolTip(ItemEntryDefinition.java:235)
	at TRANSFORMER/roughlyenoughitems@16.0.799/me.shedaniel.rei.plugin.client.entry.ItemEntryDefinition$ItemEntryRenderer.getTooltip(ItemEntryDefinition.java:367)
	at TRANSFORMER/roughlyenoughitems@16.0.799/me.shedaniel.rei.impl.common.entry.AbstractEntryStack.getTooltip(AbstractEntryStack.java:196)
	at TRANSFORMER/roughlyenoughitems@16.0.799/me.shedaniel.rei.impl.client.search.argument.type.TooltipArgumentType.tryGetEntryStackTooltip(TooltipArgumentType.java:91)
	at TRANSFORMER/roughlyenoughitems@16.0.799/me.shedaniel.rei.impl.client.search.argument.type.TooltipArgumentType.cacheData(TooltipArgumentType.java:76)
	at TRANSFORMER/roughlyenoughitems@16.0.799/me.shedaniel.rei.impl.client.search.argument.type.TooltipArgumentType.cacheData(TooltipArgumentType.java:46)
	at TRANSFORMER/roughlyenoughitems@16.0.799/me.shedaniel.rei.impl.client.search.argument.Argument.matches(Argument.java:209)
	at TRANSFORMER/roughlyenoughitems@16.0.799/me.shedaniel.rei.impl.client.search.argument.Argument.matches(Argument.java:197)
	at TRANSFORMER/roughlyenoughitems@16.0.799/me.shedaniel.rei.impl.client.search.argument.Argument.matches(Argument.java:180)
	at TRANSFORMER/roughlyenoughitems@16.0.799/me.shedaniel.rei.impl.client.search.SearchProviderImpl$SearchFilterImpl.test(SearchProviderImpl.java:78)
	... 9 more
[17:40:03] [REI-AsyncSearchManager-0/TRACE] [REI] Search "grave" Used [Thread[#172,REI-AsyncSearchManager-0,10,main]]: 2.158 ms
[17:40:03] [REI-AsyncSearchManager-0/TRACE] [REI] Search "grave" Used and Applied [Thread[#172,REI-AsyncSearchManager-0,10,main]]: 2.226 ms
[17:40:04] [Render thread/DEBUG] [REI] Config saved
[17:40:05] [Render thread/TRACE] [REI] Built Recipe View in 21.34 ms for 0 categories, 1 recipes for, 0 usages for and 5 live recipe generators.
[17:40:05] [Render thread/DEBUG] [REI] Config saved
[17:40:05] [Render thread/DEBUG] [REI] Starting Search: "grave" with 4362 stacks, shouldAsync: true on Render thread
[17:40:05] [Render thread/DEBUG] [REI] Async Search: 11 partitions for "grave"
[17:40:05] [REI-AsyncSearchManager-1/DEBUG] [REI] Error while testing filter
java.lang.RuntimeException: Failed to test search filter: "grave" with stack [minecraft:item@malum:belt_of_the_prospector!1 malum:belt_of_the_prospector]
	at TRANSFORMER/roughlyenoughitems@16.0.799/me.shedaniel.rei.impl.client.search.SearchProviderImpl$SearchFilterImpl.test(SearchProviderImpl.java:80)
	at TRANSFORMER/roughlyenoughitems@16.0.799/me.shedaniel.rei.impl.client.search.AsyncSearchManager.test(AsyncSearchManager.java:202)
	at TRANSFORMER/roughlyenoughitems@16.0.799/me.shedaniel.rei.impl.client.search.AsyncSearchManager.lambda$get$3(AsyncSearchManager.java:154)
	at java.base/java.util.concurrent.CompletableFuture$AsyncSupply.run(CompletableFuture.java:1768)
	at java.base/java.util.concurrent.CompletableFuture$AsyncSupply.exec(CompletableFuture.java:1760)
	at java.base/java.util.concurrent.ForkJoinTask.doExec(ForkJoinTask.java:387)
	at java.base/java.util.concurrent.ForkJoinPool$WorkQueue.topLevelExec(ForkJoinPool.java:1312)
	at java.base/java.util.concurrent.ForkJoinPool.scan(ForkJoinPool.java:1843)
	at java.base/java.util.concurrent.ForkJoinPool.runWorker(ForkJoinPool.java:1808)
	at java.base/java.util.concurrent.ForkJoinWorkerThread.run(ForkJoinWorkerThread.java:188)
Caused by: java.lang.NullPointerException: Cannot invoke "net.minecraft.core.HolderLookup$Provider.holderOrThrow(net.minecraft.resources.ResourceKey)" because the return value of "net.minecraft.world.item.Item$TooltipContext.registries()" is null
	at TRANSFORMER/malum@1.8.2/com.sammy.malum.common.item.curiosities.curios.sets.prospector.CurioProspectorBelt.addExtraTooltipLines(CurioProspectorBelt.java:31)
	at TRANSFORMER/malum@1.8.2/com.sammy.malum.common.item.curiosities.curios.MalumCurioItem.getAttributesTooltip(MalumCurioItem.java:35)
	at TRANSFORMER/curios@9.5.1+1.21.1/top.theillusivec4.curios.common.capability.ItemizedCurioCapability.getAttributesTooltip(ItemizedCurioCapability.java:113)
	at TRANSFORMER/curios@9.5.1+1.21.1/top.theillusivec4.curios.client.ClientEventHandler.lambda$onAttributeTooltip$1(ClientEventHandler.java:99)
	at java.base/java.util.Optional.map(Optional.java:260)
	at TRANSFORMER/curios@9.5.1+1.21.1/top.theillusivec4.curios.client.ClientEventHandler.onAttributeTooltip(ClientEventHandler.java:99)
	at MC-BOOTSTRAP/net.neoforged.bus/net.neoforged.bus.EventBus.post(EventBus.java:360)
	at MC-BOOTSTRAP/net.neoforged.bus/net.neoforged.bus.EventBus.post(EventBus.java:328)
	at TRANSFORMER/neoforge@21.1.251/net.neoforged.neoforge.common.util.AttributeUtil.addAttributeTooltips(AttributeUtil.java:99)
	at TRANSFORMER/minecraft@1.21.1/net.minecraft.world.item.ItemStack.getTooltipLines(ItemStack.java:780)
	at TRANSFORMER/roughlyenoughitems@16.0.799/me.shedaniel.rei.plugin.client.entry.ItemEntryDefinition.tryGetItemStackToolTip(ItemEntryDefinition.java:235)
	at TRANSFORMER/roughlyenoughitems@16.0.799/me.shedaniel.rei.plugin.client.entry.ItemEntryDefinition$ItemEntryRenderer.getTooltip(ItemEntryDefinition.java:367)
	at TRANSFORMER/roughlyenoughitems@16.0.799/me.shedaniel.rei.impl.common.entry.AbstractEntryStack.getTooltip(AbstractEntryStack.java:196)
	at TRANSFORMER/roughlyenoughitems@16.0.799/me.shedaniel.rei.impl.client.search.argument.type.TooltipArgumentType.tryGetEntryStackTooltip(TooltipArgumentType.java:91)
	at TRANSFORMER/roughlyenoughitems@16.0.799/me.shedaniel.rei.impl.client.search.argument.type.TooltipArgumentType.cacheData(TooltipArgumentType.java:76)
	at TRANSFORMER/roughlyenoughitems@16.0.799/me.shedaniel.rei.impl.client.search.argument.type.TooltipArgumentType.cacheData(TooltipArgumentType.java:46)
	at TRANSFORMER/roughlyenoughitems@16.0.799/me.shedaniel.rei.impl.client.search.argument.Argument.matches(Argument.java:209)
	at TRANSFORMER/roughlyenoughitems@16.0.799/me.shedaniel.rei.impl.client.search.argument.Argument.matches(Argument.java:197)
	at TRANSFORMER/roughlyenoughitems@16.0.799/me.shedaniel.rei.impl.client.search.argument.Argument.matches(Argument.java:180)
	at TRANSFORMER/roughlyenoughitems@16.0.799/me.shedaniel.rei.impl.client.search.SearchProviderImpl$SearchFilterImpl.test(SearchProviderImpl.java:78)
	... 9 more
[17:40:05] [REI-AsyncSearchManager-1/TRACE] [REI] Search "grave" Used [Thread[#173,REI-AsyncSearchManager-1,10,main]]: 2.168 ms
[17:40:05] [REI-AsyncSearchManager-1/TRACE] [REI] Search "grave" Used and Applied [Thread[#173,REI-AsyncSearchManager-1,10,main]]: 2.240 ms
[17:40:08] [Render thread/TRACE] [REI] Built Recipe View in 11.07 ms for 0 categories, 1 recipes for, 0 usages for and 5 live recipe generators.
[17:40:09] [Render thread/TRACE] [REI] Built Recipe View in 9.662 ms for 0 categories, 1 recipes for, 0 usages for and 5 live recipe generators.
[17:40:09] [Render thread/DEBUG] [REI] Starting Search: "grave" with 4362 stacks, shouldAsync: true on Render thread
[17:40:09] [Render thread/DEBUG] [REI] Async Search: 11 partitions for "grave"
[17:40:09] [REI-AsyncSearchManager-2/DEBUG] [REI] Error while testing filter
java.lang.RuntimeException: Failed to test search filter: "grave" with stack [minecraft:item@malum:belt_of_the_prospector!1 malum:belt_of_the_prospector]
	at TRANSFORMER/roughlyenoughitems@16.0.799/me.shedaniel.rei.impl.client.search.SearchProviderImpl$SearchFilterImpl.test(SearchProviderImpl.java:80)
	at TRANSFORMER/roughlyenoughitems@16.0.799/me.shedaniel.rei.impl.client.search.AsyncSearchManager.test(AsyncSearchManager.java:202)
	at TRANSFORMER/roughlyenoughitems@16.0.799/me.shedaniel.rei.impl.client.search.AsyncSearchManager.lambda$get$3(AsyncSearchManager.java:154)
	at java.base/java.util.concurrent.CompletableFuture$AsyncSupply.run(CompletableFuture.java:1768)
	at java.base/java.util.concurrent.CompletableFuture$AsyncSupply.exec(CompletableFuture.java:1760)
	at java.base/java.util.concurrent.ForkJoinTask.doExec(ForkJoinTask.java:387)
	at java.base/java.util.concurrent.ForkJoinPool$WorkQueue.topLevelExec(ForkJoinPool.java:1312)
	at java.base/java.util.concurrent.ForkJoinPool.scan(ForkJoinPool.java:1843)
	at java.base/java.util.concurrent.ForkJoinPool.runWorker(ForkJoinPool.java:1808)
	at java.base/java.util.concurrent.ForkJoinWorkerThread.run(ForkJoinWorkerThread.java:188)
Caused by: java.lang.NullPointerException: Cannot invoke "net.minecraft.core.HolderLookup$Provider.holderOrThrow(net.minecraft.resources.ResourceKey)" because the return value of "net.minecraft.world.item.Item$TooltipContext.registries()" is null
	at TRANSFORMER/malum@1.8.2/com.sammy.malum.common.item.curiosities.curios.sets.prospector.CurioProspectorBelt.addExtraTooltipLines(CurioProspectorBelt.java:31)
	at TRANSFORMER/malum@1.8.2/com.sammy.malum.common.item.curiosities.curios.MalumCurioItem.getAttributesTooltip(MalumCurioItem.java:35)
	at TRANSFORMER/curios@9.5.1+1.21.1/top.theillusivec4.curios.common.capability.ItemizedCurioCapability.getAttributesTooltip(ItemizedCurioCapability.java:113)
	at TRANSFORMER/curios@9.5.1+1.21.1/top.theillusivec4.curios.client.ClientEventHandler.lambda$onAttributeTooltip$1(ClientEventHandler.java:99)
	at java.base/java.util.Optional.map(Optional.java:260)
	at TRANSFORMER/curios@9.5.1+1.21.1/top.theillusivec4.curios.client.ClientEventHandler.onAttributeTooltip(ClientEventHandler.java:99)
	at MC-BOOTSTRAP/net.neoforged.bus/net.neoforged.bus.EventBus.post(EventBus.java:360)
	at MC-BOOTSTRAP/net.neoforged.bus/net.neoforged.bus.EventBus.post(EventBus.java:328)
	at TRANSFORMER/neoforge@21.1.251/net.neoforged.neoforge.common.util.AttributeUtil.addAttributeTooltips(AttributeUtil.java:99)
	at TRANSFORMER/minecraft@1.21.1/net.minecraft.world.item.ItemStack.getTooltipLines(ItemStack.java:780)
	at TRANSFORMER/roughlyenoughitems@16.0.799/me.shedaniel.rei.plugin.client.entry.ItemEntryDefinition.tryGetItemStackToolTip(ItemEntryDefinition.java:235)
	at TRANSFORMER/roughlyenoughitems@16.0.799/me.shedaniel.rei.plugin.client.entry.ItemEntryDefinition$ItemEntryRenderer.getTooltip(ItemEntryDefinition.java:367)
	at TRANSFORMER/roughlyenoughitems@16.0.799/me.shedaniel.rei.impl.common.entry.AbstractEntryStack.getTooltip(AbstractEntryStack.java:196)
	at TRANSFORMER/roughlyenoughitems@16.0.799/me.shedaniel.rei.impl.client.search.argument.type.TooltipArgumentType.tryGetEntryStackTooltip(TooltipArgumentType.java:91)
	at TRANSFORMER/roughlyenoughitems@16.0.799/me.shedaniel.rei.impl.client.search.argument.type.TooltipArgumentType.cacheData(TooltipArgumentType.java:76)
	at TRANSFORMER/roughlyenoughitems@16.0.799/me.shedaniel.rei.impl.client.search.argument.type.TooltipArgumentType.cacheData(TooltipArgumentType.java:46)
	at TRANSFORMER/roughlyenoughitems@16.0.799/me.shedaniel.rei.impl.client.search.argument.Argument.matches(Argument.java:209)
	at TRANSFORMER/roughlyenoughitems@16.0.799/me.shedaniel.rei.impl.client.search.argument.Argument.matches(Argument.java:197)
	at TRANSFORMER/roughlyenoughitems@16.0.799/me.shedaniel.rei.impl.client.search.argument.Argument.matches(Argument.java:180)
	at TRANSFORMER/roughlyenoughitems@16.0.799/me.shedaniel.rei.impl.client.search.SearchProviderImpl$SearchFilterImpl.test(SearchProviderImpl.java:78)
	... 9 more
[17:40:09] [REI-AsyncSearchManager-2/TRACE] [REI] Search "grave" Used [Thread[#174,REI-AsyncSearchManager-2,10,main]]: 2.373 ms
[17:40:09] [REI-AsyncSearchManager-2/TRACE] [REI] Search "grave" Used and Applied [Thread[#174,REI-AsyncSearchManager-2,10,main]]: 2.460 ms
[17:40:11] [Render thread/DEBUG] [REI] Created search filter with "" using Default
[17:40:11] [Render thread/DEBUG] [REI] Starting Search: "" with 4362 stacks, shouldAsync: true on Render thread
[17:40:11] [Render thread/DEBUG] [REI] Async Search: 11 partitions for ""
[17:40:11] [REI-AsyncSearchManager-1/TRACE] [REI] Search "" Used [Thread[#173,REI-AsyncSearchManager-1,10,main]]: 666.0 μs
[17:40:11] [REI-AsyncSearchManager-1/TRACE] [REI] Search "" Used and Applied [Thread[#173,REI-AsyncSearchManager-1,10,main]]: 2.351 ms
[17:40:12] [Render thread/TRACE] [REI] Built Recipe View in 9.640 ms for 0 categories, 1 recipes for, 0 usages for and 5 live recipe generators.
[17:40:12] [Render thread/DEBUG] [REI] Starting Search: "" with 4362 stacks, shouldAsync: true on Render thread
[17:40:12] [Render thread/DEBUG] [REI] Async Search: 11 partitions for ""
[17:40:12] [REI-AsyncSearchManager-1/TRACE] [REI] Search "" Used [Thread[#173,REI-AsyncSearchManager-1,10,main]]: 538.7 μs
[17:40:12] [REI-AsyncSearchManager-1/TRACE] [REI] Search "" Used and Applied [Thread[#173,REI-AsyncSearchManager-1,10,main]]: 2.748 ms
[17:40:15] [Render thread/DEBUG] [REI] Starting Search: "" with 4362 stacks, shouldAsync: true on Render thread
[17:40:15] [Render thread/DEBUG] [REI] Async Search: 11 partitions for ""
[17:40:15] [REI-AsyncSearchManager-2/TRACE] [REI] Search "" Used [Thread[#174,REI-AsyncSearchManager-2,10,main]]: 606.8 μs
[17:40:15] [REI-AsyncSearchManager-2/TRACE] [REI] Search "" Used and Applied [Thread[#174,REI-AsyncSearchManager-2,10,main]]: 2.798 ms
[17:40:24] [Render thread/DEBUG] [REI] Starting Search: "" with 4362 stacks, shouldAsync: true on Render thread
[17:40:24] [Render thread/DEBUG] [REI] Async Search: 11 partitions for ""
[17:40:24] [REI-AsyncSearchManager-1/TRACE] [REI] Search "" Used [Thread[#173,REI-AsyncSearchManager-1,10,main]]: 1.066 ms
[17:40:24] [REI-AsyncSearchManager-1/TRACE] [REI] Search "" Used and Applied [Thread[#173,REI-AsyncSearchManager-1,10,main]]: 2.930 ms
[17:40:27] [Render thread/DEBUG] [REI] Player quit, clearing reload tasks!
[17:40:27] [Render thread/DEBUG] [REI] Did not fulfill the request of termination of REI reload tasks because there are no uninterrupted running tasks. This is not an error.
